county,precinct,office,district,party,candidate,votes,early_voting,election_day,provisional
Morris,Precinct 101,REGISTERED VOTERS - TOTAL,,,REGISTERED VOTERS - TOTAL,771,,,
Morris,Precinct 102,REGISTERED VOTERS - TOTAL,,,REGISTERED VOTERS - TOTAL,442,,,
Morris,Precinct 103,REGISTERED VOTERS - TOTAL,,,REGISTERED VOTERS - TOTAL,647,,,
Morris,Precinct 202,REGISTERED VOTERS - TOTAL,,,REGISTERED VOTERS - TOTAL,1013,,,
Morris,Precinct 203,REGISTERED VOTERS - TOTAL,,,REGISTERED VOTERS - TOTAL,1107,,,
Morris,Precinct 302,REGISTERED VOTERS - TOTAL,,,REGISTERED VOTERS - TOTAL,1160,,,
Morris,Precinct 303,REGISTERED VOTERS - TOTAL,,,REGISTERED VOTERS - TOTAL,1171,,,
Morris,Precinct 401,REGISTERED VOTERS - TOTAL,,,REGISTERED VOTERS - TOTAL,2099,,,
Morris,Precinct 101,BALLOTS CAST - TOTAL,,,BALLOTS CAST - TOTAL,168,,,
Morris,Precinct 102,BALLOTS CAST - TOTAL,,,BALLOTS CAST - TOTAL,89,,,
Morris,Precinct 103,BALLOTS CAST - TOTAL,,,BALLOTS CAST - TOTAL,123,,,
Morris,Precinct 202,BALLOTS CAST - TOTAL,,,BALLOTS CAST - TOTAL,354,,,
Morris,Precinct 203,BALLOTS CAST - TOTAL,,,BALLOTS CAST - TOTAL,224,,,
Morris,Precinct 302,BALLOTS CAST - TOTAL,,,BALLOTS CAST - TOTAL,161,,,
Morris,Precinct 303,BALLOTS CAST - TOTAL,,,BALLOTS CAST - TOTAL,161,,,
Morris,Precinct 401,BALLOTS CAST - TOTAL,,,BALLOTS CAST - TOTAL,578,,,
Morris,Precinct 101,BALLOTS CAST - REPUBLICAN PARTY,,REP,BALLOTS CAST - REPUBLICAN PARTY,24,,,
Morris,Precinct 102,BALLOTS CAST - REPUBLICAN PARTY,,REP,BALLOTS CAST - REPUBLICAN PARTY,11,,,
Morris,Precinct 103,BALLOTS CAST - REPUBLICAN PARTY,,REP,BALLOTS CAST - REPUBLICAN PARTY,38,,,
Morris,Precinct 202,BALLOTS CAST - REPUBLICAN PARTY,,REP,BALLOTS CAST - REPUBLICAN PARTY,57,,,
Morris,Precinct 203,BALLOTS CAST - REPUBLICAN PARTY,,REP,BALLOTS CAST - REPUBLICAN PARTY,84,,,
Morris,Precinct 302,BALLOTS CAST - REPUBLICAN PARTY,,REP,BALLOTS CAST - REPUBLICAN PARTY,64,,,
Morris,Precinct 303,BALLOTS CAST - REPUBLICAN PARTY,,REP,BALLOTS CAST - REPUBLICAN PARTY,82,,,
Morris,Precinct 401,BALLOTS CAST - REPUBLICAN PARTY,,REP,BALLOTS CAST - REPUBLICAN PARTY,299,,,
Morris,Precinct 101,BALLOTS CAST - DEMOCRATIC PARTY,,DEM,BALLOTS CAST - DEMOCRATIC PARTY,144,,,
Morris,Precinct 102,BALLOTS CAST - DEMOCRATIC PARTY,,DEM,BALLOTS CAST - DEMOCRATIC PARTY,78,,,
Morris,Precinct 103,BALLOTS CAST - DEMOCRATIC PARTY,,DEM,BALLOTS CAST - DEMOCRATIC PARTY,85,,,
Morris,Precinct 202,BALLOTS CAST - DEMOCRATIC PARTY,,DEM,BALLOTS CAST - DEMOCRATIC PARTY,297,,,
Morris,Precinct 203,BALLOTS CAST - DEMOCRATIC PARTY,,DEM,BALLOTS CAST - DEMOCRATIC PARTY,140,,,
Morris,Precinct 302,BALLOTS CAST - DEMOCRATIC PARTY,,DEM,BALLOTS CAST - DEMOCRATIC PARTY,97,,,
Morris,Precinct 303,BALLOTS CAST - DEMOCRATIC PARTY,,DEM,BALLOTS CAST - DEMOCRATIC PARTY,79,,,
Morris,Precinct 401,BALLOTS CAST - DEMOCRATIC PARTY,,DEM,BALLOTS CAST - DEMOCRATIC PARTY,279,,,
Morris,Precinct 101,United States Senator,,REP,Steve Stockman,8,,,
Morris,Precinct 102,United States Senator,,REP,Steve Stockman,2,,,
Morris,Precinct 103,United States Senator,,REP,Steve Stockman,13,,,
Morris,Precinct 202,United States Senator,,REP,Steve Stockman,9,,,
Morris,Precinct 203,United States Senator,,REP,Steve Stockman,13,,,
Morris,Precinct 302,United States Senator,,REP,Steve Stockman,10,,,
Morris,Precinct 303,United States Senator,,REP,Steve Stockman,14,,,
Morris,Precinct 401,United States Senator,,REP,Steve Stockman,40,,,
Morris,Precinct 101,United States Senator,,REP,Ken Cope,1,,,
Morris,Precinct 102,United States Senator,,REP,Ken Cope,0,,,
Morris,Precinct 103,United States Senator,,REP,Ken Cope,0,,,
Morris,Precinct 202,United States Senator,,REP,Ken Cope,0,,,
Morris,Precinct 203,United States Senator,,REP,Ken Cope,1,,,
Morris,Precinct 302,United States Senator,,REP,Ken Cope,2,,,
Morris,Precinct 303,United States Senator,,REP,Ken Cope,2,,,
Morris,Precinct 401,United States Senator,,REP,Ken Cope,19,,,
Morris,Precinct 101,United States Senator,,REP,Linda Vega,1,,,
Morris,Precinct 102,United States Senator,,REP,Linda Vega,0,,,
Morris,Precinct 103,United States Senator,,REP,Linda Vega,0,,,
Morris,Precinct 202,United States Senator,,REP,Linda Vega,2,,,
Morris,Precinct 203,United States Senator,,REP,Linda Vega,1,,,
Morris,Precinct 302,United States Senator,,REP,Linda Vega,4,,,
Morris,Precinct 303,United States Senator,,REP,Linda Vega,4,,,
Morris,Precinct 401,United States Senator,,REP,Linda Vega,11,,,
Morris,Precinct 101,United States Senator,,REP,Reid Reasor,0,,,
Morris,Precinct 102,United States Senator,,REP,Reid Reasor,0,,,
Morris,Precinct 103,United States Senator,,REP,Reid Reasor,0,,,
Morris,Precinct 202,United States Senator,,REP,Reid Reasor,0,,,
Morris,Precinct 203,United States Senator,,REP,Reid Reasor,1,,,
Morris,Precinct 302,United States Senator,,REP,Reid Reasor,1,,,
Morris,Precinct 303,United States Senator,,REP,Reid Reasor,4,,,
Morris,Precinct 401,United States Senator,,REP,Reid Reasor,3,,,
Morris,Precinct 101,United States Senator,,REP,Curt Cleaver,0,,,
Morris,Precinct 102,United States Senator,,REP,Curt Cleaver,0,,,
Morris,Precinct 103,United States Senator,,REP,Curt Cleaver,1,,,
Morris,Precinct 202,United States Senator,,REP,Curt Cleaver,0,,,
Morris,Precinct 203,United States Senator,,REP,Curt Cleaver,0,,,
Morris,Precinct 302,United States Senator,,REP,Curt Cleaver,0,,,
Morris,Precinct 303,United States Senator,,REP,Curt Cleaver,1,,,
Morris,Precinct 401,United States Senator,,REP,Curt Cleaver,1,,,
Morris,Precinct 101,United States Senator,,REP,Chris Mapp,1,,,
Morris,Precinct 102,United States Senator,,REP,Chris Mapp,0,,,
Morris,Precinct 103,United States Senator,,REP,Chris Mapp,1,,,
Morris,Precinct 202,United States Senator,,REP,Chris Mapp,0,,,
Morris,Precinct 203,United States Senator,,REP,Chris Mapp,0,,,
Morris,Precinct 302,United States Senator,,REP,Chris Mapp,1,,,
Morris,Precinct 303,United States Senator,,REP,Chris Mapp,2,,,
Morris,Precinct 401,United States Senator,,REP,Chris Mapp,6,,,
Morris,Precinct 101,United States Senator,,REP,Dwayne Stovall,3,,,
Morris,Precinct 102,United States Senator,,REP,Dwayne Stovall,2,,,
Morris,Precinct 103,United States Senator,,REP,Dwayne Stovall,2,,,
Morris,Precinct 202,United States Senator,,REP,Dwayne Stovall,10,,,
Morris,Precinct 203,United States Senator,,REP,Dwayne Stovall,13,,,
Morris,Precinct 302,United States Senator,,REP,Dwayne Stovall,4,,,
Morris,Precinct 303,United States Senator,,REP,Dwayne Stovall,3,,,
Morris,Precinct 401,United States Senator,,REP,Dwayne Stovall,21,,,
Morris,Precinct 101,United States Senator,,REP,John Cornyn,10,,,
Morris,Precinct 102,United States Senator,,REP,John Cornyn,7,,,
Morris,Precinct 103,United States Senator,,REP,John Cornyn,21,,,
Morris,Precinct 202,United States Senator,,REP,John Cornyn,36,,,
Morris,Precinct 203,United States Senator,,REP,John Cornyn,49,,,
Morris,Precinct 302,United States Senator,,REP,John Cornyn,39,,,
Morris,Precinct 303,United States Senator,,REP,John Cornyn,48,,,
Morris,Precinct 401,United States Senator,,REP,John Cornyn,154,,,
Morris,Precinct 101,"US Representative, District 4",,REP,John Stacy,3,,,
Morris,Precinct 102,"US Representative, District 4",,REP,John Stacy,2,,,
Morris,Precinct 103,"US Representative, District 4",,REP,John Stacy,1,,,
Morris,Precinct 202,"US Representative, District 4",,REP,John Stacy,0,,,
Morris,Precinct 203,"US Representative, District 4",,REP,John Stacy,3,,,
Morris,Precinct 302,"US Representative, District 4",,REP,John Stacy,1,,,
Morris,Precinct 303,"US Representative, District 4",,REP,John Stacy,2,,,
Morris,Precinct 401,"US Representative, District 4",,REP,John Stacy,9,,,
Morris,Precinct 101,"US Representative, District 4",,REP,Brent Lawson,3,,,
Morris,Precinct 102,"US Representative, District 4",,REP,Brent Lawson,0,,,
Morris,Precinct 103,"US Representative, District 4",,REP,Brent Lawson,1,,,
Morris,Precinct 202,"US Representative, District 4",,REP,Brent Lawson,2,,,
Morris,Precinct 203,"US Representative, District 4",,REP,Brent Lawson,4,,,
Morris,Precinct 302,"US Representative, District 4",,REP,Brent Lawson,3,,,
Morris,Precinct 303,"US Representative, District 4",,REP,Brent Lawson,3,,,
Morris,Precinct 401,"US Representative, District 4",,REP,Brent Lawson,18,,,
Morris,Precinct 101,"US Representative, District 4",,REP,Ralph M. Hall,11,,,
Morris,Precinct 102,"US Representative, District 4",,REP,Ralph M. Hall,5,,,
Morris,Precinct 103,"US Representative, District 4",,REP,Ralph M. Hall,16,,,
Morris,Precinct 202,"US Representative, District 4",,REP,Ralph M. Hall,26,,,
Morris,Precinct 203,"US Representative, District 4",,REP,Ralph M. Hall,40,,,
Morris,Precinct 302,"US Representative, District 4",,REP,Ralph M. Hall,27,,,
Morris,Precinct 303,"US Representative, District 4",,REP,Ralph M. Hall,41,,,
Morris,Precinct 401,"US Representative, District 4",,REP,Ralph M. Hall,110,,,
Morris,Precinct 101,"US Representative, District 4",,REP,Tony Arterburn,0,,,
Morris,Precinct 102,"US Representative, District 4",,REP,Tony Arterburn,0,,,
Morris,Precinct 103,"US Representative, District 4",,REP,Tony Arterburn,3,,,
Morris,Precinct 202,"US Representative, District 4",,REP,Tony Arterburn,0,,,
Morris,Precinct 203,"US Representative, District 4",,REP,Tony Arterburn,0,,,
Morris,Precinct 302,"US Representative, District 4",,REP,Tony Arterburn,2,,,
Morris,Precinct 303,"US Representative, District 4",,REP,Tony Arterburn,3,,,
Morris,Precinct 401,"US Representative, District 4",,REP,Tony Arterburn,2,,,
Morris,Precinct 101,"US Representative, District 4",,REP,Lou Gigliotti,0,,,
Morris,Precinct 102,"US Representative, District 4",,REP,Lou Gigliotti,1,,,
Morris,Precinct 103,"US Representative, District 4",,REP,Lou Gigliotti,4,,,
Morris,Precinct 202,"US Representative, District 4",,REP,Lou Gigliotti,6,,,
Morris,Precinct 203,"US Representative, District 4",,REP,Lou Gigliotti,10,,,
Morris,Precinct 302,"US Representative, District 4",,REP,Lou Gigliotti,4,,,
Morris,Precinct 303,"US Representative, District 4",,REP,Lou Gigliotti,7,,,
Morris,Precinct 401,"US Representative, District 4",,REP,Lou Gigliotti,43,,,
Morris,Precinct 101,"US Representative, District 4",,REP,John Ratcliffe,7,,,
Morris,Precinct 102,"US Representative, District 4",,REP,John Ratcliffe,3,,,
Morris,Precinct 103,"US Representative, District 4",,REP,John Ratcliffe,13,,,
Morris,Precinct 202,"US Representative, District 4",,REP,John Ratcliffe,21,,,
Morris,Precinct 203,"US Representative, District 4",,REP,John Ratcliffe,25,,,
Morris,Precinct 302,"US Representative, District 4",,REP,John Ratcliffe,27,,,
Morris,Precinct 303,"US Representative, District 4",,REP,John Ratcliffe,23,,,
Morris,Precinct 401,"US Representative, District 4",,REP,John Ratcliffe,79,,,
Morris,Precinct 101,Governor,,REP,Miriam Martinez,1,,,
Morris,Precinct 102,Governor,,REP,Miriam Martinez,0,,,
Morris,Precinct 103,Governor,,REP,Miriam Martinez,0,,,
Morris,Precinct 202,Governor,,REP,Miriam Martinez,1,,,
Morris,Precinct 203,Governor,,REP,Miriam Martinez,2,,,
Morris,Precinct 302,Governor,,REP,Miriam Martinez,0,,,
Morris,Precinct 303,Governor,,REP,Miriam Martinez,3,,,
Morris,Precinct 401,Governor,,REP,Miriam Martinez,9,,,
Morris,Precinct 101,Governor,,REP,Greg Abbott,23,,,
Morris,Precinct 102,Governor,,REP,Greg Abbott,11,,,
Morris,Precinct 103,Governor,,REP,Greg Abbott,35,,,
Morris,Precinct 202,Governor,,REP,Greg Abbott,51,,,
Morris,Precinct 203,Governor,,REP,Greg Abbott,74,,,
Morris,Precinct 302,Governor,,REP,Greg Abbott,54,,,
Morris,Precinct 303,Governor,,REP,Greg Abbott,69,,,
Morris,Precinct 401,Governor,,REP,Greg Abbott,230,,,
Morris,Precinct 101,Governor,,REP,SECEDE Kilgore,0,,,
Morris,Precinct 102,Governor,,REP,SECEDE Kilgore,0,,,
Morris,Precinct 103,Governor,,REP,SECEDE Kilgore,0,,,
Morris,Precinct 202,Governor,,REP,SECEDE Kilgore,0,,,
Morris,Precinct 203,Governor,,REP,SECEDE Kilgore,1,,,
Morris,Precinct 302,Governor,,REP,SECEDE Kilgore,1,,,
Morris,Precinct 303,Governor,,REP,SECEDE Kilgore,0,,,
Morris,Precinct 401,Governor,,REP,SECEDE Kilgore,6,,,
Morris,Precinct 101,Governor,,REP,Lisa Fritsch,0,,,
Morris,Precinct 102,Governor,,REP,Lisa Fritsch,0,,,
Morris,Precinct 103,Governor,,REP,Lisa Fritsch,3,,,
Morris,Precinct 202,Governor,,REP,Lisa Fritsch,3,,,
Morris,Precinct 203,Governor,,REP,Lisa Fritsch,2,,,
Morris,Precinct 302,Governor,,REP,Lisa Fritsch,4,,,
Morris,Precinct 303,Governor,,REP,Lisa Fritsch,8,,,
Morris,Precinct 401,Governor,,REP,Lisa Fritsch,11,,,
Morris,Precinct 101,Lieutenant Governor,,REP,Dan Patrick,12,,,
Morris,Precinct 102,Lieutenant Governor,,REP,Dan Patrick,6,,,
Morris,Precinct 103,Lieutenant Governor,,REP,Dan Patrick,13,,,
Morris,Precinct 202,Lieutenant Governor,,REP,Dan Patrick,21,,,
Morris,Precinct 203,Lieutenant Governor,,REP,Dan Patrick,26,,,
Morris,Precinct 302,Lieutenant Governor,,REP,Dan Patrick,12,,,
Morris,Precinct 303,Lieutenant Governor,,REP,Dan Patrick,11,,,
Morris,Precinct 401,Lieutenant Governor,,REP,Dan Patrick,55,,,
Morris,Precinct 101,Lieutenant Governor,,REP,Todd Staples,5,,,
Morris,Precinct 102,Lieutenant Governor,,REP,Todd Staples,1,,,
Morris,Precinct 103,Lieutenant Governor,,REP,Todd Staples,5,,,
Morris,Precinct 202,Lieutenant Governor,,REP,Todd Staples,10,,,
Morris,Precinct 203,Lieutenant Governor,,REP,Todd Staples,14,,,
Morris,Precinct 302,Lieutenant Governor,,REP,Todd Staples,11,,,
Morris,Precinct 303,Lieutenant Governor,,REP,Todd Staples,11,,,
Morris,Precinct 401,Lieutenant Governor,,REP,Todd Staples,59,,,
Morris,Precinct 101,Lieutenant Governor,,REP,Jerry Patterson,1,,,
Morris,Precinct 102,Lieutenant Governor,,REP,Jerry Patterson,0,,,
Morris,Precinct 103,Lieutenant Governor,,REP,Jerry Patterson,5,,,
Morris,Precinct 202,Lieutenant Governor,,REP,Jerry Patterson,10,,,
Morris,Precinct 203,Lieutenant Governor,,REP,Jerry Patterson,6,,,
Morris,Precinct 302,Lieutenant Governor,,REP,Jerry Patterson,15,,,
Morris,Precinct 303,Lieutenant Governor,,REP,Jerry Patterson,17,,,
Morris,Precinct 401,Lieutenant Governor,,REP,Jerry Patterson,37,,,
Morris,Precinct 101,Lieutenant Governor,,REP,David Dewhurst,6,,,
Morris,Precinct 102,Lieutenant Governor,,REP,David Dewhurst,4,,,
Morris,Precinct 103,Lieutenant Governor,,REP,David Dewhurst,15,,,
Morris,Precinct 202,Lieutenant Governor,,REP,David Dewhurst,15,,,
Morris,Precinct 203,Lieutenant Governor,,REP,David Dewhurst,32,,,
Morris,Precinct 302,Lieutenant Governor,,REP,David Dewhurst,21,,,
Morris,Precinct 303,Lieutenant Governor,,REP,David Dewhurst,37,,,
Morris,Precinct 401,Lieutenant Governor,,REP,David Dewhurst,101,,,
Morris,Precinct 101,Attorney General,,REP,Barry Smitherman,6,,,
Morris,Precinct 102,Attorney General,,REP,Barry Smitherman,0,,,
Morris,Precinct 103,Attorney General,,REP,Barry Smitherman,8,,,
Morris,Precinct 202,Attorney General,,REP,Barry Smitherman,13,,,
Morris,Precinct 203,Attorney General,,REP,Barry Smitherman,19,,,
Morris,Precinct 302,Attorney General,,REP,Barry Smitherman,10,,,
Morris,Precinct 303,Attorney General,,REP,Barry Smitherman,12,,,
Morris,Precinct 401,Attorney General,,REP,Barry Smitherman,42,,,
Morris,Precinct 101,Attorney General,,REP,Ken Paxton,10,,,
Morris,Precinct 102,Attorney General,,REP,Ken Paxton,7,,,
Morris,Precinct 103,Attorney General,,REP,Ken Paxton,12,,,
Morris,Precinct 202,Attorney General,,REP,Ken Paxton,23,,,
Morris,Precinct 203,Attorney General,,REP,Ken Paxton,36,,,
Morris,Precinct 302,Attorney General,,REP,Ken Paxton,24,,,
Morris,Precinct 303,Attorney General,,REP,Ken Paxton,38,,,
Morris,Precinct 401,Attorney General,,REP,Ken Paxton,102,,,
Morris,Precinct 101,Attorney General,,REP,Dan Branch,7,,,
Morris,Precinct 102,Attorney General,,REP,Dan Branch,2,,,
Morris,Precinct 103,Attorney General,,REP,Dan Branch,15,,,
Morris,Precinct 202,Attorney General,,REP,Dan Branch,18,,,
Morris,Precinct 203,Attorney General,,REP,Dan Branch,21,,,
Morris,Precinct 302,Attorney General,,REP,Dan Branch,21,,,
Morris,Precinct 303,Attorney General,,REP,Dan Branch,19,,,
Morris,Precinct 401,Attorney General,,REP,Dan Branch,89,,,
Morris,Precinct 101,Comptroller of Public Accounts,,REP,Harvey Hilderbran,5,,,
Morris,Precinct 102,Comptroller of Public Accounts,,REP,Harvey Hilderbran,3,,,
Morris,Precinct 103,Comptroller of Public Accounts,,REP,Harvey Hilderbran,16,,,
Morris,Precinct 202,Comptroller of Public Accounts,,REP,Harvey Hilderbran,23,,,
Morris,Precinct 203,Comptroller of Public Accounts,,REP,Harvey Hilderbran,21,,,
Morris,Precinct 302,Comptroller of Public Accounts,,REP,Harvey Hilderbran,12,,,
Morris,Precinct 303,Comptroller of Public Accounts,,REP,Harvey Hilderbran,20,,,
Morris,Precinct 401,Comptroller of Public Accounts,,REP,Harvey Hilderbran,62,,,
Morris,Precinct 101,Comptroller of Public Accounts,,REP,Glenn Hegar,13,,,
Morris,Precinct 102,Comptroller of Public Accounts,,REP,Glenn Hegar,4,,,
Morris,Precinct 103,Comptroller of Public Accounts,,REP,Glenn Hegar,14,,,
Morris,Precinct 202,Comptroller of Public Accounts,,REP,Glenn Hegar,20,,,
Morris,Precinct 203,Comptroller of Public Accounts,,REP,Glenn Hegar,36,,,
Morris,Precinct 302,Comptroller of Public Accounts,,REP,Glenn Hegar,28,,,
Morris,Precinct 303,Comptroller of Public Accounts,,REP,Glenn Hegar,27,,,
Morris,Precinct 401,Comptroller of Public Accounts,,REP,Glenn Hegar,87,,,
Morris,Precinct 101,Comptroller of Public Accounts,,REP,Raul Torres,2,,,
Morris,Precinct 102,Comptroller of Public Accounts,,REP,Raul Torres,0,,,
Morris,Precinct 103,Comptroller of Public Accounts,,REP,Raul Torres,2,,,
Morris,Precinct 202,Comptroller of Public Accounts,,REP,Raul Torres,3,,,
Morris,Precinct 203,Comptroller of Public Accounts,,REP,Raul Torres,3,,,
Morris,Precinct 302,Comptroller of Public Accounts,,REP,Raul Torres,1,,,
Morris,Precinct 303,Comptroller of Public Accounts,,REP,Raul Torres,4,,,
Morris,Precinct 401,Comptroller of Public Accounts,,REP,Raul Torres,14,,,
Morris,Precinct 101,Comptroller of Public Accounts,,REP,Debra Medina,3,,,
Morris,Precinct 102,Comptroller of Public Accounts,,REP,Debra Medina,3,,,
Morris,Precinct 103,Comptroller of Public Accounts,,REP,Debra Medina,5,,,
Morris,Precinct 202,Comptroller of Public Accounts,,REP,Debra Medina,6,,,
Morris,Precinct 203,Comptroller of Public Accounts,,REP,Debra Medina,12,,,
Morris,Precinct 302,Comptroller of Public Accounts,,REP,Debra Medina,13,,,
Morris,Precinct 303,Comptroller of Public Accounts,,REP,Debra Medina,18,,,
Morris,Precinct 401,Comptroller of Public Accounts,,REP,Debra Medina,56,,,
Morris,Precinct 101,Commissioner of the General Land Office,,REP,George P. Bush,16,,,
Morris,Precinct 102,Commissioner of the General Land Office,,REP,George P. Bush,7,,,
Morris,Precinct 103,Commissioner of the General Land Office,,REP,George P. Bush,30,,,
Morris,Precinct 202,Commissioner of the General Land Office,,REP,George P. Bush,43,,,
Morris,Precinct 203,Commissioner of the General Land Office,,REP,George P. Bush,51,,,
Morris,Precinct 302,Commissioner of the General Land Office,,REP,George P. Bush,49,,,
Morris,Precinct 303,Commissioner of the General Land Office,,REP,George P. Bush,51,,,
Morris,Precinct 401,Commissioner of the General Land Office,,REP,George P. Bush,168,,,
Morris,Precinct 101,Commissioner of the General Land Office,,REP,David Watts,8,,,
Morris,Precinct 102,Commissioner of the General Land Office,,REP,David Watts,3,,,
Morris,Precinct 103,Commissioner of the General Land Office,,REP,David Watts,6,,,
Morris,Precinct 202,Commissioner of the General Land Office,,REP,David Watts,13,,,
Morris,Precinct 203,Commissioner of the General Land Office,,REP,David Watts,19,,,
Morris,Precinct 302,Commissioner of the General Land Office,,REP,David Watts,8,,,
Morris,Precinct 303,Commissioner of the General Land Office,,REP,David Watts,21,,,
Morris,Precinct 401,Commissioner of the General Land Office,,REP,David Watts,66,,,
Morris,Precinct 101,Commissioner of Agriculture,,REP,Sid Miller,11,,,
Morris,Precinct 102,Commissioner of Agriculture,,REP,Sid Miller,5,,,
Morris,Precinct 103,Commissioner of Agriculture,,REP,Sid Miller,15,,,
Morris,Precinct 202,Commissioner of Agriculture,,REP,Sid Miller,13,,,
Morris,Precinct 203,Commissioner of Agriculture,,REP,Sid Miller,23,,,
Morris,Precinct 302,Commissioner of Agriculture,,REP,Sid Miller,19,,,
Morris,Precinct 303,Commissioner of Agriculture,,REP,Sid Miller,17,,,
Morris,Precinct 401,Commissioner of Agriculture,,REP,Sid Miller,42,,,
Morris,Precinct 101,Commissioner of Agriculture,,REP,J. Allen Carnes,2,,,
Morris,Precinct 102,Commissioner of Agriculture,,REP,J. Allen Carnes,1,,,
Morris,Precinct 103,Commissioner of Agriculture,,REP,J. Allen Carnes,4,,,
Morris,Precinct 202,Commissioner of Agriculture,,REP,J. Allen Carnes,2,,,
Morris,Precinct 203,Commissioner of Agriculture,,REP,J. Allen Carnes,6,,,
Morris,Precinct 302,Commissioner of Agriculture,,REP,J. Allen Carnes,8,,,
Morris,Precinct 303,Commissioner of Agriculture,,REP,J. Allen Carnes,6,,,
Morris,Precinct 401,Commissioner of Agriculture,,REP,J. Allen Carnes,25,,,
Morris,Precinct 101,Commissioner of Agriculture,,REP,Eric Opiela,1,,,
Morris,Precinct 102,Commissioner of Agriculture,,REP,Eric Opiela,0,,,
Morris,Precinct 103,Commissioner of Agriculture,,REP,Eric Opiela,1,,,
Morris,Precinct 202,Commissioner of Agriculture,,REP,Eric Opiela,3,,,
Morris,Precinct 203,Commissioner of Agriculture,,REP,Eric Opiela,3,,,
Morris,Precinct 302,Commissioner of Agriculture,,REP,Eric Opiela,1,,,
Morris,Precinct 303,Commissioner of Agriculture,,REP,Eric Opiela,6,,,
Morris,Precinct 401,Commissioner of Agriculture,,REP,Eric Opiela,12,,,
Morris,Precinct 101,Commissioner of Agriculture,,REP,Tommy Merritt,8,,,
Morris,Precinct 102,Commissioner of Agriculture,,REP,Tommy Merritt,2,,,
Morris,Precinct 103,Commissioner of Agriculture,,REP,Tommy Merritt,10,,,
Morris,Precinct 202,Commissioner of Agriculture,,REP,Tommy Merritt,24,,,
Morris,Precinct 203,Commissioner of Agriculture,,REP,Tommy Merritt,36,,,
Morris,Precinct 302,Commissioner of Agriculture,,REP,Tommy Merritt,14,,,
Morris,Precinct 303,Commissioner of Agriculture,,REP,Tommy Merritt,26,,,
Morris,Precinct 401,Commissioner of Agriculture,,REP,Tommy Merritt,114,,,
Morris,Precinct 101,Commissioner of Agriculture,,REP,Joe Cotten,1,,,
Morris,Precinct 102,Commissioner of Agriculture,,REP,Joe Cotten,3,,,
Morris,Precinct 103,Commissioner of Agriculture,,REP,Joe Cotten,5,,,
Morris,Precinct 202,Commissioner of Agriculture,,REP,Joe Cotten,10,,,
Morris,Precinct 203,Commissioner of Agriculture,,REP,Joe Cotten,7,,,
Morris,Precinct 302,Commissioner of Agriculture,,REP,Joe Cotten,10,,,
Morris,Precinct 303,Commissioner of Agriculture,,REP,Joe Cotten,17,,,
Morris,Precinct 401,Commissioner of Agriculture,,REP,Joe Cotten,45,,,
Morris,Precinct 101,Railroad Commissioner,,REP,Becky Berger,3,,,
Morris,Precinct 102,Railroad Commissioner,,REP,Becky Berger,1,,,
Morris,Precinct 103,Railroad Commissioner,,REP,Becky Berger,1,,,
Morris,Precinct 202,Railroad Commissioner,,REP,Becky Berger,10,,,
Morris,Precinct 203,Railroad Commissioner,,REP,Becky Berger,15,,,
Morris,Precinct 302,Railroad Commissioner,,REP,Becky Berger,11,,,
Morris,Precinct 303,Railroad Commissioner,,REP,Becky Berger,18,,,
Morris,Precinct 401,Railroad Commissioner,,REP,Becky Berger,45,,,
Morris,Precinct 101,Railroad Commissioner,,REP,Wayne Christian,15,,,
Morris,Precinct 102,Railroad Commissioner,,REP,Wayne Christian,4,,,
Morris,Precinct 103,Railroad Commissioner,,REP,Wayne Christian,11,,,
Morris,Precinct 202,Railroad Commissioner,,REP,Wayne Christian,23,,,
Morris,Precinct 203,Railroad Commissioner,,REP,Wayne Christian,39,,,
Morris,Precinct 302,Railroad Commissioner,,REP,Wayne Christian,26,,,
Morris,Precinct 303,Railroad Commissioner,,REP,Wayne Christian,32,,,
Morris,Precinct 401,Railroad Commissioner,,REP,Wayne Christian,99,,,
Morris,Precinct 101,Railroad Commissioner,,REP,Malachi Boyuls,1,,,
Morris,Precinct 102,Railroad Commissioner,,REP,Malachi Boyuls,3,,,
Morris,Precinct 103,Railroad Commissioner,,REP,Malachi Boyuls,6,,,
Morris,Precinct 202,Railroad Commissioner,,REP,Malachi Boyuls,0,,,
Morris,Precinct 203,Railroad Commissioner,,REP,Malachi Boyuls,4,,,
Morris,Precinct 302,Railroad Commissioner,,REP,Malachi Boyuls,4,,,
Morris,Precinct 303,Railroad Commissioner,,REP,Malachi Boyuls,3,,,
Morris,Precinct 401,Railroad Commissioner,,REP,Malachi Boyuls,13,,,
Morris,Precinct 101,Railroad Commissioner,,REP,Ryan Sitton,4,,,
Morris,Precinct 102,Railroad Commissioner,,REP,Ryan Sitton,2,,,
Morris,Precinct 103,Railroad Commissioner,,REP,Ryan Sitton,18,,,
Morris,Precinct 202,Railroad Commissioner,,REP,Ryan Sitton,15,,,
Morris,Precinct 203,Railroad Commissioner,,REP,Ryan Sitton,16,,,
Morris,Precinct 302,Railroad Commissioner,,REP,Ryan Sitton,10,,,
Morris,Precinct 303,Railroad Commissioner,,REP,Ryan Sitton,15,,,
Morris,Precinct 401,Railroad Commissioner,,REP,Ryan Sitton,64,,,
Morris,Precinct 101,"Chief Justice, Supreme Court",,REP,Robert Talton,13,,,
Morris,Precinct 102,"Chief Justice, Supreme Court",,REP,Robert Talton,5,,,
Morris,Precinct 103,"Chief Justice, Supreme Court",,REP,Robert Talton,22,,,
Morris,Precinct 202,"Chief Justice, Supreme Court",,REP,Robert Talton,26,,,
Morris,Precinct 203,"Chief Justice, Supreme Court",,REP,Robert Talton,44,,,
Morris,Precinct 302,"Chief Justice, Supreme Court",,REP,Robert Talton,27,,,
Morris,Precinct 303,"Chief Justice, Supreme Court",,REP,Robert Talton,36,,,
Morris,Precinct 401,"Chief Justice, Supreme Court",,REP,Robert Talton,130,,,
Morris,Precinct 101,"Chief Justice, Supreme Court",,REP,Nathan Hecht,10,,,
Morris,Precinct 102,"Chief Justice, Supreme Court",,REP,Nathan Hecht,4,,,
Morris,Precinct 103,"Chief Justice, Supreme Court",,REP,Nathan Hecht,15,,,
Morris,Precinct 202,"Chief Justice, Supreme Court",,REP,Nathan Hecht,24,,,
Morris,Precinct 203,"Chief Justice, Supreme Court",,REP,Nathan Hecht,28,,,
Morris,Precinct 302,"Chief Justice, Supreme Court",,REP,Nathan Hecht,23,,,
Morris,Precinct 303,"Chief Justice, Supreme Court",,REP,Nathan Hecht,30,,,
Morris,Precinct 401,"Chief Justice, Supreme Court",,REP,Nathan Hecht,88,,,
Morris,Precinct 101,"Justice, Supreme Court, PL 6, Unexpired",,REP,Joe Pool,8,,,
Morris,Precinct 102,"Justice, Supreme Court, PL 6, Unexpired",,REP,Joe Pool,6,,,
Morris,Precinct 103,"Justice, Supreme Court, PL 6, Unexpired",,REP,Joe Pool,10,,,
Morris,Precinct 202,"Justice, Supreme Court, PL 6, Unexpired",,REP,Joe Pool,24,,,
Morris,Precinct 203,"Justice, Supreme Court, PL 6, Unexpired",,REP,Joe Pool,26,,,
Morris,Precinct 302,"Justice, Supreme Court, PL 6, Unexpired",,REP,Joe Pool,15,,,
Morris,Precinct 303,"Justice, Supreme Court, PL 6, Unexpired",,REP,Joe Pool,28,,,
Morris,Precinct 401,"Justice, Supreme Court, PL 6, Unexpired",,REP,Joe Pool,96,,,
Morris,Precinct 101,"Justice, Supreme Court, PL 6, Unexpired",,REP,Jeff Brown,13,,,
Morris,Precinct 102,"Justice, Supreme Court, PL 6, Unexpired",,REP,Jeff Brown,3,,,
Morris,Precinct 103,"Justice, Supreme Court, PL 6, Unexpired",,REP,Jeff Brown,27,,,
Morris,Precinct 202,"Justice, Supreme Court, PL 6, Unexpired",,REP,Jeff Brown,27,,,
Morris,Precinct 203,"Justice, Supreme Court, PL 6, Unexpired",,REP,Jeff Brown,46,,,
Morris,Precinct 302,"Justice, Supreme Court, PL 6, Unexpired",,REP,Jeff Brown,33,,,
Morris,Precinct 303,"Justice, Supreme Court, PL 6, Unexpired",,REP,Jeff Brown,45,,,
Morris,Precinct 401,"Justice, Supreme Court, PL 6, Unexpired",,REP,Jeff Brown,126,,,
Morris,Precinct 101,"Justice, Supreme Court, Place 7",,REP,Jeff Boyd,19,,,
Morris,Precinct 102,"Justice, Supreme Court, Place 7",,REP,Jeff Boyd,6,,,
Morris,Precinct 103,"Justice, Supreme Court, Place 7",,REP,Jeff Boyd,31,,,
Morris,Precinct 202,"Justice, Supreme Court, Place 7",,REP,Jeff Boyd,39,,,
Morris,Precinct 203,"Justice, Supreme Court, Place 7",,REP,Jeff Boyd,55,,,
Morris,Precinct 302,"Justice, Supreme Court, Place 7",,REP,Jeff Boyd,45,,,
Morris,Precinct 303,"Justice, Supreme Court, Place 7",,REP,Jeff Boyd,56,,,
Morris,Precinct 401,"Justice, Supreme Court, Place 7",,REP,Jeff Boyd,188,,,
Morris,Precinct 101,"Justice, Supreme Court, Place 8",,REP,Sharon McCally,7,,,
Morris,Precinct 102,"Justice, Supreme Court, Place 8",,REP,Sharon McCally,4,,,
Morris,Precinct 103,"Justice, Supreme Court, Place 8",,REP,Sharon McCally,17,,,
Morris,Precinct 202,"Justice, Supreme Court, Place 8",,REP,Sharon McCally,17,,,
Morris,Precinct 203,"Justice, Supreme Court, Place 8",,REP,Sharon McCally,24,,,
Morris,Precinct 302,"Justice, Supreme Court, Place 8",,REP,Sharon McCally,20,,,
Morris,Precinct 303,"Justice, Supreme Court, Place 8",,REP,Sharon McCally,23,,,
Morris,Precinct 401,"Justice, Supreme Court, Place 8",,REP,Sharon McCally,83,,,
Morris,Precinct 101,"Justice, Supreme Court, Place 8",,REP,Phil Johnson,16,,,
Morris,Precinct 102,"Justice, Supreme Court, Place 8",,REP,Phil Johnson,6,,,
Morris,Precinct 103,"Justice, Supreme Court, Place 8",,REP,Phil Johnson,19,,,
Morris,Precinct 202,"Justice, Supreme Court, Place 8",,REP,Phil Johnson,29,,,
Morris,Precinct 203,"Justice, Supreme Court, Place 8",,REP,Phil Johnson,46,,,
Morris,Precinct 302,"Justice, Supreme Court, Place 8",,REP,Phil Johnson,32,,,
Morris,Precinct 303,"Justice, Supreme Court, Place 8",,REP,Phil Johnson,47,,,
Morris,Precinct 401,"Justice, Supreme Court, Place 8",,REP,Phil Johnson,136,,,
Morris,Precinct 101,"Judge, CT of Criminal Appeals, P3",,REP,Bert Richardson,19,,,
Morris,Precinct 102,"Judge, CT of Criminal Appeals, P3",,REP,Bert Richardson,8,,,
Morris,Precinct 103,"Judge, CT of Criminal Appeals, P3",,REP,Bert Richardson,26,,,
Morris,Precinct 202,"Judge, CT of Criminal Appeals, P3",,REP,Bert Richardson,34,,,
Morris,Precinct 203,"Judge, CT of Criminal Appeals, P3",,REP,Bert Richardson,52,,,
Morris,Precinct 302,"Judge, CT of Criminal Appeals, P3",,REP,Bert Richardson,30,,,
Morris,Precinct 303,"Judge, CT of Criminal Appeals, P3",,REP,Bert Richardson,41,,,
Morris,Precinct 401,"Judge, CT of Criminal Appeals, P3",,REP,Bert Richardson,141,,,
Morris,Precinct 101,"Judge, CT of Criminal Appeals, P3",,REP,Barbara Walther,4,,,
Morris,Precinct 102,"Judge, CT of Criminal Appeals, P3",,REP,Barbara Walther,2,,,
Morris,Precinct 103,"Judge, CT of Criminal Appeals, P3",,REP,Barbara Walther,10,,,
Morris,Precinct 202,"Judge, CT of Criminal Appeals, P3",,REP,Barbara Walther,14,,,
Morris,Precinct 203,"Judge, CT of Criminal Appeals, P3",,REP,Barbara Walther,19,,,
Morris,Precinct 302,"Judge, CT of Criminal Appeals, P3",,REP,Barbara Walther,21,,,
Morris,Precinct 303,"Judge, CT of Criminal Appeals, P3",,REP,Barbara Walther,28,,,
Morris,Precinct 401,"Judge, CT of Criminal Appeals, P3",,REP,Barbara Walther,79,,,
Morris,Precinct 101,"Judge, CT of Criminal Appeals, P4",,REP,Kevin Patrick Yeary,19,,,
Morris,Precinct 102,"Judge, CT of Criminal Appeals, P4",,REP,Kevin Patrick Yeary,5,,,
Morris,Precinct 103,"Judge, CT of Criminal Appeals, P4",,REP,Kevin Patrick Yeary,22,,,
Morris,Precinct 202,"Judge, CT of Criminal Appeals, P4",,REP,Kevin Patrick Yeary,25,,,
Morris,Precinct 203,"Judge, CT of Criminal Appeals, P4",,REP,Kevin Patrick Yeary,36,,,
Morris,Precinct 302,"Judge, CT of Criminal Appeals, P4",,REP,Kevin Patrick Yeary,21,,,
Morris,Precinct 303,"Judge, CT of Criminal Appeals, P4",,REP,Kevin Patrick Yeary,19,,,
Morris,Precinct 401,"Judge, CT of Criminal Appeals, P4",,REP,Kevin Patrick Yeary,84,,,
Morris,Precinct 101,"Judge, CT of Criminal Appeals, P4",,REP,Richard Dean Davis,3,,,
Morris,Precinct 102,"Judge, CT of Criminal Appeals, P4",,REP,Richard Dean Davis,2,,,
Morris,Precinct 103,"Judge, CT of Criminal Appeals, P4",,REP,Richard Dean Davis,10,,,
Morris,Precinct 202,"Judge, CT of Criminal Appeals, P4",,REP,Richard Dean Davis,16,,,
Morris,Precinct 203,"Judge, CT of Criminal Appeals, P4",,REP,Richard Dean Davis,26,,,
Morris,Precinct 302,"Judge, CT of Criminal Appeals, P4",,REP,Richard Dean Davis,22,,,
Morris,Precinct 303,"Judge, CT of Criminal Appeals, P4",,REP,Richard Dean Davis,37,,,
Morris,Precinct 401,"Judge, CT of Criminal Appeals, P4",,REP,Richard Dean Davis,106,,,
Morris,Precinct 101,"Judge, CT of Criminal Appeals, P4",,REP,Jani Jo Wood,1,,,
Morris,Precinct 102,"Judge, CT of Criminal Appeals, P4",,REP,Jani Jo Wood,1,,,
Morris,Precinct 103,"Judge, CT of Criminal Appeals, P4",,REP,Jani Jo Wood,4,,,
Morris,Precinct 202,"Judge, CT of Criminal Appeals, P4",,REP,Jani Jo Wood,6,,,
Morris,Precinct 203,"Judge, CT of Criminal Appeals, P4",,REP,Jani Jo Wood,11,,,
Morris,Precinct 302,"Judge, CT of Criminal Appeals, P4",,REP,Jani Jo Wood,5,,,
Morris,Precinct 303,"Judge, CT of Criminal Appeals, P4",,REP,Jani Jo Wood,12,,,
Morris,Precinct 401,"Judge, CT of Criminal Appeals, P4",,REP,Jani Jo Wood,26,,,
Morris,Precinct 101,"Judge, CT of Criminal Appeals, P9",,REP,David Newell,12,,,
Morris,Precinct 102,"Judge, CT of Criminal Appeals, P9",,REP,David Newell,5,,,
Morris,Precinct 103,"Judge, CT of Criminal Appeals, P9",,REP,David Newell,16,,,
Morris,Precinct 202,"Judge, CT of Criminal Appeals, P9",,REP,David Newell,24,,,
Morris,Precinct 203,"Judge, CT of Criminal Appeals, P9",,REP,David Newell,38,,,
Morris,Precinct 302,"Judge, CT of Criminal Appeals, P9",,REP,David Newell,22,,,
Morris,Precinct 303,"Judge, CT of Criminal Appeals, P9",,REP,David Newell,33,,,
Morris,Precinct 401,"Judge, CT of Criminal Appeals, P9",,REP,David Newell,106,,,
Morris,Precinct 101,"Judge, CT of Criminal Appeals, P9",,REP,"W.C. ""Bud"" Kirkendall",10,,,
Morris,Precinct 102,"Judge, CT of Criminal Appeals, P9",,REP,"W.C. ""Bud"" Kirkendall",3,,,
Morris,Precinct 103,"Judge, CT of Criminal Appeals, P9",,REP,"W.C. ""Bud"" Kirkendall",20,,,
Morris,Precinct 202,"Judge, CT of Criminal Appeals, P9",,REP,"W.C. ""Bud"" Kirkendall",20,,,
Morris,Precinct 203,"Judge, CT of Criminal Appeals, P9",,REP,"W.C. ""Bud"" Kirkendall",33,,,
Morris,Precinct 302,"Judge, CT of Criminal Appeals, P9",,REP,"W.C. ""Bud"" Kirkendall",26,,,
Morris,Precinct 303,"Judge, CT of Criminal Appeals, P9",,REP,"W.C. ""Bud"" Kirkendall",34,,,
Morris,Precinct 401,"Judge, CT of Criminal Appeals, P9",,REP,"W.C. ""Bud"" Kirkendall",109,,,
Morris,Precinct 101,State Representative,5,REP,Bryan Hughes,20,,,
Morris,Precinct 102,State Representative,5,REP,Bryan Hughes,9,,,
Morris,Precinct 103,State Representative,5,REP,Bryan Hughes,33,,,
Morris,Precinct 202,State Representative,5,REP,Bryan Hughes,42,,,
Morris,Precinct 203,State Representative,5,REP,Bryan Hughes,67,,,
Morris,Precinct 302,State Representative,5,REP,Bryan Hughes,49,,,
Morris,Precinct 303,State Representative,5,REP,Bryan Hughes,63,,,
Morris,Precinct 401,State Representative,5,REP,Bryan Hughes,218,,,
Morris,Precinct 101,"Justice, 6th CT of Appeals DIST, P3",,REP,Ralph K. Burgess,19,,,
Morris,Precinct 102,"Justice, 6th CT of Appeals DIST, P3",,REP,Ralph K. Burgess,9,,,
Morris,Precinct 103,"Justice, 6th CT of Appeals DIST, P3",,REP,Ralph K. Burgess,32,,,
Morris,Precinct 202,"Justice, 6th CT of Appeals DIST, P3",,REP,Ralph K. Burgess,40,,,
Morris,Precinct 203,"Justice, 6th CT of Appeals DIST, P3",,REP,Ralph K. Burgess,67,,,
Morris,Precinct 302,"Justice, 6th CT of Appeals DIST, P3",,REP,Ralph K. Burgess,47,,,
Morris,Precinct 303,"Justice, 6th CT of Appeals DIST, P3",,REP,Ralph K. Burgess,61,,,
Morris,Precinct 401,"Justice, 6th CT of Appeals DIST, P3",,REP,Ralph K. Burgess,209,,,
Morris,Precinct 101,"District Judge, 276th Judicial District",,REP,Robert Rolston,20,,,
Morris,Precinct 102,"District Judge, 276th Judicial District",,REP,Robert Rolston,9,,,
Morris,Precinct 103,"District Judge, 276th Judicial District",,REP,Robert Rolston,30,,,
Morris,Precinct 202,"District Judge, 276th Judicial District",,REP,Robert Rolston,41,,,
Morris,Precinct 203,"District Judge, 276th Judicial District",,REP,Robert Rolston,62,,,
Morris,Precinct 302,"District Judge, 276th Judicial District",,REP,Robert Rolston,48,,,
Morris,Precinct 303,"District Judge, 276th Judicial District",,REP,Robert Rolston,59,,,
Morris,Precinct 401,"District Judge, 276th Judicial District",,REP,Robert Rolston,211,,,
Morris,Precinct 101,County Clerk,,REP,Scott Sartain,21,,,
Morris,Precinct 102,County Clerk,,REP,Scott Sartain,9,,,
Morris,Precinct 103,County Clerk,,REP,Scott Sartain,27,,,
Morris,Precinct 202,County Clerk,,REP,Scott Sartain,47,,,
Morris,Precinct 203,County Clerk,,REP,Scott Sartain,63,,,
Morris,Precinct 302,County Clerk,,REP,Scott Sartain,43,,,
Morris,Precinct 303,County Clerk,,REP,Scott Sartain,68,,,
Morris,Precinct 401,County Clerk,,REP,Scott Sartain,220,,,
Morris,Precinct 401,"County Commissioner, Precinct No. 4",,REP,Michael Fair,30,,,
Morris,Precinct 401,"County Commissioner, Precinct No. 4",,REP,Billy Mack Harrison,112,,,
Morris,Precinct 401,"County Commissioner, Precinct No. 4",,REP,Todd Freeman,144,,,
Morris,Precinct 202,"Justice of the Peace, Precinct 2",,REP,Jennifer T. Easley,39,,,
Morris,Precinct 203,"Justice of the Peace, Precinct 2",,REP,Jennifer T. Easley,61,,,
Morris,Precinct 302,"Justice of the Peace, Precinct 2",,REP,Jennifer T. Easley,43,,,
Morris,Precinct 303,"Justice of the Peace, Precinct 2",,REP,Jennifer T. Easley,62,,,
Morris,Precinct 401,"Justice of the Peace, Precinct 2",,REP,Jennifer T. Easley,202,,,
Morris,Precinct 101,County Chairman,,REP,Carabeth Luckey,18,,,
Morris,Precinct 102,County Chairman,,REP,Carabeth Luckey,9,,,
Morris,Precinct 103,County Chairman,,REP,Carabeth Luckey,32,,,
Morris,Precinct 202,County Chairman,,REP,Carabeth Luckey,42,,,
Morris,Precinct 203,County Chairman,,REP,Carabeth Luckey,60,,,
Morris,Precinct 302,County Chairman,,REP,Carabeth Luckey,44,,,
Morris,Precinct 303,County Chairman,,REP,Carabeth Luckey,67,,,
Morris,Precinct 401,County Chairman,,REP,Carabeth Luckey,209,,,
Morris,Precinct 101,United States Senator,,DEM,"Michael ""Fjet"" Fjetland",8,,,
Morris,Precinct 102,United States Senator,,DEM,"Michael ""Fjet"" Fjetland",3,,,
Morris,Precinct 103,United States Senator,,DEM,"Michael ""Fjet"" Fjetland",5,,,
Morris,Precinct 202,United States Senator,,DEM,"Michael ""Fjet"" Fjetland",17,,,
Morris,Precinct 203,United States Senator,,DEM,"Michael ""Fjet"" Fjetland",12,,,
Morris,Precinct 302,United States Senator,,DEM,"Michael ""Fjet"" Fjetland",2,,,
Morris,Precinct 303,United States Senator,,DEM,"Michael ""Fjet"" Fjetland",5,,,
Morris,Precinct 401,United States Senator,,DEM,"Michael ""Fjet"" Fjetland",15,,,
Morris,Precinct 101,United States Senator,,DEM,Harry Kim,15,,,
Morris,Precinct 102,United States Senator,,DEM,Harry Kim,6,,,
Morris,Precinct 103,United States Senator,,DEM,Harry Kim,10,,,
Morris,Precinct 202,United States Senator,,DEM,Harry Kim,32,,,
Morris,Precinct 203,United States Senator,,DEM,Harry Kim,13,,,
Morris,Precinct 302,United States Senator,,DEM,Harry Kim,5,,,
Morris,Precinct 303,United States Senator,,DEM,Harry Kim,6,,,
Morris,Precinct 401,United States Senator,,DEM,Harry Kim,23,,,
Morris,Precinct 101,United States Senator,,DEM,Kesha Rogers,60,,,
Morris,Precinct 102,United States Senator,,DEM,Kesha Rogers,25,,,
Morris,Precinct 103,United States Senator,,DEM,Kesha Rogers,25,,,
Morris,Precinct 202,United States Senator,,DEM,Kesha Rogers,49,,,
Morris,Precinct 203,United States Senator,,DEM,Kesha Rogers,29,,,
Morris,Precinct 302,United States Senator,,DEM,Kesha Rogers,29,,,
Morris,Precinct 303,United States Senator,,DEM,Kesha Rogers,17,,,
Morris,Precinct 401,United States Senator,,DEM,Kesha Rogers,54,,,
Morris,Precinct 101,United States Senator,,DEM,Maxey Marie Scherr,15,,,
Morris,Precinct 102,United States Senator,,DEM,Maxey Marie Scherr,4,,,
Morris,Precinct 103,United States Senator,,DEM,Maxey Marie Scherr,4,,,
Morris,Precinct 202,United States Senator,,DEM,Maxey Marie Scherr,31,,,
Morris,Precinct 203,United States Senator,,DEM,Maxey Marie Scherr,13,,,
Morris,Precinct 302,United States Senator,,DEM,Maxey Marie Scherr,10,,,
Morris,Precinct 303,United States Senator,,DEM,Maxey Marie Scherr,12,,,
Morris,Precinct 401,United States Senator,,DEM,Maxey Marie Scherr,38,,,
Morris,Precinct 101,United States Senator,,DEM,David M. Alameel,11,,,
Morris,Precinct 102,United States Senator,,DEM,David M. Alameel,19,,,
Morris,Precinct 103,United States Senator,,DEM,David M. Alameel,12,,,
Morris,Precinct 202,United States Senator,,DEM,David M. Alameel,40,,,
Morris,Precinct 203,United States Senator,,DEM,David M. Alameel,16,,,
Morris,Precinct 302,United States Senator,,DEM,David M. Alameel,16,,,
Morris,Precinct 303,United States Senator,,DEM,David M. Alameel,12,,,
Morris,Precinct 401,United States Senator,,DEM,David M. Alameel,46,,,
Morris,Precinct 101,Governor,,DEM,"Reynaldo ""Ray"" Madrigal",27,,,
Morris,Precinct 102,Governor,,DEM,"Reynaldo ""Ray"" Madrigal",6,,,
Morris,Precinct 103,Governor,,DEM,"Reynaldo ""Ray"" Madrigal",10,,,
Morris,Precinct 202,Governor,,DEM,"Reynaldo ""Ray"" Madrigal",54,,,
Morris,Precinct 203,Governor,,DEM,"Reynaldo ""Ray"" Madrigal",35,,,
Morris,Precinct 302,Governor,,DEM,"Reynaldo ""Ray"" Madrigal",19,,,
Morris,Precinct 303,Governor,,DEM,"Reynaldo ""Ray"" Madrigal",12,,,
Morris,Precinct 401,Governor,,DEM,"Reynaldo ""Ray"" Madrigal",50,,,
Morris,Precinct 101,Governor,,DEM,Wendy R. Davis,89,,,
Morris,Precinct 102,Governor,,DEM,Wendy R. Davis,53,,,
Morris,Precinct 103,Governor,,DEM,Wendy R. Davis,52,,,
Morris,Precinct 202,Governor,,DEM,Wendy R. Davis,149,,,
Morris,Precinct 203,Governor,,DEM,Wendy R. Davis,74,,,
Morris,Precinct 302,Governor,,DEM,Wendy R. Davis,54,,,
Morris,Precinct 303,Governor,,DEM,Wendy R. Davis,51,,,
Morris,Precinct 401,Governor,,DEM,Wendy R. Davis,170,,,
Morris,Precinct 101,Lieutenant Governor,,DEM,Leticia Van de Putte,89,,,
Morris,Precinct 102,Lieutenant Governor,,DEM,Leticia Van de Putte,45,,,
Morris,Precinct 103,Lieutenant Governor,,DEM,Leticia Van de Putte,44,,,
Morris,Precinct 202,Lieutenant Governor,,DEM,Leticia Van de Putte,141,,,
Morris,Precinct 203,Lieutenant Governor,,DEM,Leticia Van de Putte,74,,,
Morris,Precinct 302,Lieutenant Governor,,DEM,Leticia Van de Putte,54,,,
Morris,Precinct 303,Lieutenant Governor,,DEM,Leticia Van de Putte,51,,,
Morris,Precinct 401,Lieutenant Governor,,DEM,Leticia Van de Putte,155,,,
Morris,Precinct 101,Attorney General,,DEM,Sam Houston,99,,,
Morris,Precinct 102,Attorney General,,DEM,Sam Houston,48,,,
Morris,Precinct 103,Attorney General,,DEM,Sam Houston,47,,,
Morris,Precinct 202,Attorney General,,DEM,Sam Houston,152,,,
Morris,Precinct 203,Attorney General,,DEM,Sam Houston,82,,,
Morris,Precinct 302,Attorney General,,DEM,Sam Houston,59,,,
Morris,Precinct 303,Attorney General,,DEM,Sam Houston,54,,,
Morris,Precinct 401,Attorney General,,DEM,Sam Houston,163,,,
Morris,Precinct 101,Comptroller of Public Accounts,,DEM,Mike Collier,89,,,
Morris,Precinct 102,Comptroller of Public Accounts,,DEM,Mike Collier,51,,,
Morris,Precinct 103,Comptroller of Public Accounts,,DEM,Mike Collier,46,,,
Morris,Precinct 202,Comptroller of Public Accounts,,DEM,Mike Collier,143,,,
Morris,Precinct 203,Comptroller of Public Accounts,,DEM,Mike Collier,78,,,
Morris,Precinct 302,Comptroller of Public Accounts,,DEM,Mike Collier,59,,,
Morris,Precinct 303,Comptroller of Public Accounts,,DEM,Mike Collier,52,,,
Morris,Precinct 401,Comptroller of Public Accounts,,DEM,Mike Collier,155,,,
Morris,Precinct 101,Commissioner of the General Land Office,,DEM,John Cook,91,,,
Morris,Precinct 102,Commissioner of the General Land Office,,DEM,John Cook,48,,,
Morris,Precinct 103,Commissioner of the General Land Office,,DEM,John Cook,46,,,
Morris,Precinct 202,Commissioner of the General Land Office,,DEM,John Cook,144,,,
Morris,Precinct 203,Commissioner of the General Land Office,,DEM,John Cook,76,,,
Morris,Precinct 302,Commissioner of the General Land Office,,DEM,John Cook,55,,,
Morris,Precinct 303,Commissioner of the General Land Office,,DEM,John Cook,51,,,
Morris,Precinct 401,Commissioner of the General Land Office,,DEM,John Cook,156,,,
Morris,Precinct 101,Commissioner of Agriculture,,DEM,Hugh Asa Fitzsimons III,16,,,
Morris,Precinct 102,Commissioner of Agriculture,,DEM,Hugh Asa Fitzsimons III,14,,,
Morris,Precinct 103,Commissioner of Agriculture,,DEM,Hugh Asa Fitzsimons III,9,,,
Morris,Precinct 202,Commissioner of Agriculture,,DEM,Hugh Asa Fitzsimons III,22,,,
Morris,Precinct 203,Commissioner of Agriculture,,DEM,Hugh Asa Fitzsimons III,13,,,
Morris,Precinct 302,Commissioner of Agriculture,,DEM,Hugh Asa Fitzsimons III,4,,,
Morris,Precinct 303,Commissioner of Agriculture,,DEM,Hugh Asa Fitzsimons III,12,,,
Morris,Precinct 401,Commissioner of Agriculture,,DEM,Hugh Asa Fitzsimons III,11,,,
Morris,Precinct 101,Commissioner of Agriculture,,DEM,Jim Hogan,49,,,
Morris,Precinct 102,Commissioner of Agriculture,,DEM,Jim Hogan,29,,,
Morris,Precinct 103,Commissioner of Agriculture,,DEM,Jim Hogan,26,,,
Morris,Precinct 202,Commissioner of Agriculture,,DEM,Jim Hogan,94,,,
Morris,Precinct 203,Commissioner of Agriculture,,DEM,Jim Hogan,44,,,
Morris,Precinct 302,Commissioner of Agriculture,,DEM,Jim Hogan,35,,,
Morris,Precinct 303,Commissioner of Agriculture,,DEM,Jim Hogan,36,,,
Morris,Precinct 401,Commissioner of Agriculture,,DEM,Jim Hogan,113,,,
Morris,Precinct 101,Commissioner of Agriculture,,DEM,"Richard ""Kinky"" Friedman",35,,,
Morris,Precinct 102,Commissioner of Agriculture,,DEM,"Richard ""Kinky"" Friedman",12,,,
Morris,Precinct 103,Commissioner of Agriculture,,DEM,"Richard ""Kinky"" Friedman",24,,,
Morris,Precinct 202,Commissioner of Agriculture,,DEM,"Richard ""Kinky"" Friedman",66,,,
Morris,Precinct 203,Commissioner of Agriculture,,DEM,"Richard ""Kinky"" Friedman",33,,,
Morris,Precinct 302,Commissioner of Agriculture,,DEM,"Richard ""Kinky"" Friedman",27,,,
Morris,Precinct 303,Commissioner of Agriculture,,DEM,"Richard ""Kinky"" Friedman",11,,,
Morris,Precinct 401,Commissioner of Agriculture,,DEM,"Richard ""Kinky"" Friedman",76,,,
Morris,Precinct 101,Railroad Commissioner,,DEM,Dale Henry,21,,,
Morris,Precinct 102,Railroad Commissioner,,DEM,Dale Henry,17,,,
Morris,Precinct 103,Railroad Commissioner,,DEM,Dale Henry,18,,,
Morris,Precinct 202,Railroad Commissioner,,DEM,Dale Henry,71,,,
Morris,Precinct 203,Railroad Commissioner,,DEM,Dale Henry,25,,,
Morris,Precinct 302,Railroad Commissioner,,DEM,Dale Henry,21,,,
Morris,Precinct 303,Railroad Commissioner,,DEM,Dale Henry,16,,,
Morris,Precinct 401,Railroad Commissioner,,DEM,Dale Henry,68,,,
Morris,Precinct 101,Railroad Commissioner,,DEM,Steve Brown,86,,,
Morris,Precinct 102,Railroad Commissioner,,DEM,Steve Brown,39,,,
Morris,Precinct 103,Railroad Commissioner,,DEM,Steve Brown,38,,,
Morris,Precinct 202,Railroad Commissioner,,DEM,Steve Brown,109,,,
Morris,Precinct 203,Railroad Commissioner,,DEM,Steve Brown,59,,,
Morris,Precinct 302,Railroad Commissioner,,DEM,Steve Brown,41,,,
Morris,Precinct 303,Railroad Commissioner,,DEM,Steve Brown,42,,,
Morris,Precinct 401,Railroad Commissioner,,DEM,Steve Brown,114,,,
Morris,Precinct 101,"Chief Justice, Supreme Court",,DEM,William Moody,91,,,
Morris,Precinct 102,"Chief Justice, Supreme Court",,DEM,William Moody,44,,,
Morris,Precinct 103,"Chief Justice, Supreme Court",,DEM,William Moody,43,,,
Morris,Precinct 202,"Chief Justice, Supreme Court",,DEM,William Moody,143,,,
Morris,Precinct 203,"Chief Justice, Supreme Court",,DEM,William Moody,71,,,
Morris,Precinct 302,"Chief Justice, Supreme Court",,DEM,William Moody,52,,,
Morris,Precinct 303,"Chief Justice, Supreme Court",,DEM,William Moody,51,,,
Morris,Precinct 401,"Chief Justice, Supreme Court",,DEM,William Moody,159,,,
Morris,Precinct 101,"Justice, Supreme Court, PL 6, Unexpired",,DEM,Lawrence Edward Meyers,91,,,
Morris,Precinct 102,"Justice, Supreme Court, PL 6, Unexpired",,DEM,Lawrence Edward Meyers,44,,,
Morris,Precinct 103,"Justice, Supreme Court, PL 6, Unexpired",,DEM,Lawrence Edward Meyers,46,,,
Morris,Precinct 202,"Justice, Supreme Court, PL 6, Unexpired",,DEM,Lawrence Edward Meyers,138,,,
Morris,Precinct 203,"Justice, Supreme Court, PL 6, Unexpired",,DEM,Lawrence Edward Meyers,65,,,
Morris,Precinct 302,"Justice, Supreme Court, PL 6, Unexpired",,DEM,Lawrence Edward Meyers,51,,,
Morris,Precinct 303,"Justice, Supreme Court, PL 6, Unexpired",,DEM,Lawrence Edward Meyers,51,,,
Morris,Precinct 401,"Justice, Supreme Court, PL 6, Unexpired",,DEM,Lawrence Edward Meyers,153,,,
Morris,Precinct 101,"Justice, Supreme Court, Place 7",,DEM,Gina Benavides,93,,,
Morris,Precinct 102,"Justice, Supreme Court, Place 7",,DEM,Gina Benavides,43,,,
Morris,Precinct 103,"Justice, Supreme Court, Place 7",,DEM,Gina Benavides,45,,,
Morris,Precinct 202,"Justice, Supreme Court, Place 7",,DEM,Gina Benavides,143,,,
Morris,Precinct 203,"Justice, Supreme Court, Place 7",,DEM,Gina Benavides,71,,,
Morris,Precinct 302,"Justice, Supreme Court, Place 7",,DEM,Gina Benavides,49,,,
Morris,Precinct 303,"Justice, Supreme Court, Place 7",,DEM,Gina Benavides,51,,,
Morris,Precinct 401,"Justice, Supreme Court, Place 7",,DEM,Gina Benavides,154,,,
Morris,Precinct 101,"Judge, CT of Criminal Appeals, P3",,DEM,John Granberg,92,,,
Morris,Precinct 102,"Judge, CT of Criminal Appeals, P3",,DEM,John Granberg,44,,,
Morris,Precinct 103,"Judge, CT of Criminal Appeals, P3",,DEM,John Granberg,45,,,
Morris,Precinct 202,"Judge, CT of Criminal Appeals, P3",,DEM,John Granberg,136,,,
Morris,Precinct 203,"Judge, CT of Criminal Appeals, P3",,DEM,John Granberg,69,,,
Morris,Precinct 302,"Judge, CT of Criminal Appeals, P3",,DEM,John Granberg,54,,,
Morris,Precinct 303,"Judge, CT of Criminal Appeals, P3",,DEM,John Granberg,52,,,
Morris,Precinct 401,"Judge, CT of Criminal Appeals, P3",,DEM,John Granberg,156,,,
Morris,Precinct 101,County Judge,,DEM,Lynda Forrest Munkres,102,,,
Morris,Precinct 102,County Judge,,DEM,Lynda Forrest Munkres,57,,,
Morris,Precinct 103,County Judge,,DEM,Lynda Forrest Munkres,61,,,
Morris,Precinct 202,County Judge,,DEM,Lynda Forrest Munkres,221,,,
Morris,Precinct 203,County Judge,,DEM,Lynda Forrest Munkres,101,,,
Morris,Precinct 302,County Judge,,DEM,Lynda Forrest Munkres,74,,,
Morris,Precinct 303,County Judge,,DEM,Lynda Forrest Munkres,62,,,
Morris,Precinct 401,County Judge,,DEM,Lynda Forrest Munkres,225,,,
Morris,Precinct 101,District Clerk,,DEM,Gwen Oney,109,,,
Morris,Precinct 102,District Clerk,,DEM,Gwen Oney,61,,,
Morris,Precinct 103,District Clerk,,DEM,Gwen Oney,60,,,
Morris,Precinct 202,District Clerk,,DEM,Gwen Oney,231,,,
Morris,Precinct 203,District Clerk,,DEM,Gwen Oney,108,,,
Morris,Precinct 302,District Clerk,,DEM,Gwen Oney,68,,,
Morris,Precinct 303,District Clerk,,DEM,Gwen Oney,61,,,
Morris,Precinct 401,District Clerk,,DEM,Gwen Oney,223,,,
Morris,Precinct 101,County Clerk,,DEM,Lanesia Neicey Jones,81,,,
Morris,Precinct 102,County Clerk,,DEM,Lanesia Neicey Jones,33,,,
Morris,Precinct 103,County Clerk,,DEM,Lanesia Neicey Jones,37,,,
Morris,Precinct 202,County Clerk,,DEM,Lanesia Neicey Jones,54,,,
Morris,Precinct 203,County Clerk,,DEM,Lanesia Neicey Jones,39,,,
Morris,Precinct 302,County Clerk,,DEM,Lanesia Neicey Jones,48,,,
Morris,Precinct 303,County Clerk,,DEM,Lanesia Neicey Jones,23,,,
Morris,Precinct 401,County Clerk,,DEM,Lanesia Neicey Jones,65,,,
Morris,Precinct 101,County Clerk,,DEM,Vicki Taylor,59,,,
Morris,Precinct 102,County Clerk,,DEM,Vicki Taylor,40,,,
Morris,Precinct 103,County Clerk,,DEM,Vicki Taylor,46,,,
Morris,Precinct 202,County Clerk,,DEM,Vicki Taylor,207,,,
Morris,Precinct 203,County Clerk,,DEM,Vicki Taylor,86,,,
Morris,Precinct 302,County Clerk,,DEM,Vicki Taylor,42,,,
Morris,Precinct 303,County Clerk,,DEM,Vicki Taylor,53,,,
Morris,Precinct 401,County Clerk,,DEM,Vicki Taylor,191,,,
Morris,Precinct 101,County Treasurer,,DEM,Nita Beth Traylor,106,,,
Morris,Precinct 102,County Treasurer,,DEM,Nita Beth Traylor,64,,,
Morris,Precinct 103,County Treasurer,,DEM,Nita Beth Traylor,70,,,
Morris,Precinct 202,County Treasurer,,DEM,Nita Beth Traylor,215,,,
Morris,Precinct 203,County Treasurer,,DEM,Nita Beth Traylor,101,,,
Morris,Precinct 302,County Treasurer,,DEM,Nita Beth Traylor,76,,,
Morris,Precinct 303,County Treasurer,,DEM,Nita Beth Traylor,64,,,
Morris,Precinct 401,County Treasurer,,DEM,Nita Beth Traylor,215,,,
Morris,Precinct 202,"County Commissioner, Precinct No. 2",,DEM,Weldon Lilley,167,,,
Morris,Precinct 203,"County Commissioner, Precinct No. 2",,DEM,Weldon Lilley,72,,,
Morris,Precinct 202,"County Commissioner, Precinct No. 2",,DEM,"Troy ""Tad"" Wallace",99,,,
Morris,Precinct 203,"County Commissioner, Precinct No. 2",,DEM,"Troy ""Tad"" Wallace",18,,,
Morris,Precinct 202,"County Commissioner, Precinct No. 2",,DEM,Bruce Hall,26,,,
Morris,Precinct 203,"County Commissioner, Precinct No. 2",,DEM,Bruce Hall,48,,,
Morris,Precinct 401,"County Commissioner, Precinct No. 4",,DEM,Ricky Tigert,233,,,
Morris,Precinct 101,"Justice of the Peace, Precinct 1",,DEM,Betty Johnson,122,,,
Morris,Precinct 102,"Justice of the Peace, Precinct 1",,DEM,Betty Johnson,61,,,
Morris,Precinct 103,"Justice of the Peace, Precinct 1",,DEM,Betty Johnson,70,,,
Morris,Precinct 202,"Justice of the Peace, Precinct 2",,DEM,Steve Williams,91,,,
Morris,Precinct 203,"Justice of the Peace, Precinct 2",,DEM,Steve Williams,52,,,
Morris,Precinct 302,"Justice of the Peace, Precinct 2",,DEM,Steve Williams,30,,,
Morris,Precinct 303,"Justice of the Peace, Precinct 2",,DEM,Steve Williams,27,,,
Morris,Precinct 401,"Justice of the Peace, Precinct 2",,DEM,Steve Williams,83,,,
Morris,Precinct 202,"Justice of the Peace, Precinct 2",,DEM,Frank Sisk,187,,,
Morris,Precinct 203,"Justice of the Peace, Precinct 2",,DEM,Frank Sisk,71,,,
Morris,Precinct 302,"Justice of the Peace, Precinct 2",,DEM,Frank Sisk,44,,,
Morris,Precinct 303,"Justice of the Peace, Precinct 2",,DEM,Frank Sisk,44,,,
Morris,Precinct 401,"Justice of the Peace, Precinct 2",,DEM,Frank Sisk,173,,,
Morris,Precinct 101,County Chairman,,DEM,Maudie Peters,109,,,
Morris,Precinct 102,County Chairman,,DEM,Maudie Peters,62,,,
Morris,Precinct 103,County Chairman,,DEM,Maudie Peters,56,,,
Morris,Precinct 202,County Chairman,,DEM,Maudie Peters,184,,,
Morris,Precinct 203,County Chairman,,DEM,Maudie Peters,86,,,
Morris,Precinct 302,County Chairman,,DEM,Maudie Peters,60,,,
Morris,Precinct 303,County Chairman,,DEM,Maudie Peters,55,,,
Morris,Precinct 401,County Chairman,,DEM,Maudie Peters,175,,,
Morris,Precinct 101,RELIGIOUS FREEDOM,,REP,YES,23,,,
Morris,Precinct 102,RELIGIOUS FREEDOM,,REP,YES,11,,,
Morris,Precinct 103,RELIGIOUS FREEDOM,,REP,YES,38,,,
Morris,Precinct 202,RELIGIOUS FREEDOM,,REP,YES,52,,,
Morris,Precinct 203,RELIGIOUS FREEDOM,,REP,YES,81,,,
Morris,Precinct 302,RELIGIOUS FREEDOM,,REP,YES,59,,,
Morris,Precinct 303,RELIGIOUS FREEDOM,,REP,YES,78,,,
Morris,Precinct 401,RELIGIOUS FREEDOM,,REP,YES,271,,,
Morris,Precinct 101,RELIGIOUS FREEDOM,,REP,NO,0,,,
Morris,Precinct 102,RELIGIOUS FREEDOM,,REP,NO,0,,,
Morris,Precinct 103,RELIGIOUS FREEDOM,,REP,NO,0,,,
Morris,Precinct 202,RELIGIOUS FREEDOM,,REP,NO,1,,,
Morris,Precinct 203,RELIGIOUS FREEDOM,,REP,NO,1,,,
Morris,Precinct 302,RELIGIOUS FREEDOM,,REP,NO,0,,,
Morris,Precinct 303,RELIGIOUS FREEDOM,,REP,NO,0,,,
Morris,Precinct 401,RELIGIOUS FREEDOM,,REP,NO,4,,,
Morris,Precinct 101,SECOND AMENDMENT,,REP,YES,23,,,
Morris,Precinct 102,SECOND AMENDMENT,,REP,YES,9,,,
Morris,Precinct 103,SECOND AMENDMENT,,REP,YES,38,,,
Morris,Precinct 202,SECOND AMENDMENT,,REP,YES,50,,,
Morris,Precinct 203,SECOND AMENDMENT,,REP,YES,77,,,
Morris,Precinct 302,SECOND AMENDMENT,,REP,YES,58,,,
Morris,Precinct 303,SECOND AMENDMENT,,REP,YES,76,,,
Morris,Precinct 401,SECOND AMENDMENT,,REP,YES,252,,,
Morris,Precinct 101,SECOND AMENDMENT,,REP,NO,1,,,
Morris,Precinct 102,SECOND AMENDMENT,,REP,NO,0,,,
Morris,Precinct 103,SECOND AMENDMENT,,REP,NO,0,,,
Morris,Precinct 202,SECOND AMENDMENT,,REP,NO,3,,,
Morris,Precinct 203,SECOND AMENDMENT,,REP,NO,5,,,
Morris,Precinct 302,SECOND AMENDMENT,,REP,NO,3,,,
Morris,Precinct 303,SECOND AMENDMENT,,REP,NO,2,,,
Morris,Precinct 401,SECOND AMENDMENT,,REP,NO,15,,,
Morris,Precinct 101,FRANCHISE TAX,,REP,YES,24,,,
Morris,Precinct 102,FRANCHISE TAX,,REP,YES,11,,,
Morris,Precinct 103,FRANCHISE TAX,,REP,YES,34,,,
Morris,Precinct 202,FRANCHISE TAX,,REP,YES,50,,,
Morris,Precinct 203,FRANCHISE TAX,,REP,YES,70,,,
Morris,Precinct 302,FRANCHISE TAX,,REP,YES,52,,,
Morris,Precinct 303,FRANCHISE TAX,,REP,YES,72,,,
Morris,Precinct 401,FRANCHISE TAX,,REP,YES,236,,,
Morris,Precinct 101,FRANCHISE TAX,,REP,NO,0,,,
Morris,Precinct 102,FRANCHISE TAX,,REP,NO,0,,,
Morris,Precinct 103,FRANCHISE TAX,,REP,NO,2,,,
Morris,Precinct 202,FRANCHISE TAX,,REP,NO,3,,,
Morris,Precinct 203,FRANCHISE TAX,,REP,NO,9,,,
Morris,Precinct 302,FRANCHISE TAX,,REP,NO,6,,,
Morris,Precinct 303,FRANCHISE TAX,,REP,NO,6,,,
Morris,Precinct 401,FRANCHISE TAX,,REP,NO,30,,,
Morris,Precinct 101,WELFARE REFORM,,REP,YES,24,,,
Morris,Precinct 102,WELFARE REFORM,,REP,YES,10,,,
Morris,Precinct 103,WELFARE REFORM,,REP,YES,38,,,
Morris,Precinct 202,WELFARE REFORM,,REP,YES,52,,,
Morris,Precinct 203,WELFARE REFORM,,REP,YES,81,,,
Morris,Precinct 302,WELFARE REFORM,,REP,YES,59,,,
Morris,Precinct 303,WELFARE REFORM,,REP,YES,71,,,
Morris,Precinct 401,WELFARE REFORM,,REP,YES,269,,,
Morris,Precinct 101,WELFARE REFORM,,REP,NO,0,,,
Morris,Precinct 102,WELFARE REFORM,,REP,NO,0,,,
Morris,Precinct 103,WELFARE REFORM,,REP,NO,0,,,
Morris,Precinct 202,WELFARE REFORM,,REP,NO,2,,,
Morris,Precinct 203,WELFARE REFORM,,REP,NO,2,,,
Morris,Precinct 302,WELFARE REFORM,,REP,NO,2,,,
Morris,Precinct 303,WELFARE REFORM,,REP,NO,8,,,
Morris,Precinct 401,WELFARE REFORM,,REP,NO,7,,,
Morris,Precinct 101,NO LAWMAKERS EXCEPTIONS,,REP,YES,24,,,
Morris,Precinct 102,NO LAWMAKERS EXCEPTIONS,,REP,YES,11,,,
Morris,Precinct 103,NO LAWMAKERS EXCEPTIONS,,REP,YES,38,,,
Morris,Precinct 202,NO LAWMAKERS EXCEPTIONS,,REP,YES,52,,,
Morris,Precinct 203,NO LAWMAKERS EXCEPTIONS,,REP,YES,80,,,
Morris,Precinct 302,NO LAWMAKERS EXCEPTIONS,,REP,YES,61,,,
Morris,Precinct 303,NO LAWMAKERS EXCEPTIONS,,REP,YES,78,,,
Morris,Precinct 401,NO LAWMAKERS EXCEPTIONS,,REP,YES,278,,,
Morris,Precinct 101,NO LAWMAKERS EXCEPTIONS,,REP,NO,0,,,
Morris,Precinct 102,NO LAWMAKERS EXCEPTIONS,,REP,NO,0,,,
Morris,Precinct 103,NO LAWMAKERS EXCEPTIONS,,REP,NO,0,,,
Morris,Precinct 202,NO LAWMAKERS EXCEPTIONS,,REP,NO,2,,,
Morris,Precinct 203,NO LAWMAKERS EXCEPTIONS,,REP,NO,2,,,
Morris,Precinct 302,NO LAWMAKERS EXCEPTIONS,,REP,NO,0,,,
Morris,Precinct 303,NO LAWMAKERS EXCEPTIONS,,REP,NO,0,,,
Morris,Precinct 401,NO LAWMAKERS EXCEPTIONS,,REP,NO,0,,,
Morris,Precinct 101,OBAMACARE,,REP,YES,24,,,
Morris,Precinct 102,OBAMACARE,,REP,YES,11,,,
Morris,Precinct 103,OBAMACARE,,REP,YES,37,,,
Morris,Precinct 202,OBAMACARE,,REP,YES,53,,,
Morris,Precinct 203,OBAMACARE,,REP,YES,77,,,
Morris,Precinct 302,OBAMACARE,,REP,YES,60,,,
Morris,Precinct 303,OBAMACARE,,REP,YES,77,,,
Morris,Precinct 401,OBAMACARE,,REP,YES,272,,,
Morris,Precinct 101,OBAMACARE,,REP,NO,0,,,
Morris,Precinct 102,OBAMACARE,,REP,NO,0,,,
Morris,Precinct 103,OBAMACARE,,REP,NO,0,,,
Morris,Precinct 202,OBAMACARE,,REP,NO,1,,,
Morris,Precinct 203,OBAMACARE,,REP,NO,4,,,
Morris,Precinct 302,OBAMACARE,,REP,NO,0,,,
Morris,Precinct 303,OBAMACARE,,REP,NO,2,,,
Morris,Precinct 401,OBAMACARE,,REP,NO,8,,,
Morris,Precinct 101,ON IMMIGRATION REFORM,,DEM,FOR,70,,,
Morris,Precinct 102,ON IMMIGRATION REFORM,,DEM,FOR,38,,,
Morris,Precinct 103,ON IMMIGRATION REFORM,,DEM,FOR,29,,,
Morris,Precinct 202,ON IMMIGRATION REFORM,,DEM,FOR,132,,,
Morris,Precinct 203,ON IMMIGRATION REFORM,,DEM,FOR,74,,,
Morris,Precinct 302,ON IMMIGRATION REFORM,,DEM,FOR,52,,,
Morris,Precinct 303,ON IMMIGRATION REFORM,,DEM,FOR,38,,,
Morris,Precinct 401,ON IMMIGRATION REFORM,,DEM,FOR,166,,,
Morris,Precinct 101,ON IMMIGRATION REFORM,,DEM,AGAINST,21,,,
Morris,Precinct 102,ON IMMIGRATION REFORM,,DEM,AGAINST,13,,,
Morris,Precinct 103,ON IMMIGRATION REFORM,,DEM,AGAINST,23,,,
Morris,Precinct 202,ON IMMIGRATION REFORM,,DEM,AGAINST,72,,,
Morris,Precinct 203,ON IMMIGRATION REFORM,,DEM,AGAINST,32,,,
Morris,Precinct 302,ON IMMIGRATION REFORM,,DEM,AGAINST,18,,,
Morris,Precinct 303,ON IMMIGRATION REFORM,,DEM,AGAINST,23,,,
Morris,Precinct 401,ON IMMIGRATION REFORM,,DEM,AGAINST,37,,,
Morris,Precinct 101,A LIVING WAGE FOR ALL TEXANS,,DEM,FOR,104,,,
Morris,Precinct 102,A LIVING WAGE FOR ALL TEXANS,,DEM,FOR,58,,,
Morris,Precinct 103,A LIVING WAGE FOR ALL TEXANS,,DEM,FOR,48,,,
Morris,Precinct 202,A LIVING WAGE FOR ALL TEXANS,,DEM,FOR,136,,,
Morris,Precinct 203,A LIVING WAGE FOR ALL TEXANS,,DEM,FOR,65,,,
Morris,Precinct 302,A LIVING WAGE FOR ALL TEXANS,,DEM,FOR,54,,,
Morris,Precinct 303,A LIVING WAGE FOR ALL TEXANS,,DEM,FOR,52,,,
Morris,Precinct 401,A LIVING WAGE FOR ALL TEXANS,,DEM,FOR,160,,,
Morris,Precinct 101,A LIVING WAGE FOR ALL TEXANS,,DEM,AGAINST,12,,,
Morris,Precinct 102,A LIVING WAGE FOR ALL TEXANS,,DEM,AGAINST,8,,,
Morris,Precinct 103,A LIVING WAGE FOR ALL TEXANS,,DEM,AGAINST,20,,,
Morris,Precinct 202,A LIVING WAGE FOR ALL TEXANS,,DEM,AGAINST,90,,,
Morris,Precinct 203,A LIVING WAGE FOR ALL TEXANS,,DEM,AGAINST,47,,,
Morris,Precinct 302,A LIVING WAGE FOR ALL TEXANS,,DEM,AGAINST,28,,,
Morris,Precinct 303,A LIVING WAGE FOR ALL TEXANS,,DEM,AGAINST,14,,,
Morris,Precinct 401,A LIVING WAGE FOR ALL TEXANS,,DEM,AGAINST,77,,,
Morris,Precinct 101,MEDICAID EXPANSION,,DEM,FOR,103,,,
Morris,Precinct 102,MEDICAID EXPANSION,,DEM,FOR,57,,,
Morris,Precinct 103,MEDICAID EXPANSION,,DEM,FOR,47,,,
Morris,Precinct 202,MEDICAID EXPANSION,,DEM,FOR,119,,,
Morris,Precinct 203,MEDICAID EXPANSION,,DEM,FOR,61,,,
Morris,Precinct 302,MEDICAID EXPANSION,,DEM,FOR,57,,,
Morris,Precinct 303,MEDICAID EXPANSION,,DEM,FOR,46,,,
Morris,Precinct 401,MEDICAID EXPANSION,,DEM,FOR,152,,,
Morris,Precinct 101,MEDICAID EXPANSION,,DEM,AGAINST,11,,,
Morris,Precinct 102,MEDICAID EXPANSION,,DEM,AGAINST,10,,,
Morris,Precinct 103,MEDICAID EXPANSION,,DEM,AGAINST,19,,,
Morris,Precinct 202,MEDICAID EXPANSION,,DEM,AGAINST,102,,,
Morris,Precinct 203,MEDICAID EXPANSION,,DEM,AGAINST,49,,,
Morris,Precinct 302,MEDICAID EXPANSION,,DEM,AGAINST,26,,,
Morris,Precinct 303,MEDICAID EXPANSION,,DEM,AGAINST,18,,,
Morris,Precinct 401,MEDICAID EXPANSION,,DEM,AGAINST,82,,,
Morris,Precinct 101,ON NON-DISCRIMINATION LEGISLATION,,DEM,FOR,99,,,
Morris,Precinct 102,ON NON-DISCRIMINATION LEGISLATION,,DEM,FOR,49,,,
Morris,Precinct 103,ON NON-DISCRIMINATION LEGISLATION,,DEM,FOR,45,,,
Morris,Precinct 202,ON NON-DISCRIMINATION LEGISLATION,,DEM,FOR,113,,,
Morris,Precinct 203,ON NON-DISCRIMINATION LEGISLATION,,DEM,FOR,54,,,
Morris,Precinct 302,ON NON-DISCRIMINATION LEGISLATION,,DEM,FOR,56,,,
Morris,Precinct 303,ON NON-DISCRIMINATION LEGISLATION,,DEM,FOR,46,,,
Morris,Precinct 401,ON NON-DISCRIMINATION LEGISLATION,,DEM,FOR,150,,,
Morris,Precinct 101,ON NON-DISCRIMINATION LEGISLATION,,DEM,AGAINST,13,,,
Morris,Precinct 102,ON NON-DISCRIMINATION LEGISLATION,,DEM,AGAINST,15,,,
Morris,Precinct 103,ON NON-DISCRIMINATION LEGISLATION,,DEM,AGAINST,21,,,
Morris,Precinct 202,ON NON-DISCRIMINATION LEGISLATION,,DEM,AGAINST,97,,,
Morris,Precinct 203,ON NON-DISCRIMINATION LEGISLATION,,DEM,AGAINST,53,,,
Morris,Precinct 302,ON NON-DISCRIMINATION LEGISLATION,,DEM,AGAINST,28,,,
Morris,Precinct 303,ON NON-DISCRIMINATION LEGISLATION,,DEM,AGAINST,17,,,
Morris,Precinct 401,ON NON-DISCRIMINATION LEGISLATION,,DEM,AGAINST,80,,,
