office,district,candidate,incumbent,party,votes,pct
U.S. Senate,,John Cornyn,True,REP,2861531,61.56
U.S. Senate,,David M. Alameel,False,DEM,1597387,34.36
U.S. Senate,,Rebecca Paddock,False,LIB,133751,2.88
U.S. Senate,,"Emily ""Spicybrown"" Sanchez",False,GRN,54701,1.18
U.S. Senate,,Mohammed Tahiro,False,WI,988,0.02
U.S. Senate,,Total,,,4648358,
U. S. Representative,1,Louie Gohmert,True,REP,115084,77.47
U. S. Representative,1,Shirley J. McKellar,False,DEM,33476,22.53
U. S. Representative,1,Total,,,148560,
U. S. Representative,2,Ted Poe,True,REP,101936,67.95
U. S. Representative,2,Niko Letsos,False,DEM,44462,29.64
U. S. Representative,2,James B. Veasaw,False,LIB,2316,1.54
U. S. Representative,2,Mark Roberts,False,GRN,1312,0.87
U. S. Representative,2,Total,,,150026,
U. S. Representative,3,Sam Johnson,True,REP,113404,82.01
U. S. Representative,3,Paul Blair,False,GRN,24876,17.99
U. S. Representative,3,Total,,,138280,
U. S. Representative,4,John Ratcliffe,False,REP,115085,100.00
U. S. Representative,4,Total,,,115085,
U. S. Representative,5,Jeb Hensarling,True,REP,88998,85.36
U. S. Representative,5,Ken Ashby,False,LIB,15264,14.64
U. S. Representative,5,Total,,,104262,
U. S. Representative,6,Joe Barton,True,REP,92334,61.15
U. S. Representative,6,David E. Cozad,False,DEM,55027,36.44
U. S. Representative,6,Hugh Chauvin,False,LIB,3635,2.41
U. S. Representative,6,Total,,,150996,
U. S. Representative,7,John Culberson,True,REP,90606,63.26
U. S. Representative,7,James Cargas,False,DEM,49478,34.55
U. S. Representative,7,Gerald Fowler,False,LIB,3135,2.19
U. S. Representative,7,Total,,,143219,
U. S. Representative,8,Kevin Brady,True,REP,125066,89.32
U. S. Representative,8,Ken Petty,False,LIB,14947,10.68
U. S. Representative,8,Total,,,140013,
U. S. Representative,9,Al Green,True,DEM,78109,90.82
U. S. Representative,9,Johnny Johnson,False,LIB,7894,9.18
U. S. Representative,9,Total,,,86003,
U. S. Representative,10,Michael McCaul,True,REP,109726,62.18
U. S. Representative,10,Tawana WalterCadien,False,DEM,60243,34.14
U. S. Representative,10,Bill Kelsey,False,LIB,6491,3.68
U. S. Representative,10,Total,,,176460,
U. S. Representative,11,Mike Conaway,True,REP,107939,90.27
U. S. Representative,11,Ryan T. Lange,False,LIB,11635,9.73
U. S. Representative,11,Total,,,119574,
U. S. Representative,12,Kay Granger,True,REP,113186,71.31
U. S. Representative,12,Mark Greene,False,DEM,41757,26.31
U. S. Representative,12,Ed Colliver,False,LIB,3787,2.39
U. S. Representative,12,Total,,,158730,
U. S. Representative,13,Mac Thornberry,True,REP,110842,84.32
U. S. Representative,13,Mike Minter,False,DEM,16822,12.80
U. S. Representative,13,Emily Pivoda,False,LIB,2863,2.18
U. S. Representative,13,Don Cook,False,GRN,924,0.70
U. S. Representative,13,Total,,,131451,
U. S. Representative,14,Randy Weber,True,REP,90116,61.85
U. S. Representative,14,Donald G. Brown,False,DEM,52545,36.06
U. S. Representative,14,John Wieder,False,LIB,3037,2.08
U. S. Representative,14,Total,,,145698,
U. S. Representative,15,Eddie Zamora,False,REP,39016,43.26
U. S. Representative,15,Rubén Hinojosa,True,DEM,48708,54.01
U. S. Representative,15,Johnny Partain,False,LIB,2460,2.73
U. S. Representative,15,Total,,,90184,
U. S. Representative,16,Corey Roen,False,REP,21324,29.17
U. S. Representative,16,Beto O'Rourke,True,DEM,49338,67.49
U. S. Representative,16,Jaime O. Perez,False,LIB,2443,3.34
U. S. Representative,16,Total,,,73105,
U. S. Representative,17,Bill Flores,True,REP,85807,64.58
U. S. Representative,17,Nick Haynes,False,DEM,43049,32.40
U. S. Representative,17,Shawn Michael Hamilton,False,LIB,4009,3.02
U. S. Representative,17,Total,,,132865,
U. S. Representative,18,Sean Seibert,False,REP,26249,24.76
U. S. Representative,18,Sheila Jackson Lee,True,DEM,76097,71.78
U. S. Representative,18,Remington Alessi,False,GRN,1302,1.23
U. S. Representative,18,Vince Duncan,False,IND,2362,2.23
U. S. Representative,18,Total,,,106010,
U. S. Representative,19,Randy Neugebauer,True,REP,90160,77.18
U. S. Representative,19,Neal Marchbanks,False,DEM,21458,18.37
U. S. Representative,19,Richard (Chip) Peterson,False,LIB,5146,4.41
U. S. Representative,19,Donald L. Vance,False,WI,54,0.05
U. S. Representative,19,Total,,,116818,
U. S. Representative,20,Joaquin Castro,True,DEM,66554,75.66
U. S. Representative,20,Jeffrey C. Blunt,False,LIB,21410,24.34
U. S. Representative,20,Total,,,87964,
U. S. Representative,21,Lamar Smith,True,REP,135660,71.78
U. S. Representative,21,Ryan Shields,False,LIB,25505,13.49
U. S. Representative,21,Antonio Diaz,False,GRN,27831,14.73
U. S. Representative,21,Total,,,188996,
U. S. Representative,22,Pete Olson,True,REP,100861,66.55
U. S. Representative,22,Frank Briscoe,False,DEM,47844,31.57
U. S. Representative,22,Rob Lapham,False,LIB,2861,1.89
U. S. Representative,22,Total,,,151566,
U. S. Representative,23,Will Hurd,False,REP,57459,49.78
U. S. Representative,23,Pete P. Gallego,True,DEM,55037,47.68
U. S. Representative,23,Ruben Corvalan,False,LIB,2933,2.54
U. S. Representative,23,Total,,,115429,
U. S. Representative,24,Kenny E. Marchant,True,REP,93712,65.04
U. S. Representative,24,Patrick McGehearty,False,DEM,46548,32.31
U. S. Representative,24,Mike Kolls,False,LIB,3813,2.65
U. S. Representative,24,Total,,,144073,
U. S. Representative,25,Roger Williams,True,REP,107120,60.22
U. S. Representative,25,Marco Montoya,False,DEM,64463,36.24
U. S. Representative,25,John Betz,False,LIB,6300,3.54
U. S. Representative,25,Total,,,177883,
U. S. Representative,26,Michael Burgess,True,REP,116944,82.66
U. S. Representative,26,Mark Boler,False,LIB,24526,17.34
U. S. Representative,26,Total,,,141470,
U. S. Representative,27,Blake Farenthold,True,REP,83342,63.60
U. S. Representative,27,Wesley Reed,False,DEM,44152,33.69
U. S. Representative,27,Roxanne Simonson,False,LIB,3553,2.71
U. S. Representative,27,Total,,,131047,
U. S. Representative,28,Henry Cuellar,True,DEM,62508,82.10
U. S. Representative,28,William Aikens,False,LIB,10153,13.34
U. S. Representative,28,Michael D. Cary,False,GRN,3475,4.56
U. S. Representative,28,Total,,,76136,
U. S. Representative,29,Gene Green,True,DEM,41321,89.55
U. S. Representative,29,James Stanczak,False,LIB,4822,10.45
U. S. Representative,29,Total,,,46143,
U. S. Representative,30,Eddie Bernice Johnson,True,DEM,93041,87.95
U. S. Representative,30,Max W. Koch III,False,LIB,7154,6.76
U. S. Representative,30,Eric LeMonte Williams,False,IND,5598,5.29
U. S. Representative,30,Total,,,105793,
U. S. Representative,31,John Carter,True,REP,91607,64.05
U. S. Representative,31,Louie Minor,False,DEM,45715,31.96
U. S. Representative,31,Scott J. Ballard,False,LIB,5706,3.99
U. S. Representative,31,Total,,,143028,
U. S. Representative,32,Pete Sessions,True,REP,96495,61.82
U. S. Representative,32,Frank Perez,False,DEM,55325,35.44
U. S. Representative,32,Ed Rankin,False,LIB,4276,2.74
U. S. Representative,32,Total,,,156096,
U. S. Representative,33,Marc Veasey,True,DEM,43769,86.51
U. S. Representative,33,Jason Reeves,False,LIB,6823,13.49
U. S. Representative,33,Total,,,50592,
U. S. Representative,34,Larry S. Smith,False,REP,30811,38.57
U. S. Representative,34,Filemon B Vela,True,DEM,47503,59.47
U. S. Representative,34,Ryan Rowley,False,LIB,1563,1.96
U. S. Representative,34,Total,,,79877,
U. S. Representative,35,Susan Narvaiz,False,REP,32040,33.30
U. S. Representative,35,Lloyd Doggett,True,DEM,60124,62.48
U. S. Representative,35,Cory W. Bruner,False,LIB,2767,2.88
U. S. Representative,35,Kat Swift,False,GRN,1294,1.34
U. S. Representative,35,Total,,,96225,
U. S. Representative,36,Brian Babin,False,REP,101663,75.96
U. S. Representative,36,Michael K. Cole,False,DEM,29543,22.07
U. S. Representative,36,Rodney Veach,False,LIB,1951,1.46
U. S. Representative,36,"Hal J. Ridley, Jr",False,GRN,685,0.51
U. S. Representative,36,Total,,,133842,
Governor,,Greg Abbott,False,REP,2796547,59.27
Governor,,Wendy R. Davis,False,DEM,1835596,38.90
Governor,,Kathie Glass,False,LIB,66543,1.41
Governor,,Brandon Parmer,False,GRN,18520,0.39
Governor,,Sarah M. Pavitt,False,WI,1062,0.02
Governor,,Total,,,4718268,
Lieutenant Governor,,Dan Patrick,False,REP,2724493,58.14
Lieutenant Governor,,Leticia Van de Putte,False,DEM,1813974,38.71
Lieutenant Governor,,Robert D. Butler,False,LIB,119833,2.56
Lieutenant Governor,,Chandrakantha Courtney,False,GRN,27719,0.59
Lieutenant Governor,,Total,,,4686019,
Attorney General,,Ken Paxton,False,REP,2743473,58.82
Attorney General,,Sam Houston,False,DEM,1773250,38.02
Attorney General,,Jamie Balagia,False,LIB,118197,2.53
Attorney General,,Jamar Osborne,False,GRN,29591,0.63
Attorney General,,Total,,,4664511,
Comptroller of Public Accounts,,Glenn Hegar,False,REP,2698682,58.38
Comptroller of Public Accounts,,Mike Collier,False,DEM,1742250,37.69
Comptroller of Public Accounts,,Ben Sanders,False,LIB,136884,2.96
Comptroller of Public Accounts,,Deb Shafto,False,GRN,44985,0.97
Comptroller of Public Accounts,,Total,,,4622801,
Commissioner of the General Land Office,,George P. Bush,False,REP,2827584,60.68
Commissioner of the General Land Office,,John Cook,False,DEM,1645828,35.32
Commissioner of the General Land Office,,Justin Knight,False,LIB,126422,2.71
Commissioner of the General Land Office,,Valerie Alessi,False,GRN,60116,1.29
Commissioner of the General Land Office,,Total,,,4659950,
Commissioner of Agriculture,,Sid Miller,False,REP,2699508,58.60
Commissioner of Agriculture,,Jim Hogan,False,DEM,1697227,36.84
Commissioner of Agriculture,,David (Rocky) Palmquist,False,LIB,132518,2.88
Commissioner of Agriculture,,Kenneth Kendrick,False,GRN,77557,1.68
Commissioner of Agriculture,,Total,,,4606810,
Railroad Commissioner,,Ryan Sitton,False,REP,2691417,58.34
Railroad Commissioner,,Steve Brown,False,DEM,1682796,36.48
Railroad Commissioner,,Mark A. Miller,False,LIB,145381,3.15
Railroad Commissioner,,Martina Salinas,False,GRN,93813,2.03
Railroad Commissioner,,Total,,,4613407,
"Chief Justice, Supreme Court",,Nathan Hecht,True,REP,2757218,59.69
"Chief Justice, Supreme Court",,William Moody,False,DEM,1720343,37.25
"Chief Justice, Supreme Court",,Tom Oxford,False,LIB,141338,3.06
"Chief Justice, Supreme Court",,Total,,,4618899,
Justice Supreme Court,6 Unexpired Term,Jeff Brown,True,REP,2772824,60.32
Justice Supreme Court,6 Unexpired Term,Lawrence Edward Meyers,False,DEM,1677478,36.49
Justice Supreme Court,6 Unexpired Term,Mark Ash,False,LIB,146530,3.19
Justice Supreme Court,6 Unexpired Term,Total,,,4596832,
Justice Supreme Court,7,Jeff Boyd,True,REP,2711363,58.90
Justice Supreme Court,7,Gina Benavides,False,DEM,1731031,37.60
Justice Supreme Court,7,Don Fulton,False,LIB,126725,2.75
Justice Supreme Court,7,Charles E. Waterbury,False,GRN,34493,0.75
Justice Supreme Court,7,Total,,,4603612,
Justice Supreme Court,8,Phil Johnson,True,REP,2948052,78.80
Justice Supreme Court,8,RS Roberto Koelsch,False,LIB,447522,11.96
Justice Supreme Court,8,Jim Chisolm,False,GRN,345675,9.24
Justice Supreme Court,8,Total,,,3741249,
Judge Court of Criminal Appeals,3,Bert Richardson,False,REP,2738412,59.85
Judge Court of Criminal Appeals,3,John Granberg,False,DEM,1671921,36.54
Judge Court of Criminal Appeals,3,Mark W. Bennett,False,LIB,165327,3.61
Judge Court of Criminal Appeals,3,Total,,,4575660,
Judge Court of Criminal Appeals,4,Kevin Patrick Yeary,False,REP,2876256,76.22
Judge Court of Criminal Appeals,4,Quanah Parker,False,LIB,503492,13.34
Judge Court of Criminal Appeals,4,Judith SandersCastro,False,GRN,394015,10.44
Judge Court of Criminal Appeals,4,Total,,,3773763,
Judge Court of Criminal Appeals,9,David Newell,False,REP,2929963,78.29
Judge Court of Criminal Appeals,9,"William Bryan Strange, III",False,LIB,492026,13.15
Judge Court of Criminal Appeals,9,George Joseph Altgelt,False,GRN,320520,8.56
Judge Court of Criminal Appeals,9,Total,,,3742509,
Member State Board of Education,2,Ruben Cortez Jr.,True,DEM,131275,100.00
Member State Board of Education,2,Total,,,131275,
Member State Board of Education,3,Dave Mundy,False,REP,81295,37.30
Member State Board of Education,3,Marisa B. Perez,True,DEM,129840,59.57
Member State Board of Education,3,Josh Morales,False,LIB,6827,3.13
Member State Board of Education,3,Total,,,217962,
Member State Board of Education,4,Dorothy Olmos,False,REP,48804,23.54
Member State Board of Education,4,Lawrence A. Allen Jr.,True,DEM,158506,76.46
Member State Board of Education,4,Total,,,207310,
Member State Board of Education,7,David Bradley,True,REP,226856,63.89
Member State Board of Education,7,Kathy King,False,DEM,120212,33.85
Member State Board of Education,7,Megan DaGata,False,LIB,8021,2.26
Member State Board of Education,7,Total,,,355089,
Member State Board of Education,11,"Patricia ""Pat"" Hardy",True,REP,242165,65.12
Member State Board of Education,11,Nancy Bean,False,DEM,116674,31.37
Member State Board of Education,11,Craig Sanders,False,LIB,13044,3.51
Member State Board of Education,11,Total,,,371883,
Member State Board of Education,12,"Geraldine ""Tincy"" Miller",True,REP,222347,61.39
Member State Board of Education,12,Lois Parrott,False,DEM,127616,35.24
Member State Board of Education,12,Mark Wester,False,LIB,12210,3.37
Member State Board of Education,12,Total,,,362173,
Member State Board of Education,13,Erika Beltran,False,DEM,172404,89.83
Member State Board of Education,13,Junart Sodoy,False,LIB,19520,10.17
Member State Board of Education,13,Total,,,191924,
State Senate,2,Bob Hall,False,REP,99925,83.58
State Senate,2,Don Bates,False,LIB,19626,16.42
State Senate,2,Total,,,119551,
State Senate,3,Robert Nichols,True,REP,140069,90.56
State Senate,3,J. Tyler Lindsey,False,LIB,14605,9.44
State Senate,3,Total,,,154674,
State Senate,5,Charles Schwertner,True,REP,112930,64.97
State Senate,5,Joel Shapiro,False,DEM,54286,31.23
State Senate,5,Matthew Whittington,False,LIB,6595,3.79
State Senate,5,Total,,,173811,
State Senate,7,Paul Bettencourt,False,REP,123551,71.82
State Senate,7,Jim Davis,False,DEM,45230,26.29
State Senate,7,Whitney Bilyeu,False,LIB,3244,1.89
State Senate,7,Total,,,172025,
State Senate,8,Van Taylor,False,REP,114498,79.07
State Senate,8,Scott Jameson,False,LIB,30312,20.93
State Senate,8,Total,,,144810,
State Senate,9,Kelly Hancock,True,REP,89331,65.06
State Senate,9,Gregory R. Perry,False,DEM,47965,34.94
State Senate,9,Total,,,137296,
State Senate,10,Konni Burton,False,REP,95532,52.83
State Senate,10,Libby Willis,False,DEM,80872,44.72
State Senate,10,Gene Lord,False,LIB,3340,1.85
State Senate,10,John Tunmire,False,GRN,1094,0.60
State Senate,10,Total,,,180838,
State Senate,14,Kirk Watson,True,DEM,154391,79.98
State Senate,14,James Arthur Strohm,False,LIB,38648,20.02
State Senate,14,Total,,,193039,
State Senate,15,Ron Hale,False,REP,48249,38.48
State Senate,15,John Whitmire,True,DEM,74192,59.17
State Senate,15,"Gilberto Velasquez, Jr.",False,LIB,2947,2.35
State Senate,15,Total,,,125388,
State Senate,16,Don Huffines,False,REP,106546,100.00
State Senate,16,Total,,,106546,
State Senate,17,Joan Huffman,True,REP,113817,63.34
State Senate,17,Rita Lucido,False,DEM,60934,33.91
State Senate,17,George Hardy,False,LIB,3642,2.03
State Senate,17,David Courtney,False,GRN,1303,0.73
State Senate,17,Total,,,179696,
State Senate,23,John Lawson,False,REP,23520,18.84
State Senate,23,Royce West,True,DEM,99102,79.39
State Senate,23,Jonathan F. Erhardt,False,LIB,2204,1.77
State Senate,23,Total,,,124826,
State Senate,25,Donna Campbell,True,REP,153536,65.15
State Senate,25,Daniel Boone,False,DEM,75012,31.83
State Senate,25,Brandin P. Lea,False,LIB,7106,3.02
State Senate,25,Total,,,235654,
State Senate,30,Craig Estes,True,REP,140240,86.65
State Senate,30,Cory Lane,False,LIB,21599,13.35
State Senate,30,Total,,,161839,
State Senate,31,Kel Seliger,True,REP,107885,90.43
State Senate,31,Steven Gibson,False,LIB,11416,9.57
State Senate,31,Total,,,119301,
State Representative,1,Gary VanDeaver,False,REP,29585,100.00
State Representative,1,Total,,,29585,
State Representative,2,Dan Flynn,True,REP,28847,100.00
State Representative,2,Total,,,28847,
State Representative,3,Cecil Bell Jr.,True,REP,28760,91.08
State Representative,3,B. Larry Parr,False,LIB,2818,8.92
State Representative,3,Total,,,31578,
State Representative,4,Stuart Spitzer,False,REP,26660,89.13
State Representative,4,Frederick (Rick) Stralow,False,LIB,3253,10.87
State Representative,4,Total,,,29913,
State Representative,5,Bryan Hughes,True,REP,30779,92.34
State Representative,5,Ron Walenta,False,LIB,2552,7.66
State Representative,5,Total,,,33331,
State Representative,6,Matt Schaefer,True,REP,26684,87.84
State Representative,6,Joel Gardner,False,LIB,3695,12.16
State Representative,6,Total,,,30379,
State Representative,7,David Simpson,True,REP,25342,100.00
State Representative,7,Total,,,25342,
State Representative,8,Byron Cook,True,REP,25897,87.85
State Representative,8,John Wilford,False,LIB,3581,12.15
State Representative,8,Total,,,29478,
State Representative,9,Chris Paddie,True,REP,29412,100.00
State Representative,9,Total,,,29412,
State Representative,10,John Wray,False,REP,27319,100.00
State Representative,10,Total,,,27319,
State Representative,11,Travis Clardy,True,REP,25980,100.00
State Representative,11,Total,,,25980,
State Representative,12,Kyle Kacal,True,REP,22617,100.00
State Representative,12,Total,,,22617,
State Representative,13,Lois W. Kolkhorst,True,REP,35589,100.00
State Representative,13,Total,,,35589,
State Representative,14,John Raney,True,REP,15193,68.08
State Representative,14,Andrew Metscher,False,DEM,6358,28.49
State Representative,14,Bruce L. Pugh,False,LIB,765,3.43
State Representative,14,Total,,,22316,
State Representative,15,Mark Keough,False,REP,36260,100.00
State Representative,15,Total,,,36260,
State Representative,16,Will Metcalf,False,REP,29132,83.79
State Representative,16,"Michael Hayles, Sr.",False,DEM,4748,13.66
State Representative,16,Bob Townsend,False,LIB,887,2.55
State Representative,16,Total,,,34767,
State Representative,17,Tim Kleinschmidt,True,REP,22737,64.60
State Representative,17,Carolyn Banks,False,DEM,12459,35.40
State Representative,17,Total,,,35196,
State Representative,18,John Otto,True,REP,23808,100.00
State Representative,18,Total,,,23808,
State Representative,19,James E. White,True,REP,30543,100.00
State Representative,19,Total,,,30543,
State Representative,20,Marsha Farney,True,REP,35110,73.33
State Representative,20,Stephen M. Wyman,False,DEM,10883,22.73
State Representative,20,Jarrod Weaver,False,LIB,1884,3.94
State Representative,20,Total,,,47877,
State Representative,21,Dade Phelan,False,REP,28283,74.39
State Representative,21,Gavin Bruney,False,DEM,9739,25.61
State Representative,21,Total,,,38022,
State Representative,22,Joe Deshotel,True,DEM,24203,100.00
State Representative,22,Total,,,24203,
State Representative,23,Wayne Faircloth,False,REP,17784,54.64
State Representative,23,Susan Criss,False,DEM,14763,45.36
State Representative,23,Total,,,32547,
State Representative,24,Greg Bonnen,True,REP,31757,100.00
State Representative,24,Total,,,31757,
State Representative,25,Dennis Bonnen,True,REP,25927,100.00
State Representative,25,Total,,,25927,
State Representative,26,"D.F. ""Rick"" Miller",True,REP,25458,69.68
State Representative,26,Amber C. Paaso,False,DEM,11080,30.32
State Representative,26,Total,,,36538,
State Representative,27,David Hamilton,False,REP,11990,33.02
State Representative,27,Ron Reynolds,True,DEM,24326,66.98
State Representative,27,Total,,,36316,
State Representative,28,John Zerwas,True,REP,30122,100.00
State Representative,28,Total,,,30122,
State Representative,29,Ed Thompson,True,REP,25777,100.00
State Representative,29,Total,,,25777,
State Representative,30,Geanie W. Morrison,True,REP,28224,100.00
State Representative,30,Total,,,28224,
State Representative,31,Ryan Guillen,True,DEM,16396,100.00
State Representative,31,Total,,,16396,
State Representative,32,Todd Hunter,True,REP,23348,100.00
State Representative,32,Total,,,23348,
State Representative,33,Scott Turner,True,REP,32013,100.00
State Representative,33,Total,,,32013,
State Representative,34,Abel Herrero,True,DEM,16241,100.00
State Representative,34,Total,,,16241,
State Representative,35,Oscar Longoria,True,DEM,11431,100.00
State Representative,35,Total,,,11431,
State Representative,36,"Sergio Munoz, Jr.",True,DEM,12055,100.00
State Representative,36,Total,,,12055,
State Representative,37,Rene O. Oliveira,True,DEM,10504,100.00
State Representative,37,Total,,,10504,
State Representative,38,Eddie Lucio III,True,DEM,11718,100.00
State Representative,38,Total,,,11718,
State Representative,39,"Armando ""Mando"" Martinez",True,DEM,14409,100.00
State Representative,39,Total,,,14409,
State Representative,40,Terry Canales,True,DEM,11998,100.00
State Representative,40,Total,,,11998,
State Representative,41,Elijah Israel Casas,False,REP,8539,42.54
State Representative,41,Bobby Guerra,True,DEM,11532,57.46
State Representative,41,Total,,,20071,
State Representative,42,Richard Pena Raymond,True,DEM,16103,88.44
State Representative,42,Nicolas Serna III,False,GRN,2104,11.56
State Representative,42,Total,,,18207,
State Representative,43,J.M. Lozano,True,REP,17294,61.41
State Representative,43,Kim Gonzalez,False,DEM,10869,38.59
State Representative,43,Total,,,28163,
State Representative,44,John Kuempel,True,REP,30558,75.68
State Representative,44,Robert M. Bohmfalk,False,DEM,9821,24.32
State Representative,44,Total,,,40379,
State Representative,45,Jason A. Isaac,True,REP,25739,72.64
State Representative,45,Jim Duke,False,LIB,9696,27.36
State Representative,45,Total,,,35435,
State Representative,46,Dawnna Dukes,True,DEM,23959,84.03
State Representative,46,Kevin Ludlow,False,LIB,4552,15.97
State Representative,46,Total,,,28511,
State Representative,47,Paul D. Workman,True,REP,37455,73.04
State Representative,47,Scott G. McKinlay,False,LIB,13822,26.96
State Representative,47,Total,,,51277,
State Representative,48,Donna Howard,True,DEM,39668,78.10
State Representative,48,Ben Easton,False,LIB,11126,21.90
State Representative,48,Total,,,50794,
State Representative,49,Elliott Naishtat,True,DEM,38548,85.08
State Representative,49,Daniel Krawisz,False,LIB,6759,14.92
State Representative,49,Total,,,45307,
State Representative,50,Mike VanDeWalle,False,REP,14359,37.13
State Representative,50,Celia Israel,False,DEM,22690,58.68
State Representative,50,David Dreesen,False,LIB,1620,4.19
State Representative,50,Total,,,38669,
State Representative,51,Eddie Rodriguez,True,DEM,21467,87.36
State Representative,51,Arthur DiBianca,False,LIB,3105,12.64
State Representative,51,Total,,,24572,
State Representative,52,Larry Gonzales,True,REP,18235,56.42
State Representative,52,Chris Osborn,False,DEM,12452,38.53
State Representative,52,Irene Johnson,False,LIB,1633,5.05
State Representative,52,Total,,,32320,
State Representative,53,Andrew S. Murr,False,REP,36878,89.91
State Representative,53,Maximilian Martin,False,LIB,4139,10.09
State Representative,53,Total,,,41017,
State Representative,54,Jimmie Don Aycock,True,REP,17190,100.00
State Representative,54,Total,,,17190,
State Representative,55,Molly S. White,False,REP,18278,100.00
State Representative,55,Total,,,18278,
State Representative,56,"Charles ""Doc"" Anderson",True,REP,25654,83.35
State Representative,56,Clif Deuvall,False,LIB,5125,16.65
State Representative,56,Total,,,30779,
State Representative,57,Trent Ashby,True,REP,28174,100.00
State Representative,57,Total,,,28174,
State Representative,58,DeWayne Burns,False,REP,26866,80.44
State Representative,58,Greg A. Kauffman,False,DEM,6532,19.56
State Representative,58,Total,,,33398,
State Representative,59,J.D. Sheffield,True,REP,22586,100.00
State Representative,59,Total,,,22586,
State Representative,60,"James L. ""Jim"" Keffer",True,REP,33878,100.00
State Representative,60,Total,,,33878,
State Representative,61,Phil King,True,REP,36504,83.04
State Representative,61,Matthew Britt,False,DEM,7458,16.96
State Representative,61,Total,,,43962,
State Representative,62,Larry Phillips,True,REP,24501,100.00
State Representative,62,Total,,,24501,
State Representative,63,Tan Parker,True,REP,30809,77.34
State Representative,63,Daniel Moran,False,DEM,9026,22.66
State Representative,63,Total,,,39835,
State Representative,64,Myra Crownover,True,REP,23674,63.39
State Representative,64,Emy Lyons,False,DEM,12611,33.77
State Representative,64,Braeden Wright,False,GRN,1059,2.84
State Representative,64,Total,,,37344,
State Representative,65,Ron Simmons,True,REP,18812,64.31
State Representative,65,Alex Mendoza,False,DEM,10440,35.69
State Representative,65,Total,,,29252,
State Representative,66,Matt Shaheen,False,REP,24751,100.00
State Representative,66,Total,,,24751,
State Representative,67,Jeff Leach,True,REP,25432,78.56
State Representative,67,Patrick Peavy,False,LIB,6941,21.44
State Representative,67,Total,,,32373,
State Representative,68,Drew Springer,True,REP,30979,100.00
State Representative,68,Total,,,30979,
State Representative,69,James Frank,True,REP,22822,100.00
State Representative,69,Total,,,22822,
State Representative,70,Scott Sanford,True,REP,29534,100.00
State Representative,70,Total,,,29534,
State Representative,71,Susan L. King,True,REP,22950,100.00
State Representative,71,Total,,,22950,
State Representative,72,Drew Darby,True,REP,24364,100.00
State Representative,72,Total,,,24364,
State Representative,73,Doug Miller,True,REP,46194,100.00
State Representative,73,Total,,,46194,
State Representative,74,Poncho Nevárez,True,DEM,15968,100.00
State Representative,74,Total,,,15968,
State Representative,75,Mary E. Gonzalez,True,DEM,8453,100.00
State Representative,75,Total,,,8453,
State Representative,76,Cesar Blanco,False,DEM,11923,87.09
State Representative,76,J. Alexandro Lozano,False,LIB,1767,12.91
State Representative,76,Total,,,13690,
State Representative,77,Marisa Marquez,True,DEM,11324,78.15
State Representative,77,Ben E. Mendoza,False,IND,3166,21.85
State Representative,77,Total,,,14490,
State Representative,78,Joe Moody,True,DEM,12880,100.00
State Representative,78,Total,,,12880,
State Representative,79,Joe C. Pickett,True,DEM,12001,100.00
State Representative,79,Total,,,12001,
State Representative,80,Tracy O. King,True,DEM,14981,89.61
State Representative,80,Marco Buentello,False,GRN,1737,10.39
State Representative,80,Total,,,16718,
State Representative,81,Brooks Landgraf,False,REP,17006,99.04
State Representative,81,Michael J. McCulloch,False,WI,165,0.96
State Representative,81,Total,,,17171,
State Representative,82,Tom Craddick,True,REP,24262,100.00
State Representative,82,Total,,,24262,
State Representative,83,Dustin Burrows,False,REP,26950,81.22
State Representative,83,Max R. Tarbox,False,DEM,6231,18.78
State Representative,83,Total,,,33181,
State Representative,84,John Frullo,True,REP,16913,72.71
State Representative,84,Ed Tishler,False,DEM,6347,27.29
State Representative,84,Total,,,23260,
State Representative,85,Phil Stephenson,True,REP,19215,66.61
State Representative,85,Cynthia Drabek,False,DEM,9630,33.39
State Representative,85,Total,,,28845,
State Representative,86,John Smithee,True,REP,31589,100.00
State Representative,86,Total,,,31589,
State Representative,87,Four Price,True,REP,19714,84.33
State Representative,87,Abel Bosquez,False,DEM,3664,15.67
State Representative,87,Total,,,23378,
State Representative,88,Ken King,True,REP,22578,93.17
State Representative,88,Kerry McKennon,False,LIB,1654,6.83
State Representative,88,Total,,,24232,
State Representative,89,Jodie Laubenberg,True,REP,28135,71.61
State Representative,89,Sameena Karmally,False,DEM,11154,28.39
State Representative,89,Total,,,39289,
State Representative,90,Ramon Romero Jr.,False,DEM,9909,100.00
State Representative,90,Total,,,9909,
State Representative,91,Stephanie Klick,True,REP,22802,68.74
State Representative,91,David L. Ragan,False,DEM,9349,28.18
State Representative,91,Felecia Whatley,False,LIB,1021,3.08
State Representative,91,Total,,,33172,
State Representative,92,Jonathan Stickland,True,REP,21976,63.62
State Representative,92,Tina Penney,False,DEM,12567,36.38
State Representative,92,Total,,,34543,
State Representative,93,Matt Krause,True,REP,20433,100.00
State Representative,93,Total,,,20433,
State Representative,94,Tony Tinderholt,False,REP,23046,56.63
State Representative,94,Cole Ballweg,False,DEM,16481,40.49
State Representative,94,Robert Harris,False,LIB,1172,2.88
State Representative,94,Total,,,40699,
State Representative,95,Albert G. McDaniel,False,REP,7002,24.22
State Representative,95,Nicole Collier,True,DEM,21908,75.78
State Representative,95,Total,,,28910,
State Representative,96,Bill Zedler,True,REP,22822,80.75
State Representative,96,Quinn Eaker,False,LIB,5442,19.25
State Representative,96,Total,,,28264,
State Representative,97,Craig Goldman,True,REP,27977,81.63
State Representative,97,Rod Wingo,False,LIB,6295,18.37
State Representative,97,Total,,,34272,
State Representative,98,Giovanni Capriglione,True,REP,39407,100.00
State Representative,98,Total,,,39407,
State Representative,99,Charlie Geren,True,REP,26144,100.00
State Representative,99,Total,,,26144,
State Representative,100,Eric Johnson,True,DEM,17209,89.97
State Representative,100,Brian Chapman,False,LIB,1919,10.03
State Representative,100,Total,,,19128,
State Representative,101,Chris Turner,True,DEM,14926,84.59
State Representative,101,Carl Nulsen,False,LIB,2720,15.41
State Representative,101,Total,,,17646,
State Representative,102,Linda Koop,False,REP,20394,62.49
State Representative,102,George M. Clayton,False,DEM,12243,37.51
State Representative,102,Total,,,32637,
State Representative,103,Rafael M. Anchia,True,DEM,12190,100.00
State Representative,103,Total,,,12190,
State Representative,104,Roberto R. Alonzo,True,DEM,9765,100.00
State Representative,104,Total,,,9765,
State Representative,105,Rodney Anderson,False,REP,13600,55.45
State Representative,105,Susan Motley,False,DEM,10478,42.72
State Representative,105,W.Carl Spiller,False,LIB,449,1.83
State Representative,105,Total,,,24527,
State Representative,106,Pat Fallon,True,REP,24419,69.93
State Representative,106,Lisa Osterholt,False,DEM,9614,27.53
State Representative,106,Rodney Caston,False,LIB,886,2.54
State Representative,106,Total,,,34919,
State Representative,107,Kenneth Sheets,True,REP,16891,55.02
State Representative,107,Carol Donovan,False,DEM,13807,44.98
State Representative,107,Total,,,30698,
State Representative,108,Morgan Meyer,False,REP,24973,60.68
State Representative,108,Leigh Bailey,False,DEM,16182,39.32
State Representative,108,Total,,,41155,
State Representative,109,Helen Giddings,True,DEM,31504,100.00
State Representative,109,Total,,,31504,
State Representative,110,Toni Rose,True,DEM,15505,100.00
State Representative,110,Total,,,15505,
State Representative,111,Yvonne Davis,True,DEM,26681,100.00
State Representative,111,Total,,,26681,
State Representative,112,Angie Chen Button,True,REP,19131,81.63
State Representative,112,Michael Binkley,False,LIB,4305,18.37
State Representative,112,Total,,,23436,
State Representative,113,Cindy Burkett,True,REP,17644,59.43
State Representative,113,Milton Whitley,False,DEM,12047,40.57
State Representative,113,Total,,,29691,
State Representative,114,Jason Villalba,True,REP,25334,81.07
State Representative,114,Thomas Griffing,False,LIB,5915,18.93
State Representative,114,Total,,,31249,
State Representative,115,Matt Rinaldi,False,REP,16999,57.11
State Representative,115,Paul K. Stafford,False,DEM,11767,39.53
State Representative,115,Kim Kelley,False,LIB,999,3.36
State Representative,115,Total,,,29765,
State Representative,116,Trey Martinez Fischer,True,DEM,16639,100.00
State Representative,116,Total,,,16639,
State Representative,117,Rick Galindo,False,REP,12835,52.70
State Representative,117,Philip Cortez,True,DEM,11521,47.30
State Representative,117,Total,,,24356,
State Representative,118,Joe Farias,True,DEM,14531,100.00
State Representative,118,Total,,,14531,
State Representative,119,Roland Gutierrez,True,DEM,15361,100.00
State Representative,119,Total,,,15361,
State Representative,120,Ruth Jones McClendon,True,DEM,16892,82.28
State Representative,120,Gilberto Villela,False,LIB,3637,17.72
State Representative,120,Total,,,20529,
State Representative,121,Joe Straus,True,REP,33845,82.10
State Representative,121,Jeff Carruthers,False,LIB,7381,17.90
State Representative,121,Total,,,41226,
State Representative,122,Lyle Larson,True,REP,42473,85.01
State Representative,122,James M. Holland,False,LIB,7489,14.99
State Representative,122,Total,,,49962,
State Representative,123,Mike Villarreal,True,DEM,20178,86.28
State Representative,123,Paul Ingmundson,False,GRN,3210,13.72
State Representative,123,Total,,,23388,
State Representative,124,Jose Menendez,True,DEM,16236,100.00
State Representative,124,Total,,,16236,
State Representative,125,Justin Rodriguez,True,DEM,17143,76.92
State Representative,125,Daniel Behrman,False,LIB,5144,23.08
State Representative,125,Total,,,22287,
State Representative,126,Patricia Harless,True,REP,23899,86.31
State Representative,126,Cris Hernandez,False,LIB,3791,13.69
State Representative,126,Total,,,27690,
State Representative,127,Dan Huberty,True,REP,31214,100.00
State Representative,127,Total,,,31214,
State Representative,128,Wayne Smith,True,REP,23887,90.70
State Representative,128,Ken Lowder,False,LIB,2450,9.30
State Representative,128,Total,,,26337,
State Representative,129,Dennis Paul,False,REP,26415,67.81
State Representative,129,John Gay,False,DEM,12540,32.19
State Representative,129,Total,,,38955,
State Representative,130,Allen Fletcher,True,REP,34489,90.77
State Representative,130,Art Browning,False,GRN,3506,9.23
State Representative,130,Total,,,37995,
State Representative,131,Alma A. Allen,True,DEM,20408,100.00
State Representative,131,Total,,,20408,
State Representative,132,Mike Schofield,False,REP,20535,66.12
State Representative,132,Luis Lopez,False,DEM,10523,33.88
State Representative,132,Total,,,31058,
State Representative,133,Jim Murphy,True,REP,34530,74.60
State Representative,133,Laura Nicol,False,DEM,11754,25.40
State Representative,133,Total,,,46284,
State Representative,134,Sarah Davis,True,REP,32092,61.18
State Representative,134,Alison Ruff,False,DEM,20364,38.82
State Representative,134,Total,,,52456,
State Representative,135,Gary Elkins,True,REP,19630,65.86
State Representative,135,Moiz Abbas,False,DEM,10175,34.14
State Representative,135,Total,,,29805,
State Representative,136,Tony Dale,True,REP,20862,54.20
State Representative,136,"John H. Bucy, III",False,DEM,15821,41.10
State Representative,136,Justin Billiot,False,LIB,1811,4.70
State Representative,136,Total,,,38494,
State Representative,137,Morad H. Fiki,False,REP,5211,42.14
State Representative,137,Gene Wu,True,DEM,7155,57.86
State Representative,137,Total,,,12366,
State Representative,138,Dwayne Bohac,True,REP,17622,66.78
State Representative,138,Fred R. Vernon,False,DEM,8766,33.22
State Representative,138,Total,,,26388,
State Representative,139,Sylvester Turner,True,DEM,21802,100.00
State Representative,139,Total,,,21802,
State Representative,140,Armando Lucio Walle,True,DEM,8125,100.00
State Representative,140,Total,,,8125,
State Representative,141,Senfronia Thompson,True,DEM,16162,100.00
State Representative,141,Total,,,16162,
State Representative,142,"Harold V. Dutton, Jr.",True,DEM,17602,100.00
State Representative,142,Total,,,17602,
State Representative,143,Ana Hernandez,True,DEM,10610,100.00
State Representative,143,Total,,,10610,
State Representative,144,Gilbert Pena,False,REP,6015,50.64
State Representative,144,Mary Ann Perez,True,DEM,5863,49.36
State Representative,144,Total,,,11878,
State Representative,145,Carol Alvarado,True,DEM,10255,100.00
State Representative,145,Total,,,10255,
State Representative,146,Borris L. Miles,True,DEM,21702,91.87
State Representative,146,Morgan Bradford,False,GRN,1920,8.13
State Representative,146,Total,,,23622,
State Representative,147,Garnet F. Coleman,True,DEM,25288,100.00
State Representative,147,Total,,,25288,
State Representative,148,Chris Carmona,False,REP,9356,39.71
State Representative,148,Jessica Cristina Farrar,True,DEM,14207,60.29
State Representative,148,Total,,,23563,
State Representative,149,Al Hoang,False,REP,9820,45.10
State Representative,149,Hubert Vo,True,DEM,11954,54.90
State Representative,149,Total,,,21774,
State Representative,150,Debbie Riddle,True,REP,28133,73.15
State Representative,150,Amy Perez,False,DEM,10328,26.85
State Representative,150,Total,,,38461,
"Chief Justice, 3rd Court of Appeals District",,Jeff Rose,False,REP,307589,54.13
"Chief Justice, 3rd Court of Appeals District",,Diane Henson,False,DEM,260661,45.87
"Chief Justice, 3rd Court of Appeals District",,Total,,,568250,
"Chief Justice, 4th Court of Appeals District",,Sandee Bryan Marion,False,REP,258379,55.52
"Chief Justice, 4th Court of Appeals District",,Irene Rios,False,DEM,206982,44.48
"Chief Justice, 4th Court of Appeals District",,Total,,,465361,
"Chief Justice, 7th Court of Appeals District",,Brian Quinn,True,REP,122899,100.00
"Chief Justice, 7th Court of Appeals District",,Total,,,122899,
"Chief Justice, 8th Court of Appeals District",,Ann Crawford McClure,True,DEM,63816,100.00
"Chief Justice, 8th Court of Appeals District",,Total,,,63816,
"Chief Justice, 9th Court of Appeals District",,Steve McKeithen,True,REP,176220,100.00
"Chief Justice, 9th Court of Appeals District",,Total,,,176220,
"Chief Justice, 12th Court of Appeals District",,Jim Worthen,True,REP,160453,100.00
"Chief Justice, 12th Court of Appeals District",,Total,,,160453,
"Chief Justice, 14th Court of Appeals District",,Kem Thompson Frost,True,REP,551558,57.64
"Chief Justice, 14th Court of Appeals District",,Kyle Carter,False,DEM,405415,42.36
"Chief Justice, 14th Court of Appeals District",,Total,,,956973,
Justice 1st Court of Appeals District,3,Russell Lloyd,False,REP,547589,57.13
Justice 1st Court of Appeals District,3,Jim Sharp,True,DEM,410857,42.87
Justice 1st Court of Appeals District,3,Total,,,958446,
Justice 1st Court of Appeals District,5,Laura Carter Higley,True,REP,612156,100.00
Justice 1st Court of Appeals District,5,Total,,,612156,
Justice 2nd Court of Appeals District,2,Bill Meier,True,REP,427437,100.00
Justice 2nd Court of Appeals District,2,Total,,,427437,
Justice 2nd Court of Appeals District,7,Lee Gabriel,True,REP,425604,100.00
Justice 2nd Court of Appeals District,7,Total,,,425604,
Justice 5th Court of Appeals District,3,Ada Brown,True,REP,396487,100.00
Justice 5th Court of Appeals District,3,Total,,,396487,
Justice 5th Court of Appeals District,5 Unexpired Term,Craig Stoddart,False,REP,354978,55.61
Justice 5th Court of Appeals District,5 Unexpired Term,Ken Molberg,False,DEM,283306,44.39
Justice 5th Court of Appeals District,5 Unexpired Term,Total,,,638284,
Justice 5th Court of Appeals District,6,David L. Bridges,True,REP,394341,100.00
Justice 5th Court of Appeals District,6,Total,,,394341,
Justice 5th Court of Appeals District,8,Bill Whitehill,False,REP,392724,100.00
Justice 5th Court of Appeals District,8,Total,,,392724,
Justice 6th Court of Appeals District,3,Ralph K. Burgess,False,REP,126539,100.00
Justice 6th Court of Appeals District,3,Total,,,126539,
Justice 9th Court of Appeals District,3 Unexpired Term,Leanne Johnson,True,REP,175399,100.00
Justice 9th Court of Appeals District,3 Unexpired Term,Total,,,175399,
Justice 10th Court of Appeals District,2,Rex Davis,True,REP,165527,100.00
Justice 10th Court of Appeals District,2,Total,,,165527,
Justice 11th Court of Appeals District,2,Mike Willson,True,REP,101928,100.00
Justice 11th Court of Appeals District,2,Total,,,101928,
Justice 11th Court of Appeals District,3 Unexpired Term,John Bailey,True,REP,102127,100.00
Justice 11th Court of Appeals District,3 Unexpired Term,Total,,,102127,
Justice 13th Court of Appeals District,6,Doug Norman,False,REP,126332,49.15
Justice 13th Court of Appeals District,6,Dori Contreras Garza,True,DEM,130724,50.85
Justice 13th Court of Appeals District,6,Total,,,257056,
Justice 14th Court of Appeals District,4 Unexpired Term,Marc Brown,True,REP,609248,100.00
Justice 14th Court of Appeals District,4 Unexpired Term,Total,,,609248,
Justice 14th Court of Appeals District,7,Ken Wise,True,REP,556600,58.24
Justice 14th Court of Appeals District,7,Gordon Goodman,False,DEM,399103,41.76
Justice 14th Court of Appeals District,7,Total,,,955703,
District Judge,Judicial District 1A,Delinda GibbsWalker,False,REP,11492,100.00
District Judge,Judicial District 1A,Total,,,11492,
District Judge,30th Judicial District,Bob Brotherton,True,REP,17536,100.00
District Judge,30th Judicial District,Total,,,17536,
District Judge,31st Judicial District,Steven R. Emmert,True,REP,6480,100.00
District Judge,31st Judicial District,Total,,,6480,
District Judge,36th Judicial District,Starr Bauer,True,REP,18214,100.00
District Judge,36th Judicial District,Total,,,18214,
District Judge,39th Judicial District,Shane Hadaway,True,DEM,1260,100.00
District Judge,39th Judicial District,Total,,,1260,
District Judge,40th Judicial District,Bob Carroll,True,REP,24949,100.00
District Judge,40th Judicial District,Total,,,24949,
District Judge,44th Judicial District,Bonnie Lee Goldstein,False,DEM,229881,100.00
District Judge,44th Judicial District,Total,,,229881,
District Judge,45th Judicial District,Stephani Walsh,False,REP,155970,53.40
District Judge,45th Judicial District,John Bustamante,False,DEM,136127,46.60
District Judge,45th Judicial District,Total,,,292097,
District Judge,46th Judicial District,Dan Mike Bird,True,DEM,2489,100.00
District Judge,46th Judicial District,Total,,,2489,
District Judge,47th Judicial District,Dan L. Schaap,True,REP,36964,100.00
District Judge,47th Judicial District,Total,,,36964,
District Judge,49th Judicial District,Joe Lopez,True,DEM,24118,100.00
District Judge,49th Judicial District,Total,,,24118,
District Judge,54th Judicial District,Matt Johnson,True,REP,34298,100.00
District Judge,54th Judicial District,Total,,,34298,
District Judge,55th Judicial District,Jeff Shadwick,True,REP,358420,54.29
District Judge,55th Judicial District,Kay Morgan,False,DEM,301795,45.71
District Judge,55th Judicial District,Total,,,660215,
District Judge,58th Judicial District,Tom Rugg Sr.,False,REP,23360,44.30
District Judge,58th Judicial District,Kent Walston,False,DEM,29366,55.70
District Judge,58th Judicial District,Total,,,52726,
District Judge,64th Judicial District,Rob Kinkaid,True,REP,6015,100.00
District Judge,64th Judicial District,Total,,,6015,
District Judge,66th Judicial District,Lee Harris,False,REP,7494,100.00
District Judge,66th Judicial District,Total,,,7494,
District Judge,68th Judicial District,Martin Jerome Hoffman,True,DEM,227604,100.00
District Judge,68th Judicial District,Total,,,227604,
District Judge,69th Judicial District,Ron Enns,True,REP,4848,100.00
District Judge,69th Judicial District,Total,,,4848,
District Judge,70th Judicial District,Denn Whalen,True,REP,12726,100.00
District Judge,70th Judicial District,Total,,,12726,
District Judge,75th Judicial District,Mark Morefield,True,REP,10098,100.00
District Judge,75th Judicial District,Total,,,10098,
District Judge,81st Judicial District,Donna S. Rayes,True,DEM,13008,100.00
District Judge,81st Judicial District,Total,,,13008,
District Judge,82nd Judicial District,Robert Stem,True,DEM,5254,100.00
District Judge,82nd Judicial District,Total,,,5254,
District Judge,83rd Judicial District,Robert E. Cadena,True,REP,6044,57.29
District Judge,83rd Judicial District,F. David Ortiz,False,DEM,4506,42.71
District Judge,83rd Judicial District,Total,,,10550,
District Judge,85th Judicial District,Kyle Hawthorne,False,REP,23876,100.00
District Judge,85th Judicial District,Total,,,23876,
District Judge,86th Judicial District,Casey Blair,False,REP,15582,100.00
District Judge,86th Judicial District,Total,,,15582,
District Judge,87th Judicial District,Deborah Oakes Evans,True,REP,19159,100.00
District Judge,87th Judicial District,Total,,,19159,
District Judge,92nd Judicial District,Jaime Tijerina,True,REP,28559,36.71
District Judge,92nd Judicial District,Luis Manuel Singleterry,False,DEM,49236,63.29
District Judge,92nd Judicial District,Total,,,77795,
District Judge,94th Judicial District,Bobby Galvan,True,DEM,32377,100.00
District Judge,94th Judicial District,Total,,,32377,
District Judge,101st Judicial District,Staci Williams,False,DEM,228105,100.00
District Judge,101st Judicial District,Total,,,228105,
District Judge,102nd Judicial District,Bobby Lockhart,True,REP,19613,100.00
District Judge,102nd Judicial District,Total,,,19613,
District Judge,103rd Judicial District,Janet L. Leal,True,DEM,26255,100.00
District Judge,103rd Judicial District,Total,,,26255,
District Judge,105th Judicial District,Jack William Pulcher,False,REP,32243,52.65
District Judge,105th Judicial District,Rose Meza Harrison,False,DEM,28992,47.35
District Judge,105th Judicial District,Total,,,61235,
District Judge,106th Judicial District,Carter T. Schildknecht,True,REP,5416,100.00
District Judge,106th Judicial District,Total,,,5416,
District Judge,107th Judicial District,"Benjamin Euresti, Jr.",True,DEM,26022,100.00
District Judge,107th Judicial District,Total,,,26022,
District Judge,109th Judicial District,Martin B. Muncy,True,REP,3458,100.00
District Judge,109th Judicial District,Total,,,3458,
District Judge,110th Judicial District,William P. Smith,True,REP,2145,100.00
District Judge,110th Judicial District,Total,,,2145,
District Judge,111th Judicial District,Monica Zapata Notzon,True,DEM,23217,100.00
District Judge,111th Judicial District,Total,,,23217,
District Judge,112th Judicial District,"Pedro ""Pete"" Gomez, Jr.",True,DEM,3327,100.00
District Judge,112th Judicial District,Total,,,3327,
District Judge,113th Judicial District,Michael Landrum,True,REP,353377,53.55
District Judge,113th Judicial District,Steven E. Kirkland,False,DEM,306520,46.45
District Judge,113th Judicial District,Total,,,659897,
District Judge,115th Judicial District,"Lauren ""Laurie"" Parish",True,REP,9020,100.00
District Judge,115th Judicial District,Total,,,9020,
District Judge,116th Judicial District,Tonya Parker,True,DEM,228298,100.00
District Judge,116th Judicial District,Total,,,228298,
District Judge,117th Judicial District,Sandra Watts,True,DEM,33418,100.00
District Judge,117th Judicial District,Total,,,33418,
District Judge,118th Judicial District,Timothy Don Yeats,True,REP,5003,100.00
District Judge,118th Judicial District,Total,,,5003,
District Judge,120th Judicial District,Maria Salas Mendoza,True,DEM,54372,100.00
District Judge,120th Judicial District,Total,,,54372,
District Judge,122nd Judicial District,John Ellisor,True,REP,45078,100.00
District Judge,122nd Judicial District,Total,,,45078,
District Judge,134th Judicial District,Dale Tillery,True,DEM,225159,100.00
District Judge,134th Judicial District,Total,,,225159,
District Judge,137th Judicial District,"John ""Trey"" McClendon",True,REP,38280,100.00
District Judge,137th Judicial District,Total,,,38280,
District Judge,141st Judicial District,John P. Chupp,True,REP,233078,100.00
District Judge,141st Judicial District,Total,,,233078,
District Judge,144th Judicial District,Lorina Rummel,True,REP,155601,53.54
District Judge,144th Judicial District,Paul Vasquez,False,DEM,135042,46.46
District Judge,144th Judicial District,Total,,,290643,
District Judge,147th Judicial District,Cliff Brown,True,DEM,181097,100.00
District Judge,147th Judicial District,Total,,,181097,
District Judge,148th Judicial District,Guy Williams,True,REP,29021,51.83
District Judge,148th Judicial District,"Augustin ""Augie"" Rivera, Jr.",False,DEM,26973,48.17
District Judge,148th Judicial District,Total,,,55994,
District Judge,149th Judicial District,Terri Tipton Holder,True,REP,45771,100.00
District Judge,149th Judicial District,Total,,,45771,
District Judge,150th Judicial District,Renee McElhaney,False,REP,157683,54.05
District Judge,150th Judicial District,Edna Elizondo,False,DEM,134068,45.95
District Judge,150th Judicial District,Total,,,291751,
District Judge,154th Judicial District,Felix Klein,True,REP,1798,100.00
District Judge,154th Judicial District,Total,,,1798,
District Judge,155th Judicial District,Jeff R. Steinhauser,True,REP,12315,100.00
District Judge,155th Judicial District,Total,,,12315,
District Judge,156th Judicial District,Patrick L. Flanigan,False,REP,18207,100.00
District Judge,156th Judicial District,Total,,,18207,
District Judge,157th Judicial District,Randy Wilson,True,REP,362033,54.93
District Judge,157th Judicial District,Jim Peacock,False,DEM,297068,45.07
District Judge,157th Judicial District,Total,,,659101,
District Judge,158th Judicial District,Steve Burgess,True,REP,102133,100.00
District Judge,158th Judicial District,Total,,,102133,
District Judge,159th Judicial District,Paul E. White,True,REP,13585,100.00
District Judge,159th Judicial District,Total,,,13585,
District Judge,160th Judicial District,Jim Jordan,True,DEM,221954,100.00
District Judge,160th Judicial District,Total,,,221954,
District Judge,168th Judicial District,Marcos Lizarraga,True,DEM,54087,100.00
District Judge,168th Judicial District,Total,,,54087,
District Judge,169th Judicial District,Gordon G. Adams,True,REP,31150,100.00
District Judge,169th Judicial District,Total,,,31150,
District Judge,170th Judicial District,Jim Meyer,True,REP,33749,100.00
District Judge,170th Judicial District,Total,,,33749,
District Judge,171st Judicial District,Bonnie Rangel,True,DEM,54407,100.00
District Judge,171st Judicial District,Total,,,54407,
District Judge,172nd Judicial District,Rick Williams,False,REP,25500,48.39
District Judge,172nd Judicial District,Donald J. Floyd,True,DEM,27193,51.61
District Judge,172nd Judicial District,Total,,,52693,
District Judge,173rd Judicial District,Dan Moore,True,REP,14019,100.00
District Judge,173rd Judicial District,Total,,,14019,
District Judge,180th Judicial District,Catherine Evans,True,REP,366849,55.69
District Judge,180th Judicial District,Randy Roll,False,DEM,291882,44.31
District Judge,180th Judicial District,Total,,,658731,
District Judge,181st Judicial District,John B. Board,True,REP,36561,100.00
District Judge,181st Judicial District,Total,,,36561,
District Judge,182nd Judicial District,Jeannine Barr,True,REP,399916,100.00
District Judge,182nd Judicial District,Total,,,399916,
District Judge,183rd Judicial District,Vanessa Velasquez,True,REP,400925,100.00
District Judge,183rd Judicial District,Total,,,400925,
District Judge,184th Judicial District,Jan Krocker,True,REP,355242,54.02
District Judge,184th Judicial District,Mark Thering,False,DEM,302388,45.98
District Judge,184th Judicial District,Total,,,657630,
District Judge,185th Judicial District,Susan Brown,True,REP,366445,55.61
District Judge,185th Judicial District,Mack McInnis,False,DEM,292541,44.39
District Judge,185th Judicial District,Total,,,658986,
District Judge,186th Judicial District,Jefferson Moore,False,REP,146348,50.36
District Judge,186th Judicial District,Mary T. Green,False,DEM,144229,49.64
District Judge,186th Judicial District,Total,,,290577,
District Judge,187th Judicial District,Steve Hilbig,False,REP,155419,52.88
District Judge,187th Judicial District,Stephanie R. Boyd,False,DEM,138487,47.12
District Judge,187th Judicial District,Total,,,293906,
District Judge,188th Judicial District,David Brabham,True,REP,18206,100.00
District Judge,188th Judicial District,Total,,,18206,
District Judge,189th Judicial District,Bill Burke,True,REP,361787,54.91
District Judge,189th Judicial District,Ursula A. Hall,False,DEM,297066,45.09
District Judge,189th Judicial District,Total,,,658853,
District Judge,190th Judicial District,Patricia J. Kerrigan,True,REP,365931,55.56
District Judge,190th Judicial District,Farrah Martinez,False,DEM,292729,44.44
District Judge,190th Judicial District,Total,,,658660,
District Judge,191st Judicial District,Gena Slaughter,True,DEM,220416,100.00
District Judge,191st Judicial District,Total,,,220416,
District Judge,192nd Judicial District,Craig Smith,True,DEM,220677,100.00
District Judge,192nd Judicial District,Total,,,220677,
District Judge,193rd Judicial District,Carl Ginsberg,True,DEM,219819,100.00
District Judge,193rd Judicial District,Total,,,219819,
District Judge,194th Judicial District,Ernest White,True,DEM,219093,100.00
District Judge,194th Judicial District,Total,,,219093,
District Judge,195th Judicial District,Fred Tinsley,True,DEM,219273,100.00
District Judge,195th Judicial District,Total,,,219273,
District Judge,196th Judicial District,Andrew Bench,False,REP,12729,100.00
District Judge,196th Judicial District,Total,,,12729,
District Judge,197th Judicial District,Migdalia López,True,DEM,27642,100.00
District Judge,197th Judicial District,Total,,,27642,
District Judge,198th Judicial District,Rex Emerson,True,REP,17670,100.00
District Judge,198th Judicial District,Total,,,17670,
District Judge,201st Judicial District,Amy Clark Meachum,True,DEM,180594,100.00
District Judge,201st Judicial District,Total,,,180594,
District Judge,203rd Judicial District,Teresa Hawthorne,True,DEM,219366,100.00
District Judge,203rd Judicial District,Total,,,219366,
District Judge,204th Judicial District,Tammy Kemp,False,DEM,218908,100.00
District Judge,204th Judicial District,Total,,,218908,
District Judge,205th Judicial District,Francisco X. Dominguez,False,DEM,53760,100.00
District Judge,205th Judicial District,Total,,,53760,
District Judge,206th Judicial District,Rose Guerra Reyna,True,DEM,58795,100.00
District Judge,206th Judicial District,Total,,,58795,
District Judge,207th Judicial District,Jack Robison,True,REP,59272,100.00
District Judge,207th Judicial District,Total,,,59272,
District Judge,208th Judicial District,Denise Collins,True,REP,365391,55.53
District Judge,208th Judicial District,Chuck Silverman,False,DEM,292640,44.47
District Judge,208th Judicial District,Total,,,658031,
District Judge,209th Judicial District,Mike McSpadden,True,REP,400065,100.00
District Judge,209th Judicial District,Total,,,400065,
District Judge,210th Judicial District,"Gonzalo ""Chalo"" Garcia, Jr.",True,DEM,52833,100.00
District Judge,210th Judicial District,Total,,,52833,
District Judge,211th Judicial District,Brody Shanklin,False,REP,101263,100.00
District Judge,211th Judicial District,Total,,,101263,
District Judge,212th Judicial District,Patricia Grady,False,REP,44951,100.00
District Judge,212th Judicial District,Total,,,44951,
District Judge,217th Judicial District,Robert Inselmann,False,REP,13514,100.00
District Judge,217th Judicial District,Total,,,13514,
District Judge,218th Judicial District,Russell Wilson,False,REP,12144,53.35
District Judge,218th Judicial District,Carrie Moy,False,DEM,10621,46.65
District Judge,218th Judicial District,Total,,,22765,
District Judge,219th Judicial District,Scott J. Becker,True,REP,122504,100.00
District Judge,219th Judicial District,Total,,,122504,
District Judge,220th Judicial District,Phil Robertson,True,REP,8680,100.00
District Judge,220th Judicial District,Total,,,8680,
District Judge,221st Judicial District,Lisa Michalk,True,REP,88146,100.00
District Judge,221st Judicial District,Total,,,88146,
District Judge,222nd Judicial District,Roland Saul,True,REP,2919,100.00
District Judge,222nd Judicial District,Total,,,2919,
District Judge,223rd Judicial District,Phil N. Vanderpool,True,REP,3429,100.00
District Judge,223rd Judicial District,Total,,,3429,
District Judge,224th Judicial District,"Cathleen ""Cathy"" Stryker",True,REP,161452,55.37
District Judge,224th Judicial District,Lauro Bustamante,False,DEM,130136,44.63
District Judge,224th Judicial District,Total,,,291588,
District Judge,225th Judicial District,Peter Sakai,True,DEM,185676,100.00
District Judge,225th Judicial District,Total,,,185676,
District Judge,226th Judicial District,Sid Harle,True,REP,192461,100.00
District Judge,226th Judicial District,Total,,,192461,
District Judge,227th Judicial District,Kevin M. O'Connell,False,REP,155203,53.52
District Judge,227th Judicial District,Tony Jimenez,False,DEM,134792,46.48
District Judge,227th Judicial District,Total,,,289995,
District Judge,228th Judicial District,Marc Carter,True,REP,396748,100.00
District Judge,228th Judicial District,Total,,,396748,
District Judge,229th Judicial District,Ana Lisa Garza,True,DEM,7735,100.00
District Judge,229th Judicial District,Total,,,7735,
District Judge,230th Judicial District,Brad Hart,True,REP,359226,54.69
District Judge,230th Judicial District,Greg Glass,False,DEM,297601,45.31
District Judge,230th Judicial District,Total,,,656827,
District Judge,231st Judicial District,Jesse Nevarez,True,REP,233079,100.00
District Judge,231st Judicial District,Total,,,233079,
District Judge,232nd Judicial District,Mary Lou Keel,True,REP,396088,100.00
District Judge,232nd Judicial District,Total,,,396088,
District Judge,233rd Judicial District,Bill Harris,True,REP,232228,100.00
District Judge,233rd Judicial District,Total,,,232228,
District Judge,234th Judicial District,Wesley Ward,True,REP,355992,54.09
District Judge,234th Judicial District,Barbara Gardner,False,DEM,302125,45.91
District Judge,234th Judicial District,Total,,,658117,
District Judge,236th Judicial District,Tom Lowe,True,REP,232050,100.00
District Judge,236th Judicial District,Total,,,232050,
District Judge,237th Judicial District,Les Hatch,True,REP,38381,100.00
District Judge,237th Judicial District,Total,,,38381,
District Judge,238th Judicial District,Elizabeth Byer Leonard,True,REP,20404,100.00
District Judge,238th Judicial District,Total,,,20404,
District Judge,239th Judicial District,Pat Sebesta,True,REP,46263,100.00
District Judge,239th Judicial District,Total,,,46263,
District Judge,240th Judicial District,Thomas R. Culver III,True,REP,83527,100.00
District Judge,240th Judicial District,Total,,,83527,
District Judge,241st Judicial District,"Jack Skeen, Jr.",True,REP,35200,100.00
District Judge,241st Judicial District,Total,,,35200,
District Judge,242nd Judicial District,"Lowell ""Kregg"" Hukill",False,REP,5859,100.00
District Judge,242nd Judicial District,Total,,,5859,
District Judge,243rd Judicial District,Luis Aguilar,True,DEM,52978,100.00
District Judge,243rd Judicial District,Total,,,52978,
District Judge,244th Judicial District,James Rush,True,REP,12615,100.00
District Judge,244th Judicial District,Total,,,12615,
District Judge,245th Judicial District,Roy L. Moore,True,REP,395781,100.00
District Judge,245th Judicial District,Total,,,395781,
District Judge,246th Judicial District,Charley Prine,False,REP,347989,52.95
District Judge,246th Judicial District,Sandra Peake,False,DEM,309260,47.05
District Judge,246th Judicial District,Total,,,657249,
District Judge,247th Judicial District,John Schmude,False,REP,350162,53.34
District Judge,247th Judicial District,"Clinton ""Chip"" Wells",False,DEM,306353,46.66
District Judge,247th Judicial District,Total,,,656515,
District Judge,248th Judicial District,Katherine Cabaniss,True,REP,357549,54.40
District Judge,248th Judicial District,Shawna L. Reagin,False,DEM,299725,45.60
District Judge,248th Judicial District,Total,,,657274,
District Judge,249th Judicial District,Wayne Bridewell,True,REP,26162,100.00
District Judge,249th Judicial District,Total,,,26162,
District Judge,250th Judicial District,Karin Crump,False,DEM,179914,100.00
District Judge,250th Judicial District,Total,,,179914,
District Judge,251st Judicial District,Ana E. Estevez,True,REP,36624,100.00
District Judge,251st Judicial District,Total,,,36624,
District Judge,252nd Judicial District,Carolyn Drawhorn Wiedenfeld,False,REP,21950,41.65
District Judge,252nd Judicial District,Raquel West,False,DEM,30750,58.35
District Judge,252nd Judicial District,Total,,,52700,
District Judge,253rd Judicial District,Chap Cain,True,REP,17297,100.00
District Judge,253rd Judicial District,Total,,,17297,
District Judge,254th Judicial District,James Martin,True,DEM,218645,100.00
District Judge,254th Judicial District,Total,,,218645,
District Judge,255th Judicial District,Kim Cooks,False,DEM,218860,100.00
District Judge,255th Judicial District,Total,,,218860,
District Judge,256th Judicial District,David Lopez,True,DEM,219030,100.00
District Judge,256th Judicial District,Total,,,219030,
District Judge,257th Judicial District,Judy Warne,True,REP,394526,100.00
District Judge,257th Judicial District,Total,,,394526,
District Judge,258th Judicial District,"E.L. ""Ernie"" McClendon",True,REP,15353,75.87
District Judge,258th Judicial District,Joe D. Roth,False,DEM,4882,24.13
District Judge,258th Judicial District,Total,,,20235,
District Judge,259th Judicial District,Brooks Hagler,True,DEM,2165,100.00
District Judge,259th Judicial District,Total,,,2165,
District Judge,260th Judicial District,Buddie J. Hahn,True,REP,13903,100.00
District Judge,260th Judicial District,Total,,,13903,
District Judge,261st Judicial District,Lora Livingston,True,DEM,179596,100.00
District Judge,261st Judicial District,Total,,,179596,
District Judge,262nd Judicial District,Denise Bradley,True,REP,364904,55.60
District Judge,262nd Judicial District,Jules Johnson,False,DEM,291357,44.40
District Judge,262nd Judicial District,Total,,,656261,
District Judge,263rd Judicial District,Jim Wallace,True,REP,355243,54.10
District Judge,263rd Judicial District,Herb Ritchie,False,DEM,301380,45.90
District Judge,263rd Judicial District,Total,,,656623,
District Judge,264th Judicial District,"Martha J. ""Janie"" Trudo",True,REP,31403,100.00
District Judge,264th Judicial District,Total,,,31403,
District Judge,265th Judicial District,Lisa DeWitt,False,REP,174431,45.72
District Judge,265th Judicial District,Jennifer Bennett,False,DEM,207115,54.28
District Judge,265th Judicial District,Total,,,381546,
District Judge,266th Judicial District,Jason Cashon,True,REP,6459,100.00
District Judge,266th Judicial District,Total,,,6459,
District Judge,267th Judicial District,"Juergen ""Skipper"" Koetter",True,REP,25431,100.00
District Judge,267th Judicial District,Total,,,25431,
District Judge,268th Judicial District,Brady G. Elliott,True,REP,83321,100.00
District Judge,268th Judicial District,Total,,,83321,
District Judge,269th Judicial District,Dan Hinde,True,REP,359370,54.76
District Judge,269th Judicial District,George H. Arnold,False,DEM,296922,45.24
District Judge,269th Judicial District,Total,,,656292,
District Judge,270th Judicial District,Brent Gamble,True,REP,362833,55.31
District Judge,270th Judicial District,"James Hippard, Jr.",False,DEM,293211,44.69
District Judge,270th Judicial District,Total,,,656044,
District Judge,271st Judicial District,John H. Fostel,True,REP,12505,100.00
District Judge,271st Judicial District,Total,,,12505,
District Judge,273rd Judicial District,Louie Des Champs,False,REP,4705,43.40
District Judge,273rd Judicial District,Charles Ramsey Mitchell,True,DEM,6135,56.60
District Judge,273rd Judicial District,Total,,,10840,
District Judge,274th Judicial District,Gary L. Steel,True,REP,77270,100.00
District Judge,274th Judicial District,Total,,,77270,
District Judge,275th Judicial District,Juan R. Partida,True,DEM,58154,100.00
District Judge,275th Judicial District,Total,,,58154,
District Judge,276th Judicial District,Robert Rolston,True,REP,9772,100.00
District Judge,276th Judicial District,Total,,,9772,
District Judge,277th Judicial District,Stacey Mathews,True,REP,68512,100.00
District Judge,277th Judicial District,Total,,,68512,
District Judge,278th Judicial District,Hal R. Ridley,False,REP,14464,100.00
District Judge,278th Judicial District,Total,,,14464,
District Judge,279th Judicial District,Randy Shelton,True,DEM,35405,100.00
District Judge,279th Judicial District,Total,,,35405,
District Judge,280th Judicial District,Lynn BradshawHull,True,REP,352714,53.66
District Judge,280th Judicial District,Barbara J. Stalder,False,DEM,304624,46.34
District Judge,280th Judicial District,Total,,,657338,
District Judge,281st Judicial District,Sylvia Matthews,True,REP,365363,55.63
District Judge,281st Judicial District,Tanner Garth,False,DEM,291373,44.37
District Judge,281st Judicial District,Total,,,656736,
District Judge,282nd Judicial District,Amber Givens,False,DEM,218197,100.00
District Judge,282nd Judicial District,Total,,,218197,
District Judge,283rd Judicial District,Rick Magnis,True,DEM,217779,100.00
District Judge,283rd Judicial District,Total,,,217779,
District Judge,284th Judicial District,Cara Wood,True,REP,88012,100.00
District Judge,284th Judicial District,Total,,,88012,
District Judge,285th Judicial District,Richard Price,True,REP,156242,53.79
District Judge,285th Judicial District,Raymond A. Villareal,False,DEM,134250,46.21
District Judge,285th Judicial District,Total,,,290492,
District Judge,286th Judicial District,Pat Phelan,True,REP,3272,100.00
District Judge,286th Judicial District,Total,,,3272,
District Judge,287th Judicial District,Gordon Houston,True,DEM,1050,100.00
District Judge,287th Judicial District,Total,,,1050,
District Judge,288th Judicial District,Sol Casseb,True,REP,165816,56.83
District Judge,288th Judicial District,James A. Rickerson,False,DEM,125980,43.17
District Judge,288th Judicial District,Total,,,291796,
District Judge,289th Judicial District,Daphne Previti Austin,False,REP,147961,50.98
District Judge,289th Judicial District,Carmen Kelsey,True,DEM,142297,49.02
District Judge,289th Judicial District,Total,,,290258,
District Judge,290th Judicial District,Melisa Skinner,True,REP,153117,52.77
District Judge,290th Judicial District,Jennifer Pena,False,DEM,137049,47.23
District Judge,290th Judicial District,Total,,,290166,
District Judge,291st Judicial District,Jennifer Balido,True,REP,180645,46.91
District Judge,291st Judicial District,Stephanie N. Mitchell,False,DEM,204444,53.09
District Judge,291st Judicial District,Total,,,385089,
District Judge,292nd Judicial District,Janet Cook,False,REP,179369,46.52
District Judge,292nd Judicial District,Brandon Birmingham,False,DEM,206193,53.48
District Judge,292nd Judicial District,Total,,,385562,
District Judge,293rd Judicial District,Cynthia L. Muñiz,True,DEM,7360,100.00
District Judge,293rd Judicial District,Total,,,7360,
District Judge,294th Judicial District,Teresa Drum,True,REP,10054,100.00
District Judge,294th Judicial District,Total,,,10054,
District Judge,295th Judicial District,Caroline E. Baker,True,REP,370344,56.36
District Judge,295th Judicial District,Latosha Lewis,False,DEM,286714,43.64
District Judge,295th Judicial District,Total,,,657058,
District Judge,296th Judicial District,"John R. Roach, Jr.",True,REP,123231,100.00
District Judge,296th Judicial District,Total,,,123231,
District Judge,297th Judicial District,David Hagerman,False,REP,216039,60.50
District Judge,297th Judicial District,Gwinda Burns,False,DEM,141064,39.50
District Judge,297th Judicial District,Total,,,357103,
District Judge,298th Judicial District,Emily G. Tobolowsky,True,DEM,219569,100.00
District Judge,298th Judicial District,Total,,,219569,
District Judge,299th Judicial District,Karen Sage,True,DEM,179245,100.00
District Judge,299th Judicial District,Total,,,179245,
District Judge,300th Judicial District,K. Randall Hufstetler,True,REP,45362,100.00
District Judge,300th Judicial District,Total,,,45362,
District Judge,301st Judicial District,Mary Brown,False,DEM,218522,100.00
District Judge,301st Judicial District,Total,,,218522,
District Judge,302nd Judicial District,Tena Callahan,True,DEM,217639,100.00
District Judge,302nd Judicial District,Total,,,217639,
District Judge,303rd Judicial District,Dennise Garcia,True,DEM,218235,100.00
District Judge,303rd Judicial District,Total,,,218235,
District Judge,304th Judicial District,Andrea Martin,False,DEM,217810,100.00
District Judge,304th Judicial District,Total,,,217810,
District Judge,305th Judicial District,Cheryl Lee Shannon,True,DEM,217824,100.00
District Judge,305th Judicial District,Total,,,217824,
District Judge,306th Judicial District,Anne B. Darring,False,REP,44969,100.00
District Judge,306th Judicial District,Total,,,44969,
District Judge,307th Judicial District,Tim Womack,True,REP,17928,100.00
District Judge,307th Judicial District,Total,,,17928,
District Judge,308th Judicial District,James Lombardino,True,REP,348710,53.10
District Judge,308th Judicial District,Jim Evans,False,DEM,307989,46.90
District Judge,308th Judicial District,Total,,,656699,
District Judge,309th Judicial District,Sheri Y. Dean,True,REP,358185,54.54
District Judge,309th Judicial District,Kathy Vossler,False,DEM,298602,45.46
District Judge,309th Judicial District,Total,,,656787,
District Judge,310th Judicial District,Lisa Millard,True,REP,395361,100.00
District Judge,310th Judicial District,Total,,,395361,
District Judge,311th Judicial District,Alicia Franklin,True,REP,351895,53.54
District Judge,311th Judicial District,Sherri L. Cothrun,False,DEM,305335,46.46
District Judge,311th Judicial District,Total,,,657230,
District Judge,312th Judicial District,David Farr,True,REP,393490,100.00
District Judge,312th Judicial District,Total,,,393490,
District Judge,313th Judicial District,Glenn Devlin,True,REP,355283,54.18
District Judge,313th Judicial District,Tracy D. Good,False,DEM,300457,45.82
District Judge,313th Judicial District,Total,,,655740,
District Judge,314th Judicial District,John F. Phillips,True,REP,346898,52.84
District Judge,314th Judicial District,Natalia Oakes,False,DEM,309644,47.16
District Judge,314th Judicial District,Total,,,656542,
District Judge,315th Judicial District,"Michael ""Mike"" Schneider",True,REP,394089,100.00
District Judge,315th Judicial District,Total,,,394089,
District Judge,316th Judicial District,James Mosley,False,REP,4090,100.00
District Judge,316th Judicial District,Total,,,4090,
District Judge,317th Judicial District,Jolei A Shipley,False,REP,20333,38.49
District Judge,317th Judicial District,Larry Thorne,True,DEM,32497,61.51
District Judge,317th Judicial District,Total,,,52830,
District Judge,318th Judicial District,David W. Lindemood,False,REP,20477,100.00
District Judge,318th Judicial District,Total,,,20477,
District Judge,319th Judicial District,David Stith,True,REP,33175,59.39
District Judge,319th Judicial District,Michele VillarrealKuchta,False,DEM,22686,40.61
District Judge,319th Judicial District,Total,,,55861,
District Judge,320th Judicial District,Don Emerson,True,REP,11265,100.00
District Judge,320th Judicial District,Total,,,11265,
District Judge,321st Judicial District,Carole Clark,True,REP,38194,100.00
District Judge,321st Judicial District,Total,,,38194,
District Judge,322nd Judicial District,Nancy Berger,True,REP,231127,100.00
District Judge,322nd Judicial District,Total,,,231127,
District Judge,323rd Judicial District,Tim Menikos,False,REP,229518,100.00
District Judge,323rd Judicial District,Total,,,229518,
District Judge,324th Judicial District,Jerry Hennigan,True,REP,229440,100.00
District Judge,324th Judicial District,Total,,,229440,
District Judge,325th Judicial District,Judith Wells,True,REP,230300,100.00
District Judge,325th Judicial District,Total,,,230300,
District Judge,326th Judicial District,Paul Rotenberry,False,REP,20179,100.00
District Judge,326th Judicial District,Total,,,20179,
District Judge,327th Judicial District,Linda Chew,True,DEM,54362,100.00
District Judge,327th Judicial District,Total,,,54362,
District Judge,328th Judicial District,"Ronald R. ""Ron"" Pope",True,REP,83577,100.00
District Judge,328th Judicial District,Total,,,83577,
District Judge,329th Judicial District,Randy M. Clapp,True,REP,6826,100.00
District Judge,329th Judicial District,Total,,,6826,
District Judge,330th Judicial District,Andrea Plumlee,True,DEM,217506,100.00
District Judge,330th Judicial District,Total,,,217506,
District Judge,331st Judicial District,David Crain,True,DEM,178940,100.00
District Judge,331st Judicial District,Total,,,178940,
District Judge,334th Judicial District Unexpired Term,Grant Dorfman,True,REP,359354,54.78
District Judge,334th Judicial District Unexpired Term,Daryl Moore,False,DEM,296597,45.22
District Judge,334th Judicial District Unexpired Term,Total,,,655951,
District Judge,355th Judicial District,Ralph Walton,True,REP,11375,100.00
District Judge,355th Judicial District,Total,,,11375,
District Judge,357th Judicial District,Oscar X. Garcia,True,REP,18311,47.26
District Judge,357th Judicial District,Juan A. Magallanes,False,DEM,20431,52.74
District Judge,357th Judicial District,Total,,,38742,
District Judge,358th Judicial District,W. Stacy Trotter,False,REP,12642,100.00
District Judge,358th Judicial District,Total,,,12642,
District Judge,359th Judicial District,Kathleen A. Hamilton,True,REP,88163,100.00
District Judge,359th Judicial District,Total,,,88163,
District Judge,361st Judicial District,Steve Smith,True,REP,24058,100.00
District Judge,361st Judicial District,Total,,,24058,
District Judge,363rd Judicial District,Tracy Holmes,True,DEM,218510,100.00
District Judge,363rd Judicial District,Total,,,218510,
District Judge,364th Judicial District,Billy Eichman,False,REP,38034,100.00
District Judge,364th Judicial District,Total,,,38034,
District Judge,365th Judicial District,Amado Abascal,True,DEM,7274,100.00
District Judge,365th Judicial District,Total,,,7274,
District Judge,366th Judicial District,Ray Wheless,True,REP,120541,100.00
District Judge,366th Judicial District,Total,,,120541,
District Judge,367th Judicial District,Margaret E. Barnes,True,REP,96101,69.76
District Judge,367th Judicial District,David Heiman,False,DEM,41655,30.24
District Judge,367th Judicial District,Total,,,137756,
District Judge,368th Judicial District,Rick J. Kennon,True,REP,66914,100.00
District Judge,368th Judicial District,Total,,,66914,
District Judge,369th Judicial District,"Bascom W. Bentley, III",True,REP,19766,100.00
District Judge,369th Judicial District,Total,,,19766,
District Judge,370th Judicial District,Noe Gonzalez,True,DEM,58191,100.00
District Judge,370th Judicial District,Total,,,58191,
District Judge,371st Judicial District,Mollee Westfall,True,REP,231728,100.00
District Judge,371st Judicial District,Total,,,231728,
District Judge,372nd Judicial District,Scott Wisch,True,REP,231249,100.00
District Judge,372nd Judicial District,Total,,,231249,
District Judge,377th Judicial District,Eli Garza,False,REP,13171,100.00
District Judge,377th Judicial District,Total,,,13171,
District Judge,385th Judicial District,Robin Malone Darr,True,REP,20549,100.00
District Judge,385th Judicial District,Total,,,20549,
District Judge,397th Judicial District,Brian K. Gary,True,REP,18763,100.00
District Judge,397th Judicial District,Total,,,18763,
District Judge,403rd Judicial District,Brenda P. Kennedy,True,DEM,179271,100.00
District Judge,403rd Judicial District,Total,,,179271,
District Judge,412th Judicial District,Ed Denman,True,REP,45362,100.00
District Judge,412th Judicial District,Total,,,45362,
District Judge,414th Judicial District,Vicki L. Menard,True,REP,33423,100.00
District Judge,414th Judicial District,Total,,,33423,
District Judge,417th Judicial District,"Cynthia ""Cyndi"" McCrann Wheless",True,REP,120938,100.00
District Judge,417th Judicial District,Total,,,120938,
District Judge,419th Judicial District,Orlinda Naranjo,True,DEM,179211,100.00
District Judge,419th Judicial District,Total,,,179211,
District Judge,424th Judicial District,Evan Clay Stubbs,False,REP,18378,100.00
District Judge,424th Judicial District,Total,,,18378,
District Judge,428th Judicial District,Bill Henry,True,REP,25060,100.00
District Judge,428th Judicial District,Total,,,25060,
District Judge,429th Judicial District,Jill Willis,True,REP,120407,100.00
District Judge,429th Judicial District,Total,,,120407,
District Judge,432nd Judicial District,Ruben Gonzalez,True,REP,231575,100.00
District Judge,432nd Judicial District,Total,,,231575,
District Judge,436th Judicial District,Lisa Jarrett,True,REP,162921,56.38
District Judge,436th Judicial District,Eddie Bravenec,False,DEM,126053,43.62
District Judge,436th Judicial District,Total,,,288974,
District Judge,437th Judicial District,Lori I. Valenzuela,True,REP,192638,100.00
District Judge,437th Judicial District,Total,,,192638,
District Judge,441st Judicial District,Rodney W. Satterwhite,True,REP,20462,100.00
District Judge,441st Judicial District,Total,,,20462,
District Judge,452nd Judicial District,"Robert R. ""Rob"" Hofmann",True,REP,4767,100.00
District Judge,452nd Judicial District,Total,,,4767,
Criminal District Judge Dallas County,1,Robert Burns,True,DEM,218134,100.00
Criminal District Judge Dallas County,1,Total,,,218134,
"Criminal District Judge, Dallas County",5,Carter Thompson,True,DEM,218017,100.00
"Criminal District Judge, Dallas County",5,Total,,,218017,
"Criminal District Judge, Dallas County",6,Jeanine Howard,True,DEM,218216,100.00
"Criminal District Judge, Dallas County",6,Total,,,218216,
"Criminal District Judge, Dallas County",7,Elizabeth Davis Frizell,False,DEM,217943,100.00
"Criminal District Judge, Dallas County",7,Total,,,217943,
Criminal District Judge Jefferson County,,"John ""Johnny"" B. Stevens, Jr.",True,DEM,36113,100.00
Criminal District Judge Jefferson County,,Total,,,36113,
Criminal District Judge #1 Tarrant County,,Elizabeth Beach,True,REP,231130,100.00
Criminal District Judge #1 Tarrant County,,Total,,,231130,
Criminal District Judge #3 Tarrant County,,Robb Catalano,True,REP,230381,100.00
Criminal District Judge #3 Tarrant County,,Total,,,230381,
Criminal District Judge #4 Tarrant County,,Mike Thomas,True,REP,230493,100.00
Criminal District Judge #4 Tarrant County,,Total,,,230493,
District Attorney,36th Judicial District Unexpired Term,Michael Welborn,True,REP,12753,100.00
District Attorney,36th Judicial District Unexpired Term,Total,,,12753,
Harris County,Attorney Unexpired Term,Devon Anderson,True,REP,354539,53.22
Harris County,Attorney Unexpired Term,Kim Ogg,False,DEM,311648,46.78
Harris County,Attorney Unexpired Term,Total,,,666187,
District Attorney,132nd Judicial District Unexpired Term,Ben R. Smith,True,REP,2753,100.00
District Attorney,132nd Judicial District Unexpired Term,Total,,,2753,
District Attorney,268th Judicial District,John Healey,True,REP,75704,58.34
District Attorney,268th Judicial District,Wilvin J. Carter,False,DEM,54051,41.66
District Attorney,268th Judicial District,Total,,,129755,
District Attorney,452nd Judicial District,Tonya Spaeth Ahlschwede,True,REP,4762,100.00
District Attorney,452nd Judicial District,Total,,,4762,
1st Multicounty Court at Law Judge,,David Hall,True,REP,3928,100.00
1st Multicounty Court at Law Judge,,Total,,,3928,
Criminal,Attorney Anderson County,Allyson Mitchell,False,REP,8281,100.00
Criminal,Attorney Anderson County,Total,,,8281,
Criminal,Attorney Austin County,Travis J. Koehn,True,REP,6117,100.00
Criminal,Attorney Austin County,Total,,,6117,
Criminal,Attorney Bastrop County,Bryan Goertz,True,REP,12143,100.00
Criminal,Attorney Bastrop County,Total,,,12143,
Criminal,Attorney Bexar County,Susan D. Reed,True,REP,144470,48.44
Criminal,Attorney Bexar County,"Nicholas ""Nico"" LaHood",False,DEM,153782,51.56
Criminal,Attorney Bexar County,Total,,,298252,
Criminal,Attorney Bowie County,Jerry D. Rochelle,True,REP,17201,100.00
Criminal,Attorney Bowie County,Total,,,17201,
Criminal,Attorney Brazoria County,Jeri Yenne,True,REP,45086,100.00
Criminal,Attorney Brazoria County,Total,,,45086,
Criminal,Attorney Caldwell County,Fred H. Weber,False,DEM,5999,100.00
Criminal,Attorney Caldwell County,Total,,,5999,
Criminal,Attorney Calhoun County,Dan W. Heard,True,DEM,2410,100.00
Criminal,Attorney Calhoun County,Total,,,2410,
Criminal,Attorney Cass County,Randal Lee,False,REP,4598,66.00
Criminal,Attorney Cass County,Tina M. Richardson,False,DEM,2369,34.00
Criminal,Attorney Cass County,Total,,,6967,
Criminal,Attorney Collin County,Greg Willis,True,REP,120731,100.00
Criminal,Attorney Collin County,Total,,,120731,
Criminal,Attorney Comal County,Jennifer Anne Owens Tharp,True,REP,28857,100.00
Criminal,Attorney Comal County,Total,,,28857,
Criminal,Attorney Dallas County,Susan Hawk,False,REP,199729,50.44
Criminal,Attorney Dallas County,Craig Watkins,True,DEM,196270,49.56
Criminal,Attorney Dallas County,Total,,,395999,
Criminal,Attorney Deaf Smith County,Jim English,True,REP,2372,100.00
Criminal,Attorney Deaf Smith County,Total,,,2372,
Criminal,Attorney Denton County,Paul Johnson,True,REP,102053,100.00
Criminal,Attorney Denton County,Total,,,102053,
Criminal,Attorney Eastland County,Russ Thomason,True,REP,3488,100.00
Criminal,Attorney Eastland County,Total,,,3488,
Criminal,Attorney Galveston County,Jack Roady,True,REP,44847,100.00
Criminal,Attorney Galveston County,Total,,,44847,
Criminal,Attorney Gregg County,Carl L. Dorrough,True,REP,17855,100.00
Criminal,Attorney Gregg County,Total,,,17855,
Criminal,Attorney Harrison County,Coke Solomon,True,REP,11200,100.00
Criminal,Attorney Harrison County,Total,,,11200,
Criminal,Attorney Hays County,"Wesley ""Wes"" Mau",False,REP,24885,100.00
Criminal,Attorney Hays County,Total,,,24885,
Criminal,Attorney Hidalgo County,Ricardo Rodriguez,False,DEM,59028,100.00
Criminal,Attorney Hidalgo County,Total,,,59028,
Criminal,Attorney Jackson County,"Robert E. ""Bobby"" Bell",True,REP,2437,100.00
Criminal,Attorney Jackson County,Total,,,2437,
Criminal,Attorney Jasper County,Steve Hollis,True,DEM,3902,100.00
Criminal,Attorney Jasper County,Total,,,3902,
Criminal,Attorney Jefferson County,Perry Thomas,False,REP,18491,34.90
Criminal,Attorney Jefferson County,Bob Wortham,False,DEM,34493,65.10
Criminal,Attorney Jefferson County,Total,,,52984,
Criminal,Attorney Kaufman County,Erleigh Norville Wiley,True,REP,15671,100.00
Criminal,Attorney Kaufman County,Total,,,15671,
Criminal,Attorney Lubbock County,Matt Powell,True,REP,39094,100.00
Criminal,Attorney Lubbock County,Total,,,39094,
Criminal,Attorney Madison County,Brian L. Risinger,True,REP,2039,100.00
Criminal,Attorney Madison County,Total,,,2039,
Criminal,Attorney McLennan County,Abel Reyna,True,REP,28216,82.13
Criminal,Attorney McLennan County,Robert Callahan,False,WI,6139,17.87
Criminal,Attorney McLennan County,Total,,,34355,
Criminal,Attorney Navarro County,R. Lowell Thompson,True,REP,7821,100.00
Criminal,Attorney Navarro County,Total,,,7821,
Criminal,Attorney Newton County,Courtney J. Tracy,True,REP,2233,100.00
Criminal,Attorney Newton County,Total,,,2233,
Criminal,Attorney Panola County,Danny Buck Davidson,True,REP,4660,100.00
Criminal,Attorney Panola County,Total,,,4660,
Criminal,Attorney Polk County,William Lee Hon,True,REP,8150,100.00
Criminal,Attorney Polk County,Total,,,8150,
Criminal,Attorney Randall County,James A. Farren,True,REP,25252,100.00
Criminal,Attorney Randall County,Total,,,25252,
Criminal,Attorney Rockwall County,Kenda Culpepper,True,REP,17170,100.00
Criminal,Attorney Rockwall County,Total,,,17170,
Criminal,Attorney San Jacinto County,Robert H. Trapp,True,REP,5329,100.00
Criminal,Attorney San Jacinto County,Total,,,5329,
Criminal,Attorney Smith County,Matt Bingham,True,REP,38282,100.00
Criminal,Attorney Smith County,Total,,,38282,
Criminal,Attorney Tarrant County,Sharen Wilson,False,REP,231042,100.00
Criminal,Attorney Tarrant County,Total,,,231042,
Criminal,Attorney Taylor County,James Eidson,True,REP,20077,100.00
Criminal,Attorney Taylor County,Total,,,20077,
Criminal,Attorney Tyler County,Lou Ann Cloy,False,REP,3788,100.00
Criminal,Attorney Tyler County,Total,,,3788,
Criminal,Attorney Upshur County,Billy W. Byrd,True,REP,7222,100.00
Criminal,Attorney Upshur County,Total,,,7222,
Criminal,Attorney Van Zandt County,Chris Martin,True,REP,10047,100.00
Criminal,Attorney Van Zandt County,Total,,,10047,
Criminal,Attorney Victoria County,Steve Tyler,True,REP,13340,100.00
Criminal,Attorney Victoria County,Total,,,13340,
Criminal,Attorney Walker County,David P. Weeks,True,REP,8697,100.00
Criminal,Attorney Walker County,Total,,,8697,
Criminal,Attorney Waller County,"Elton Raymond Mathis, Jr.",True,REP,6889,100.00
Criminal,Attorney Waller County,Total,,,6889,
Criminal,Attorney Wichita County,Maureen O'Brien Shelton,True,REP,17246,100.00
Criminal,Attorney Wichita County,Total,,,17246,
Criminal,Attorney Wood County,Jim Wheeler,True,REP,9830,100.00
Criminal,Attorney Wood County,Total,,,9830,
Criminal,Attorney Yoakum County,Bill Helwig,True,REP,1005,100.00
Criminal,Attorney Yoakum County,Total,,,1005,
Prop 1 Use and dedication of money transferred to the state highway fund,,IN FAVOR,,,3213483,79.86
Prop 1 Use and dedication of money transferred to the state highway fund,,AGAINST,,,810382,20.14
Prop 1 Use and dedication of money transferred to the state highway fund,,Total,,,4023865,
