county,precinct,office,district,party,candidate,votes,early_voting,election_day,absentee
Aransas,1,U.S. Senate,,DEM,Kesha Rogers,5,1,4,0
Aransas,1,U.S. Senate,,DEM,Maxey Marie Scherr,8,7,1,0
Aransas,1,U.S. Senate,,DEM,"Michael ""Fjet"" Fjetland",0,0,0,0
Aransas,1,U.S. Senate,,DEM,David M. Alameel,16,10,6,0
Aransas,1,U.S. Senate,,DEM,Harry Kim,6,1,5,0
Aransas,1,U.S. Senate,,DEM,Over Votes,0,0,0,0
Aransas,1,U.S. Senate,,DEM,Under Votes,5,3,2,0
Aransas,1,U.S. House,27,DEM,Wesley Reed,31,15,16,0
Aransas,1,U.S. House,27,DEM,Over Votes,0,0,0,0
Aransas,1,U.S. House,27,DEM,Under Votes,9,7,2,0
Aransas,1,Governor,,DEM,Wendy R. Davis,34,20,14,0
Aransas,1,Governor,,DEM,"Reynaldo ""Ray"" Madrigal",4,1,3,0
Aransas,1,Governor,,DEM,Over Votes,0,0,0,0
Aransas,1,Governor,,DEM,Under Votes,2,1,1,0
Aransas,1,Lieutenant Governor,,DEM,Leticia Van de Putte,33,18,15,0
Aransas,1,Lieutenant Governor,,DEM,Over Votes,0,0,0,0
Aransas,1,Lieutenant Governor,,DEM,Under Votes,7,4,3,0
Aransas,1,Attorney General,,DEM,Sam Houston,35,19,16,0
Aransas,1,Attorney General,,DEM,Over Votes,0,0,0,0
Aransas,1,Attorney General,,DEM,Under Votes,5,3,2,0
Aransas,1,Comptroller of Public Accounts,,DEM,Mike Collier,33,19,14,0
Aransas,1,Comptroller of Public Accounts,,DEM,Over Votes,0,0,0,0
Aransas,1,Comptroller of Public Accounts,,DEM,Under Votes,7,3,4,0
Aransas,1,Commissioner of the General Land Office,,DEM,John Cook,34,19,15,0
Aransas,1,Commissioner of the General Land Office,,DEM,Over Votes,0,0,0,0
Aransas,1,Commissioner of the General Land Office,,DEM,Under Votes,6,3,3,0
Aransas,1,Commissioner of Agriculture,,DEM,Hugh Asa Fitzsimons III,8,7,1,0
Aransas,1,Commissioner of Agriculture,,DEM,Jim Hogan,13,5,8,0
Aransas,1,Commissioner of Agriculture,,DEM,"Richard ""Kinky"" Friedman",16,8,8,0
Aransas,1,Commissioner of Agriculture,,DEM,Over Votes,0,0,0,0
Aransas,1,Commissioner of Agriculture,,DEM,Under Votes,3,2,1,0
Aransas,1,Railroad Commissioner,,DEM,Dale Henry,8,3,5,0
Aransas,1,Railroad Commissioner,,DEM,Steve Brown,27,15,12,0
Aransas,1,Railroad Commissioner,,DEM,Over Votes,0,0,0,0
Aransas,1,Railroad Commissioner,,DEM,Under Votes,5,4,1,0
Aransas,1,"Chief Justice, Supreme Court",,DEM,William Moody,33,19,14,0
Aransas,1,"Chief Justice, Supreme Court",,DEM,Over Votes,0,0,0,0
Aransas,1,"Chief Justice, Supreme Court",,DEM,Under Votes,7,3,4,0
Aransas,1,"Justice, Supreme Court, Place 6",,DEM,Lawrence Edward Meyers,33,19,14,0
Aransas,1,"Justice, Supreme Court, Place 6",,DEM,Over Votes,0,0,0,0
Aransas,1,"Justice, Supreme Court, Place 6",,DEM,Under Votes,7,3,4,0
Aransas,1,"Justice, Supreme Court, Place 7",,DEM,Gina Benavides,33,19,14,0
Aransas,1,"Justice, Supreme Court, Place 7",,DEM,Over Votes,0,0,0,0
Aransas,1,"Justice, Supreme Court, Place 7",,DEM,Under Votes,7,3,4,0
Aransas,1,"Judge, Court of Criminal Appeals, Place 3",,DEM,John Granberg,32,18,14,0
Aransas,1,"Judge, Court of Criminal Appeals, Place 3",,DEM,Over Votes,0,0,0,0
Aransas,1,"Judge, Court of Criminal Appeals, Place 3",,DEM,Under Votes,8,4,4,0
Aransas,1,"Member, State Board of Education, District 2",,DEM,Ruben Cortez Jr.,34,18,16,0
Aransas,1,"Member, State Board of Education, District 2",,DEM,Over Votes,0,0,0,0
Aransas,1,"Member, State Board of Education, District 2",,DEM,Under Votes,6,4,2,0
Aransas,1,"Justice, 13th Court of Appeals District, Place 6",,DEM,Dori Contreras Garza,33,18,15,0
Aransas,1,"Justice, 13th Court of Appeals District, Place 6",,DEM,Over Votes,0,0,0,0
Aransas,1,"Justice, 13th Court of Appeals District, Place 6",,DEM,Under Votes,7,4,3,0
Aransas,1,ON IMMIGRATION REFORM,,DEM,FOR,38,20,18,0
Aransas,1,ON IMMIGRATION REFORM,,DEM,AGAINST,2,2,0,0
Aransas,1,ON IMMIGRATION REFORM,,DEM,Over Votes,0,0,0,0
Aransas,1,ON IMMIGRATION REFORM,,DEM,Under Votes,0,0,0,0
Aransas,1,A LIVING WAGE FOR ALL TEXANS,,DEM,FOR,38,21,17,0
Aransas,1,A LIVING WAGE FOR ALL TEXANS,,DEM,AGAINST,2,1,1,0
Aransas,1,A LIVING WAGE FOR ALL TEXANS,,DEM,Over Votes,0,0,0,0
Aransas,1,A LIVING WAGE FOR ALL TEXANS,,DEM,Under Votes,0,0,0,0
Aransas,1,MEDICAID EXPANSION,,DEM,FOR,36,20,16,0
Aransas,1,MEDICAID EXPANSION,,DEM,AGAINST,4,2,2,0
Aransas,1,MEDICAID EXPANSION,,DEM,Over Votes,0,0,0,0
Aransas,1,MEDICAID EXPANSION,,DEM,Under Votes,0,0,0,0
Aransas,1,ON NON-DISCRIMINATION LEGISLATION,,DEM,FOR,37,20,17,0
Aransas,1,ON NON-DISCRIMINATION LEGISLATION,,DEM,AGAINST,2,1,1,0
Aransas,1,ON NON-DISCRIMINATION LEGISLATION,,DEM,Over Votes,0,0,0,0
Aransas,1,ON NON-DISCRIMINATION LEGISLATION,,DEM,Under Votes,1,1,0,0
Aransas,1,Ballots Cast,,DEM,,40,22,18,0
Aransas,1A,U.S. Senate,,DEM,Kesha Rogers,4,2,2,0
Aransas,1A,U.S. Senate,,DEM,Maxey Marie Scherr,5,1,4,0
Aransas,1A,U.S. Senate,,DEM,"Michael ""Fjet"" Fjetland",3,0,3,0
Aransas,1A,U.S. Senate,,DEM,David M. Alameel,1,0,1,0
Aransas,1A,U.S. Senate,,DEM,Harry Kim,2,2,0,0
Aransas,1A,U.S. Senate,,DEM,Over Votes,0,0,0,0
Aransas,1A,U.S. Senate,,DEM,Under Votes,1,0,1,0
Aransas,1A,U.S. House,27,DEM,Wesley Reed,15,5,10,0
Aransas,1A,U.S. House,27,DEM,Over Votes,0,0,0,0
Aransas,1A,U.S. House,27,DEM,Under Votes,1,0,1,0
Aransas,1A,Governor,,DEM,Wendy R. Davis,14,4,10,0
Aransas,1A,Governor,,DEM,"Reynaldo ""Ray"" Madrigal",2,1,1,0
Aransas,1A,Governor,,DEM,Over Votes,0,0,0,0
Aransas,1A,Governor,,DEM,Under Votes,0,0,0,0
Aransas,1A,Lieutenant Governor,,DEM,Leticia Van de Putte,16,5,11,0
Aransas,1A,Lieutenant Governor,,DEM,Over Votes,0,0,0,0
Aransas,1A,Lieutenant Governor,,DEM,Under Votes,0,0,0,0
Aransas,1A,Attorney General,,DEM,Sam Houston,16,5,11,0
Aransas,1A,Attorney General,,DEM,Over Votes,0,0,0,0
Aransas,1A,Attorney General,,DEM,Under Votes,0,0,0,0
Aransas,1A,Comptroller of Public Accounts,,DEM,Mike Collier,16,5,11,0
Aransas,1A,Comptroller of Public Accounts,,DEM,Over Votes,0,0,0,0
Aransas,1A,Comptroller of Public Accounts,,DEM,Under Votes,0,0,0,0
Aransas,1A,Commissioner of the General Land Office,,DEM,John Cook,14,5,9,0
Aransas,1A,Commissioner of the General Land Office,,DEM,Over Votes,0,0,0,0
Aransas,1A,Commissioner of the General Land Office,,DEM,Under Votes,2,0,2,0
Aransas,1A,Commissioner of Agriculture,,DEM,Hugh Asa Fitzsimons III,2,0,2,0
Aransas,1A,Commissioner of Agriculture,,DEM,Jim Hogan,9,4,5,0
Aransas,1A,Commissioner of Agriculture,,DEM,"Richard ""Kinky"" Friedman",5,1,4,0
Aransas,1A,Commissioner of Agriculture,,DEM,Over Votes,0,0,0,0
Aransas,1A,Commissioner of Agriculture,,DEM,Under Votes,0,0,0,0
Aransas,1A,Railroad Commissioner,,DEM,Dale Henry,7,2,5,0
Aransas,1A,Railroad Commissioner,,DEM,Steve Brown,9,3,6,0
Aransas,1A,Railroad Commissioner,,DEM,Over Votes,0,0,0,0
Aransas,1A,Railroad Commissioner,,DEM,Under Votes,0,0,0,0
Aransas,1A,"Chief Justice, Supreme Court",,DEM,William Moody,16,5,11,0
Aransas,1A,"Chief Justice, Supreme Court",,DEM,Over Votes,0,0,0,0
Aransas,1A,"Chief Justice, Supreme Court",,DEM,Under Votes,0,0,0,0
Aransas,1A,"Justice, Supreme Court, Place 6",,DEM,Lawrence Edward Meyers,15,5,10,0
Aransas,1A,"Justice, Supreme Court, Place 6",,DEM,Over Votes,0,0,0,0
Aransas,1A,"Justice, Supreme Court, Place 6",,DEM,Under Votes,1,0,1,0
Aransas,1A,"Justice, Supreme Court, Place 7",,DEM,Gina Benavides,14,5,9,0
Aransas,1A,"Justice, Supreme Court, Place 7",,DEM,Over Votes,0,0,0,0
Aransas,1A,"Justice, Supreme Court, Place 7",,DEM,Under Votes,2,0,2,0
Aransas,1A,"Judge, Court of Criminal Appeals, Place 3",,DEM,John Granberg,14,5,9,0
Aransas,1A,"Judge, Court of Criminal Appeals, Place 3",,DEM,Over Votes,0,0,0,0
Aransas,1A,"Judge, Court of Criminal Appeals, Place 3",,DEM,Under Votes,2,0,2,0
Aransas,1A,"Member, State Board of Education, District 2",,DEM,Ruben Cortez Jr.,15,5,10,0
Aransas,1A,"Member, State Board of Education, District 2",,DEM,Over Votes,0,0,0,0
Aransas,1A,"Member, State Board of Education, District 2",,DEM,Under Votes,1,0,1,0
Aransas,1A,"Justice, 13th Court of Appeals District, Place 6",,DEM,Dori Contreras Garza,15,5,10,0
Aransas,1A,"Justice, 13th Court of Appeals District, Place 6",,DEM,Over Votes,0,0,0,0
Aransas,1A,"Justice, 13th Court of Appeals District, Place 6",,DEM,Under Votes,1,0,1,0
Aransas,1A,ON IMMIGRATION REFORM,,DEM,FOR,16,5,11,0
Aransas,1A,ON IMMIGRATION REFORM,,DEM,AGAINST,0,0,0,0
Aransas,1A,ON IMMIGRATION REFORM,,DEM,Over Votes,0,0,0,0
Aransas,1A,ON IMMIGRATION REFORM,,DEM,Under Votes,0,0,0,0
Aransas,1A,A LIVING WAGE FOR ALL TEXANS,,DEM,FOR,15,5,10,0
Aransas,1A,A LIVING WAGE FOR ALL TEXANS,,DEM,AGAINST,1,0,1,0
Aransas,1A,A LIVING WAGE FOR ALL TEXANS,,DEM,Over Votes,0,0,0,0
Aransas,1A,A LIVING WAGE FOR ALL TEXANS,,DEM,Under Votes,0,0,0,0
Aransas,1A,MEDICAID EXPANSION,,DEM,FOR,14,4,10,0
Aransas,1A,MEDICAID EXPANSION,,DEM,AGAINST,2,1,1,0
Aransas,1A,MEDICAID EXPANSION,,DEM,Over Votes,0,0,0,0
Aransas,1A,MEDICAID EXPANSION,,DEM,Under Votes,0,0,0,0
Aransas,1A,ON NON-DISCRIMINATION LEGISLATION,,DEM,FOR,13,4,9,0
Aransas,1A,ON NON-DISCRIMINATION LEGISLATION,,DEM,AGAINST,3,1,2,0
Aransas,1A,ON NON-DISCRIMINATION LEGISLATION,,DEM,Over Votes,0,0,0,0
Aransas,1A,ON NON-DISCRIMINATION LEGISLATION,,DEM,Under Votes,0,0,0,0
Aransas,1A,Ballots Cast,,DEM,,16,5,11,0
Aransas,2,U.S. Senate,,DEM,Kesha Rogers,17,7,10,0
Aransas,2,U.S. Senate,,DEM,Maxey Marie Scherr,15,4,11,0
Aransas,2,U.S. Senate,,DEM,"Michael ""Fjet"" Fjetland",3,1,0,2
Aransas,2,U.S. Senate,,DEM,David M. Alameel,34,18,16,0
Aransas,2,U.S. Senate,,DEM,Harry Kim,5,2,3,0
Aransas,2,U.S. Senate,,DEM,Over Votes,0,0,0,0
Aransas,2,U.S. Senate,,DEM,Under Votes,9,3,4,2
Aransas,2,U.S. House,27,DEM,Wesley Reed,65,27,35,3
Aransas,2,U.S. House,27,DEM,Over Votes,0,0,0,0
Aransas,2,U.S. House,27,DEM,Under Votes,18,8,9,1
Aransas,2,Governor,,DEM,Wendy R. Davis,65,30,31,4
Aransas,2,Governor,,DEM,"Reynaldo ""Ray"" Madrigal",15,5,10,0
Aransas,2,Governor,,DEM,Over Votes,0,0,0,0
Aransas,2,Governor,,DEM,Under Votes,3,0,3,0
Aransas,2,Lieutenant Governor,,DEM,Leticia Van de Putte,63,25,36,2
Aransas,2,Lieutenant Governor,,DEM,Over Votes,0,0,0,0
Aransas,2,Lieutenant Governor,,DEM,Under Votes,20,10,8,2
Aransas,2,Attorney General,,DEM,Sam Houston,65,27,36,2
Aransas,2,Attorney General,,DEM,Over Votes,0,0,0,0
Aransas,2,Attorney General,,DEM,Under Votes,18,8,8,2
Aransas,2,Comptroller of Public Accounts,,DEM,Mike Collier,61,25,34,2
Aransas,2,Comptroller of Public Accounts,,DEM,Over Votes,0,0,0,0
Aransas,2,Comptroller of Public Accounts,,DEM,Under Votes,22,10,10,2
Aransas,2,Commissioner of the General Land Office,,DEM,John Cook,61,25,34,2
Aransas,2,Commissioner of the General Land Office,,DEM,Over Votes,0,0,0,0
Aransas,2,Commissioner of the General Land Office,,DEM,Under Votes,22,10,10,2
Aransas,2,Commissioner of Agriculture,,DEM,Hugh Asa Fitzsimons III,16,8,6,2
Aransas,2,Commissioner of Agriculture,,DEM,Jim Hogan,35,13,22,0
Aransas,2,Commissioner of Agriculture,,DEM,"Richard ""Kinky"" Friedman",27,14,12,1
Aransas,2,Commissioner of Agriculture,,DEM,Over Votes,0,0,0,0
Aransas,2,Commissioner of Agriculture,,DEM,Under Votes,5,0,4,1
Aransas,2,Railroad Commissioner,,DEM,Dale Henry,29,12,15,2
Aransas,2,Railroad Commissioner,,DEM,Steve Brown,43,19,24,0
Aransas,2,Railroad Commissioner,,DEM,Over Votes,0,0,0,0
Aransas,2,Railroad Commissioner,,DEM,Under Votes,11,4,5,2
Aransas,2,"Chief Justice, Supreme Court",,DEM,William Moody,62,25,34,3
Aransas,2,"Chief Justice, Supreme Court",,DEM,Over Votes,0,0,0,0
Aransas,2,"Chief Justice, Supreme Court",,DEM,Under Votes,21,10,10,1
Aransas,2,"Justice, Supreme Court, Place 6",,DEM,Lawrence Edward Meyers,61,22,36,3
Aransas,2,"Justice, Supreme Court, Place 6",,DEM,Over Votes,0,0,0,0
Aransas,2,"Justice, Supreme Court, Place 6",,DEM,Under Votes,22,13,8,1
Aransas,2,"Justice, Supreme Court, Place 7",,DEM,Gina Benavides,67,25,39,3
Aransas,2,"Justice, Supreme Court, Place 7",,DEM,Over Votes,0,0,0,0
Aransas,2,"Justice, Supreme Court, Place 7",,DEM,Under Votes,16,10,5,1
Aransas,2,"Judge, Court of Criminal Appeals, Place 3",,DEM,John Granberg,60,23,34,3
Aransas,2,"Judge, Court of Criminal Appeals, Place 3",,DEM,Over Votes,0,0,0,0
Aransas,2,"Judge, Court of Criminal Appeals, Place 3",,DEM,Under Votes,23,12,10,1
Aransas,2,"Member, State Board of Education, District 2",,DEM,Ruben Cortez Jr.,63,25,35,3
Aransas,2,"Member, State Board of Education, District 2",,DEM,Over Votes,0,0,0,0
Aransas,2,"Member, State Board of Education, District 2",,DEM,Under Votes,20,10,9,1
Aransas,2,"Justice, 13th Court of Appeals District, Place 6",,DEM,Dori Contreras Garza,64,25,36,3
Aransas,2,"Justice, 13th Court of Appeals District, Place 6",,DEM,Over Votes,0,0,0,0
Aransas,2,"Justice, 13th Court of Appeals District, Place 6",,DEM,Under Votes,19,10,8,1
Aransas,2,"County Commissioner, Precinct No. 2",,DEM,Martin De Leon,66,28,36,2
Aransas,2,"County Commissioner, Precinct No. 2",,DEM,Over Votes,0,0,0,0
Aransas,2,"County Commissioner, Precinct No. 2",,DEM,Under Votes,17,7,8,2
Aransas,2,ON IMMIGRATION REFORM,,DEM,FOR,73,33,36,4
Aransas,2,ON IMMIGRATION REFORM,,DEM,AGAINST,8,2,6,0
Aransas,2,ON IMMIGRATION REFORM,,DEM,Over Votes,0,0,0,0
Aransas,2,ON IMMIGRATION REFORM,,DEM,Under Votes,2,0,2,0
Aransas,2,A LIVING WAGE FOR ALL TEXANS,,DEM,FOR,76,30,42,4
Aransas,2,A LIVING WAGE FOR ALL TEXANS,,DEM,AGAINST,4,4,0,0
Aransas,2,A LIVING WAGE FOR ALL TEXANS,,DEM,Over Votes,0,0,0,0
Aransas,2,A LIVING WAGE FOR ALL TEXANS,,DEM,Under Votes,3,1,2,0
Aransas,2,MEDICAID EXPANSION,,DEM,FOR,72,30,38,4
Aransas,2,MEDICAID EXPANSION,,DEM,AGAINST,9,5,4,0
Aransas,2,MEDICAID EXPANSION,,DEM,Over Votes,0,0,0,0
Aransas,2,MEDICAID EXPANSION,,DEM,Under Votes,2,0,2,0
Aransas,2,ON NON-DISCRIMINATION LEGISLATION,,DEM,FOR,73,32,37,4
Aransas,2,ON NON-DISCRIMINATION LEGISLATION,,DEM,AGAINST,7,2,5,0
Aransas,2,ON NON-DISCRIMINATION LEGISLATION,,DEM,Over Votes,0,0,0,0
Aransas,2,ON NON-DISCRIMINATION LEGISLATION,,DEM,Under Votes,3,1,2,0
Aransas,2,Ballots Cast,,DEM,,83,35,44,4
Aransas,3,U.S. Senate,,DEM,Kesha Rogers,20,12,7,1
Aransas,3,U.S. Senate,,DEM,Maxey Marie Scherr,15,10,4,1
Aransas,3,U.S. Senate,,DEM,"Michael ""Fjet"" Fjetland",6,1,4,1
Aransas,3,U.S. Senate,,DEM,David M. Alameel,30,16,12,2
Aransas,3,U.S. Senate,,DEM,Harry Kim,6,4,2,0
Aransas,3,U.S. Senate,,DEM,Over Votes,0,0,0,0
Aransas,3,U.S. Senate,,DEM,Under Votes,12,7,4,1
Aransas,3,U.S. House,27,DEM,Wesley Reed,70,38,27,5
Aransas,3,U.S. House,27,DEM,Over Votes,0,0,0,0
Aransas,3,U.S. House,27,DEM,Under Votes,19,12,6,1
Aransas,3,Governor,,DEM,Wendy R. Davis,82,47,29,6
Aransas,3,Governor,,DEM,"Reynaldo ""Ray"" Madrigal",7,3,4,0
Aransas,3,Governor,,DEM,Over Votes,0,0,0,0
Aransas,3,Governor,,DEM,Under Votes,0,0,0,0
Aransas,3,Lieutenant Governor,,DEM,Leticia Van de Putte,73,38,30,5
Aransas,3,Lieutenant Governor,,DEM,Over Votes,0,0,0,0
Aransas,3,Lieutenant Governor,,DEM,Under Votes,16,12,3,1
Aransas,3,Attorney General,,DEM,Sam Houston,71,38,28,5
Aransas,3,Attorney General,,DEM,Over Votes,0,0,0,0
Aransas,3,Attorney General,,DEM,Under Votes,18,12,5,1
Aransas,3,Comptroller of Public Accounts,,DEM,Mike Collier,68,34,29,5
Aransas,3,Comptroller of Public Accounts,,DEM,Over Votes,0,0,0,0
Aransas,3,Comptroller of Public Accounts,,DEM,Under Votes,21,16,4,1
Aransas,3,Commissioner of the General Land Office,,DEM,John Cook,72,37,30,5
Aransas,3,Commissioner of the General Land Office,,DEM,Over Votes,0,0,0,0
Aransas,3,Commissioner of the General Land Office,,DEM,Under Votes,17,13,3,1
Aransas,3,Commissioner of Agriculture,,DEM,Hugh Asa Fitzsimons III,17,8,9,0
Aransas,3,Commissioner of Agriculture,,DEM,Jim Hogan,35,20,13,2
Aransas,3,Commissioner of Agriculture,,DEM,"Richard ""Kinky"" Friedman",26,12,10,4
Aransas,3,Commissioner of Agriculture,,DEM,Over Votes,0,0,0,0
Aransas,3,Commissioner of Agriculture,,DEM,Under Votes,11,10,1,0
Aransas,3,Railroad Commissioner,,DEM,Dale Henry,33,17,14,2
Aransas,3,Railroad Commissioner,,DEM,Steve Brown,35,22,11,2
Aransas,3,Railroad Commissioner,,DEM,Over Votes,0,0,0,0
Aransas,3,Railroad Commissioner,,DEM,Under Votes,21,11,8,2
Aransas,3,"Chief Justice, Supreme Court",,DEM,William Moody,69,36,29,4
Aransas,3,"Chief Justice, Supreme Court",,DEM,Over Votes,0,0,0,0
Aransas,3,"Chief Justice, Supreme Court",,DEM,Under Votes,20,14,4,2
Aransas,3,"Justice, Supreme Court, Place 6",,DEM,Lawrence Edward Meyers,72,38,29,5
Aransas,3,"Justice, Supreme Court, Place 6",,DEM,Over Votes,0,0,0,0
Aransas,3,"Justice, Supreme Court, Place 6",,DEM,Under Votes,17,12,4,1
Aransas,3,"Justice, Supreme Court, Place 7",,DEM,Gina Benavides,72,37,30,5
Aransas,3,"Justice, Supreme Court, Place 7",,DEM,Over Votes,0,0,0,0
Aransas,3,"Justice, Supreme Court, Place 7",,DEM,Under Votes,17,13,3,1
Aransas,3,"Judge, Court of Criminal Appeals, Place 3",,DEM,John Granberg,71,37,29,5
Aransas,3,"Judge, Court of Criminal Appeals, Place 3",,DEM,Over Votes,0,0,0,0
Aransas,3,"Judge, Court of Criminal Appeals, Place 3",,DEM,Under Votes,18,13,4,1
Aransas,3,"Member, State Board of Education, District 2",,DEM,Ruben Cortez Jr.,72,38,29,5
Aransas,3,"Member, State Board of Education, District 2",,DEM,Over Votes,0,0,0,0
Aransas,3,"Member, State Board of Education, District 2",,DEM,Under Votes,17,12,4,1
Aransas,3,"Justice, 13th Court of Appeals District, Place 6",,DEM,Dori Contreras Garza,73,38,30,5
Aransas,3,"Justice, 13th Court of Appeals District, Place 6",,DEM,Over Votes,0,0,0,0
Aransas,3,"Justice, 13th Court of Appeals District, Place 6",,DEM,Under Votes,16,12,3,1
Aransas,3,ON IMMIGRATION REFORM,,DEM,FOR,76,43,29,4
Aransas,3,ON IMMIGRATION REFORM,,DEM,AGAINST,8,2,4,2
Aransas,3,ON IMMIGRATION REFORM,,DEM,Over Votes,0,0,0,0
Aransas,3,ON IMMIGRATION REFORM,,DEM,Under Votes,5,5,0,0
Aransas,3,A LIVING WAGE FOR ALL TEXANS,,DEM,FOR,80,43,32,5
Aransas,3,A LIVING WAGE FOR ALL TEXANS,,DEM,AGAINST,4,2,1,1
Aransas,3,A LIVING WAGE FOR ALL TEXANS,,DEM,Over Votes,0,0,0,0
Aransas,3,A LIVING WAGE FOR ALL TEXANS,,DEM,Under Votes,5,5,0,0
Aransas,3,MEDICAID EXPANSION,,DEM,FOR,80,44,31,5
Aransas,3,MEDICAID EXPANSION,,DEM,AGAINST,5,2,2,1
Aransas,3,MEDICAID EXPANSION,,DEM,Over Votes,0,0,0,0
Aransas,3,MEDICAID EXPANSION,,DEM,Under Votes,4,4,0,0
Aransas,3,ON NON-DISCRIMINATION LEGISLATION,,DEM,FOR,79,42,31,6
Aransas,3,ON NON-DISCRIMINATION LEGISLATION,,DEM,AGAINST,7,5,2,0
Aransas,3,ON NON-DISCRIMINATION LEGISLATION,,DEM,Over Votes,0,0,0,0
Aransas,3,ON NON-DISCRIMINATION LEGISLATION,,DEM,Under Votes,3,3,0,0
Aransas,3,Ballots Cast,,DEM,,89,50,33,6
Aransas,4,U.S. Senate,,DEM,Kesha Rogers,10,4,6,0
Aransas,4,U.S. Senate,,DEM,Maxey Marie Scherr,15,9,6,0
Aransas,4,U.S. Senate,,DEM,"Michael ""Fjet"" Fjetland",2,2,0,0
Aransas,4,U.S. Senate,,DEM,David M. Alameel,33,17,16,0
Aransas,4,U.S. Senate,,DEM,Harry Kim,2,2,0,0
Aransas,4,U.S. Senate,,DEM,Over Votes,0,0,0,0
Aransas,4,U.S. Senate,,DEM,Under Votes,7,2,5,0
Aransas,4,U.S. House,27,DEM,Wesley Reed,58,33,25,0
Aransas,4,U.S. House,27,DEM,Over Votes,0,0,0,0
Aransas,4,U.S. House,27,DEM,Under Votes,11,3,8,0
Aransas,4,Governor,,DEM,Wendy R. Davis,65,35,30,0
Aransas,4,Governor,,DEM,"Reynaldo ""Ray"" Madrigal",4,1,3,0
Aransas,4,Governor,,DEM,Over Votes,0,0,0,0
Aransas,4,Governor,,DEM,Under Votes,0,0,0,0
Aransas,4,Lieutenant Governor,,DEM,Leticia Van de Putte,61,34,27,0
Aransas,4,Lieutenant Governor,,DEM,Over Votes,0,0,0,0
Aransas,4,Lieutenant Governor,,DEM,Under Votes,8,2,6,0
Aransas,4,Attorney General,,DEM,Sam Houston,61,35,26,0
Aransas,4,Attorney General,,DEM,Over Votes,0,0,0,0
Aransas,4,Attorney General,,DEM,Under Votes,8,1,7,0
Aransas,4,Comptroller of Public Accounts,,DEM,Mike Collier,59,34,25,0
Aransas,4,Comptroller of Public Accounts,,DEM,Over Votes,0,0,0,0
Aransas,4,Comptroller of Public Accounts,,DEM,Under Votes,10,2,8,0
Aransas,4,Commissioner of the General Land Office,,DEM,John Cook,57,33,24,0
Aransas,4,Commissioner of the General Land Office,,DEM,Over Votes,0,0,0,0
Aransas,4,Commissioner of the General Land Office,,DEM,Under Votes,12,3,9,0
Aransas,4,Commissioner of Agriculture,,DEM,Hugh Asa Fitzsimons III,20,10,10,0
Aransas,4,Commissioner of Agriculture,,DEM,Jim Hogan,25,16,9,0
Aransas,4,Commissioner of Agriculture,,DEM,"Richard ""Kinky"" Friedman",18,9,9,0
Aransas,4,Commissioner of Agriculture,,DEM,Over Votes,0,0,0,0
Aransas,4,Commissioner of Agriculture,,DEM,Under Votes,6,1,5,0
Aransas,4,Railroad Commissioner,,DEM,Dale Henry,28,18,10,0
Aransas,4,Railroad Commissioner,,DEM,Steve Brown,33,16,17,0
Aransas,4,Railroad Commissioner,,DEM,Over Votes,0,0,0,0
Aransas,4,Railroad Commissioner,,DEM,Under Votes,8,2,6,0
Aransas,4,"Chief Justice, Supreme Court",,DEM,William Moody,61,33,28,0
Aransas,4,"Chief Justice, Supreme Court",,DEM,Over Votes,0,0,0,0
Aransas,4,"Chief Justice, Supreme Court",,DEM,Under Votes,8,3,5,0
Aransas,4,"Justice, Supreme Court, Place 6",,DEM,Lawrence Edward Meyers,58,32,26,0
Aransas,4,"Justice, Supreme Court, Place 6",,DEM,Over Votes,0,0,0,0
Aransas,4,"Justice, Supreme Court, Place 6",,DEM,Under Votes,11,4,7,0
Aransas,4,"Justice, Supreme Court, Place 7",,DEM,Gina Benavides,60,34,26,0
Aransas,4,"Justice, Supreme Court, Place 7",,DEM,Over Votes,0,0,0,0
Aransas,4,"Justice, Supreme Court, Place 7",,DEM,Under Votes,9,2,7,0
Aransas,4,"Judge, Court of Criminal Appeals, Place 3",,DEM,John Granberg,58,33,25,0
Aransas,4,"Judge, Court of Criminal Appeals, Place 3",,DEM,Over Votes,0,0,0,0
Aransas,4,"Judge, Court of Criminal Appeals, Place 3",,DEM,Under Votes,11,3,8,0
Aransas,4,"Member, State Board of Education, District 2",,DEM,Ruben Cortez Jr.,59,33,26,0
Aransas,4,"Member, State Board of Education, District 2",,DEM,Over Votes,0,0,0,0
Aransas,4,"Member, State Board of Education, District 2",,DEM,Under Votes,10,3,7,0
Aransas,4,"Justice, 13th Court of Appeals District, Place 6",,DEM,Dori Contreras Garza,60,34,26,0
Aransas,4,"Justice, 13th Court of Appeals District, Place 6",,DEM,Over Votes,0,0,0,0
Aransas,4,"Justice, 13th Court of Appeals District, Place 6",,DEM,Under Votes,9,2,7,0
Aransas,4,ON IMMIGRATION REFORM,,DEM,FOR,61,33,28,0
Aransas,4,ON IMMIGRATION REFORM,,DEM,AGAINST,8,3,5,0
Aransas,4,ON IMMIGRATION REFORM,,DEM,Over Votes,0,0,0,0
Aransas,4,ON IMMIGRATION REFORM,,DEM,Under Votes,0,0,0,0
Aransas,4,A LIVING WAGE FOR ALL TEXANS,,DEM,FOR,63,33,30,0
Aransas,4,A LIVING WAGE FOR ALL TEXANS,,DEM,AGAINST,6,3,3,0
Aransas,4,A LIVING WAGE FOR ALL TEXANS,,DEM,Over Votes,0,0,0,0
Aransas,4,A LIVING WAGE FOR ALL TEXANS,,DEM,Under Votes,0,0,0,0
Aransas,4,MEDICAID EXPANSION,,DEM,FOR,60,32,28,0
Aransas,4,MEDICAID EXPANSION,,DEM,AGAINST,8,3,5,0
Aransas,4,MEDICAID EXPANSION,,DEM,Over Votes,0,0,0,0
Aransas,4,MEDICAID EXPANSION,,DEM,Under Votes,1,1,0,0
Aransas,4,ON NON-DISCRIMINATION LEGISLATION,,DEM,FOR,59,32,27,0
Aransas,4,ON NON-DISCRIMINATION LEGISLATION,,DEM,AGAINST,8,3,5,0
Aransas,4,ON NON-DISCRIMINATION LEGISLATION,,DEM,Over Votes,0,0,0,0
Aransas,4,ON NON-DISCRIMINATION LEGISLATION,,DEM,Under Votes,2,1,1,0
Aransas,4,Ballots Cast,,DEM,,69,36,33,0
Aransas,4A,U.S. Senate,,DEM,Kesha Rogers,8,4,4,0
Aransas,4A,U.S. Senate,,DEM,Maxey Marie Scherr,2,2,0,0
Aransas,4A,U.S. Senate,,DEM,"Michael ""Fjet"" Fjetland",0,0,0,0
Aransas,4A,U.S. Senate,,DEM,David M. Alameel,7,3,3,1
Aransas,4A,U.S. Senate,,DEM,Harry Kim,1,0,1,0
Aransas,4A,U.S. Senate,,DEM,Over Votes,0,0,0,0
Aransas,4A,U.S. Senate,,DEM,Under Votes,2,1,1,0
Aransas,4A,U.S. House,27,DEM,Wesley Reed,16,9,6,1
Aransas,4A,U.S. House,27,DEM,Over Votes,0,0,0,0
Aransas,4A,U.S. House,27,DEM,Under Votes,4,1,3,0
Aransas,4A,Governor,,DEM,Wendy R. Davis,18,8,9,1
Aransas,4A,Governor,,DEM,"Reynaldo ""Ray"" Madrigal",2,2,0,0
Aransas,4A,Governor,,DEM,Over Votes,0,0,0,0
Aransas,4A,Governor,,DEM,Under Votes,0,0,0,0
Aransas,4A,Lieutenant Governor,,DEM,Leticia Van de Putte,17,9,7,1
Aransas,4A,Lieutenant Governor,,DEM,Over Votes,0,0,0,0
Aransas,4A,Lieutenant Governor,,DEM,Under Votes,3,1,2,0
Aransas,4A,Attorney General,,DEM,Sam Houston,17,9,7,1
Aransas,4A,Attorney General,,DEM,Over Votes,0,0,0,0
Aransas,4A,Attorney General,,DEM,Under Votes,3,1,2,0
Aransas,4A,Comptroller of Public Accounts,,DEM,Mike Collier,17,9,7,1
Aransas,4A,Comptroller of Public Accounts,,DEM,Over Votes,0,0,0,0
Aransas,4A,Comptroller of Public Accounts,,DEM,Under Votes,3,1,2,0
Aransas,4A,Commissioner of the General Land Office,,DEM,John Cook,18,10,7,1
Aransas,4A,Commissioner of the General Land Office,,DEM,Over Votes,0,0,0,0
Aransas,4A,Commissioner of the General Land Office,,DEM,Under Votes,2,0,2,0
Aransas,4A,Commissioner of Agriculture,,DEM,Hugh Asa Fitzsimons III,3,1,2,0
Aransas,4A,Commissioner of Agriculture,,DEM,Jim Hogan,8,3,4,1
Aransas,4A,Commissioner of Agriculture,,DEM,"Richard ""Kinky"" Friedman",6,5,1,0
Aransas,4A,Commissioner of Agriculture,,DEM,Over Votes,0,0,0,0
Aransas,4A,Commissioner of Agriculture,,DEM,Under Votes,3,1,2,0
Aransas,4A,Railroad Commissioner,,DEM,Dale Henry,7,2,4,1
Aransas,4A,Railroad Commissioner,,DEM,Steve Brown,8,5,3,0
Aransas,4A,Railroad Commissioner,,DEM,Over Votes,0,0,0,0
Aransas,4A,Railroad Commissioner,,DEM,Under Votes,5,3,2,0
Aransas,4A,"Chief Justice, Supreme Court",,DEM,William Moody,16,8,7,1
Aransas,4A,"Chief Justice, Supreme Court",,DEM,Over Votes,0,0,0,0
Aransas,4A,"Chief Justice, Supreme Court",,DEM,Under Votes,4,2,2,0
Aransas,4A,"Justice, Supreme Court, Place 6",,DEM,Lawrence Edward Meyers,16,8,7,1
Aransas,4A,"Justice, Supreme Court, Place 6",,DEM,Over Votes,0,0,0,0
Aransas,4A,"Justice, Supreme Court, Place 6",,DEM,Under Votes,4,2,2,0
Aransas,4A,"Justice, Supreme Court, Place 7",,DEM,Gina Benavides,16,8,7,1
Aransas,4A,"Justice, Supreme Court, Place 7",,DEM,Over Votes,0,0,0,0
Aransas,4A,"Justice, Supreme Court, Place 7",,DEM,Under Votes,4,2,2,0
Aransas,4A,"Judge, Court of Criminal Appeals, Place 3",,DEM,John Granberg,16,8,7,1
Aransas,4A,"Judge, Court of Criminal Appeals, Place 3",,DEM,Over Votes,0,0,0,0
Aransas,4A,"Judge, Court of Criminal Appeals, Place 3",,DEM,Under Votes,4,2,2,0
Aransas,4A,"Member, State Board of Education, District 2",,DEM,Ruben Cortez Jr.,17,9,7,1
Aransas,4A,"Member, State Board of Education, District 2",,DEM,Over Votes,0,0,0,0
Aransas,4A,"Member, State Board of Education, District 2",,DEM,Under Votes,3,1,2,0
Aransas,4A,"Justice, 13th Court of Appeals District, Place 6",,DEM,Dori Contreras Garza,17,9,7,1
Aransas,4A,"Justice, 13th Court of Appeals District, Place 6",,DEM,Over Votes,0,0,0,0
Aransas,4A,"Justice, 13th Court of Appeals District, Place 6",,DEM,Under Votes,3,1,2,0
Aransas,4A,ON IMMIGRATION REFORM,,DEM,FOR,19,10,8,1
Aransas,4A,ON IMMIGRATION REFORM,,DEM,AGAINST,1,0,1,0
Aransas,4A,ON IMMIGRATION REFORM,,DEM,Over Votes,0,0,0,0
Aransas,4A,ON IMMIGRATION REFORM,,DEM,Under Votes,0,0,0,0
Aransas,4A,A LIVING WAGE FOR ALL TEXANS,,DEM,FOR,19,9,9,1
Aransas,4A,A LIVING WAGE FOR ALL TEXANS,,DEM,AGAINST,1,1,0,0
Aransas,4A,A LIVING WAGE FOR ALL TEXANS,,DEM,Over Votes,0,0,0,0
Aransas,4A,A LIVING WAGE FOR ALL TEXANS,,DEM,Under Votes,0,0,0,0
Aransas,4A,MEDICAID EXPANSION,,DEM,FOR,19,9,9,1
Aransas,4A,MEDICAID EXPANSION,,DEM,AGAINST,1,1,0,0
Aransas,4A,MEDICAID EXPANSION,,DEM,Over Votes,0,0,0,0
Aransas,4A,MEDICAID EXPANSION,,DEM,Under Votes,0,0,0,0
Aransas,4A,ON NON-DISCRIMINATION LEGISLATION,,DEM,FOR,18,9,8,1
Aransas,4A,ON NON-DISCRIMINATION LEGISLATION,,DEM,AGAINST,2,1,1,0
Aransas,4A,ON NON-DISCRIMINATION LEGISLATION,,DEM,Over Votes,0,0,0,0
Aransas,4A,ON NON-DISCRIMINATION LEGISLATION,,DEM,Under Votes,0,0,0,0
Aransas,4A,Ballots Cast,,REP,,20,10,9,1
Aransas,1,U.S. Senate,,REP,Dwayne Stovall,41,17,23,1
Aransas,1,U.S. Senate,,REP,Ken Cope,5,4,1,0
Aransas,1,U.S. Senate,,REP,Chris Mapp,5,2,3,0
Aransas,1,U.S. Senate,,REP,Linda Vega,20,14,6,0
Aransas,1,U.S. Senate,,REP,John Cornyn,218,106,91,21
Aransas,1,U.S. Senate,,REP,Reid Reasor,5,4,1,0
Aransas,1,U.S. Senate,,REP,Curt Cleaver,7,4,3,0
Aransas,1,U.S. Senate,,REP,Steve Stockman,42,17,25,0
Aransas,1,U.S. Senate,,REP,Over Votes,0,0,0,0
Aransas,1,U.S. Senate,,REP,Under Votes,30,15,15,0
Aransas,1,U.S. House,27,REP,Blake Farenthold,290,141,131,18
Aransas,1,U.S. House,27,REP,Over Votes,0,0,0,0
Aransas,1,U.S. House,27,REP,Under Votes,83,42,37,4
Aransas,1,Governor,,REP,Miriam Martinez,14,7,7,0
Aransas,1,Governor,,REP,Lisa Fritsch,16,7,7,2
Aransas,1,Governor,,REP,SECEDE Kilgore,10,4,6,0
Aransas,1,Governor,,REP,Greg Abbott,311,154,137,20
Aransas,1,Governor,,REP,Over Votes,0,0,0,0
Aransas,1,Governor,,REP,Under Votes,22,11,11,0
Aransas,1,Lieutenant Governor,,REP,Dan Patrick,85,48,28,9
Aransas,1,Lieutenant Governor,,REP,David Dewhurst,133,63,65,5
Aransas,1,Lieutenant Governor,,REP,Todd Staples,50,24,20,6
Aransas,1,Lieutenant Governor,,REP,Jerry Patterson,78,35,41,2
Aransas,1,Lieutenant Governor,,REP,Over Votes,0,0,0,0
Aransas,1,Lieutenant Governor,,REP,Under Votes,27,13,14,0
Aransas,1,Attorney General,,REP,Ken Paxton,130,62,64,4
Aransas,1,Attorney General,,REP,Dan Branch,95,48,45,2
Aransas,1,Attorney General,,REP,Barry Smitherman,83,44,26,13
Aransas,1,Attorney General,,REP,Over Votes,0,0,0,0
Aransas,1,Attorney General,,REP,Under Votes,65,29,33,3
Aransas,1,Comptroller of Public Accounts,,REP,Glenn Hegar,161,86,69,6
Aransas,1,Comptroller of Public Accounts,,REP,Raul Torres,20,9,11,0
Aransas,1,Comptroller of Public Accounts,,REP,Debra Medina,52,19,32,1
Aransas,1,Comptroller of Public Accounts,,REP,Harvey Hilderbran,86,48,26,12
Aransas,1,Comptroller of Public Accounts,,REP,Over Votes,0,0,0,0
Aransas,1,Comptroller of Public Accounts,,REP,Under Votes,54,21,30,3
Aransas,1,Commissioner of the General Land Office,,REP,George P. Bush,245,125,101,19
Aransas,1,Commissioner of the General Land Office,,REP,David Watts,97,44,51,2
Aransas,1,Commissioner of the General Land Office,,REP,Over Votes,0,0,0,0
Aransas,1,Commissioner of the General Land Office,,REP,Under Votes,31,14,16,1
Aransas,1,Commissioner of Agriculture,,REP,Tommy Merritt,53,24,27,2
Aransas,1,Commissioner of Agriculture,,REP,Sid Miller,79,45,22,12
Aransas,1,Commissioner of Agriculture,,REP,Joe Cotten,100,46,51,3
Aransas,1,Commissioner of Agriculture,,REP,J Allen Carnes,37,19,16,2
Aransas,1,Commissioner of Agriculture,,REP,Eric Opiela,30,16,14,0
Aransas,1,Commissioner of Agriculture,,REP,Over Votes,0,0,0,0
Aransas,1,Commissioner of Agriculture,,REP,Under Votes,74,33,38,3
Aransas,1,Railroad Commissioner,,REP,Wayne Christian,117,57,56,4
Aransas,1,Railroad Commissioner,,REP,Ryan Sitton,78,41,26,11
Aransas,1,Railroad Commissioner,,REP,Becky Berger,90,45,42,3
Aransas,1,Railroad Commissioner,,REP,Malachi Boyuls,10,3,7,0
Aransas,1,Railroad Commissioner,,REP,Over Votes,0,0,0,0
Aransas,1,Railroad Commissioner,,REP,Under Votes,78,37,37,4
Aransas,1,"Chief Justice, Supreme Court",,REP,Nathan Hecht,183,95,83,5
Aransas,1,"Chief Justice, Supreme Court",,REP,Robert Talton,114,54,48,12
Aransas,1,"Chief Justice, Supreme Court",,REP,Over Votes,0,0,0,0
Aransas,1,"Chief Justice, Supreme Court",,REP,Under Votes,76,34,37,5
Aransas,1,"Justice, Supreme Court, Place 6",,REP,Jeff Brown,215,104,95,16
Aransas,1,"Justice, Supreme Court, Place 6",,REP,Joe Pool,75,39,34,2
Aransas,1,"Justice, Supreme Court, Place 6",,REP,Over Votes,0,0,0,0
Aransas,1,"Justice, Supreme Court, Place 6",,REP,Under Votes,83,40,39,4
Aransas,1,"Justice, Supreme Court, Place 7",,REP,Jeff Boyd,260,133,111,16
Aransas,1,"Justice, Supreme Court, Place 7",,REP,Over Votes,0,0,0,0
Aransas,1,"Justice, Supreme Court, Place 7",,REP,Under Votes,113,50,57,6
Aransas,1,"Justice, Supreme Court, Place 8",,REP,Sharon McCally,141,73,55,13
Aransas,1,"Justice, Supreme Court, Place 8",,REP,Phil Johnson,148,67,76,5
Aransas,1,"Justice, Supreme Court, Place 8",,REP,Over Votes,0,0,0,0
Aransas,1,"Justice, Supreme Court, Place 8",,REP,Under Votes,84,43,37,4
Aransas,1,"Judge, Court of Criminal Appeals, Place 3",,REP,Barbara Walther,138,68,66,4
Aransas,1,"Judge, Court of Criminal Appeals, Place 3",,REP,Bert Richardson,149,72,62,15
Aransas,1,"Judge, Court of Criminal Appeals, Place 3",,REP,Over Votes,0,0,0,0
Aransas,1,"Judge, Court of Criminal Appeals, Place 3",,REP,Under Votes,86,43,40,3
Aransas,1,"Judge, Court of Criminal Appeals, Place 4",,REP,Richard Dean Davis,110,55,51,4
Aransas,1,"Judge, Court of Criminal Appeals, Place 4",,REP,Jani Jo Wood,75,43,31,1
Aransas,1,"Judge, Court of Criminal Appeals, Place 4",,REP,Kevin Patrick Yeary,97,39,45,13
Aransas,1,"Judge, Court of Criminal Appeals, Place 4",,REP,Over Votes,0,0,0,0
Aransas,1,"Judge, Court of Criminal Appeals, Place 4",,REP,Under Votes,91,46,41,4
Aransas,1,"Judge, Court of Criminal Appeals, Place 9",,REP,"W.C. ""Bud"" Kirkendall",175,83,76,16
Aransas,1,"Judge, Court of Criminal Appeals, Place 9",,REP,David Newell,104,52,50,2
Aransas,1,"Judge, Court of Criminal Appeals, Place 9",,REP,Over Votes,0,0,0,0
Aransas,1,"Judge, Court of Criminal Appeals, Place 9",,REP,Under Votes,94,48,42,4
Aransas,1,State Representative,30,REP,Geanie W. Morrison,269,138,113,18
Aransas,1,State Representative,30,REP,Over Votes,0,0,0,0
Aransas,1,State Representative,30,REP,Under Votes,104,45,55,4
Aransas,1,"Justice, 13th Court of Appeals District, Place 6",,REP,Bradford M. Condit,103,59,41,3
Aransas,1,"Justice, 13th Court of Appeals District, Place 6",,REP,Doug Norman,165,70,83,12
Aransas,1,"Justice, 13th Court of Appeals District, Place 6",,REP,Over Votes,0,0,0,0
Aransas,1,"Justice, 13th Court of Appeals District, Place 6",,REP,Under Votes,105,54,44,7
Aransas,1,"District Judge, 36th Judicial District",,REP,Starr Bauer,250,123,113,14
Aransas,1,"District Judge, 36th Judicial District",,REP,Over Votes,0,0,0,0
Aransas,1,"District Judge, 36th Judicial District",,REP,Under Votes,123,60,55,8
Aransas,1,"District Judge, 156th Judicial District",,REP,Patrick L. Flanigan,259,133,112,14
Aransas,1,"District Judge, 156th Judicial District",,REP,Over Votes,0,0,0,0
Aransas,1,"District Judge, 156th Judicial District",,REP,Under Votes,114,50,56,8
Aransas,1,"District Attorney, 36th Judicial District",,REP,Michael Welborn,260,130,115,15
Aransas,1,"District Attorney, 36th Judicial District",,REP,Over Votes,0,0,0,0
Aransas,1,"District Attorney, 36th Judicial District",,REP,Under Votes,113,53,53,7
Aransas,1,County Judge,,REP,"C.H. ""Burt"" Mills, Jr.",281,142,124,15
Aransas,1,County Judge,,REP,Over Votes,0,0,0,0
Aransas,1,County Judge,,REP,Under Votes,92,41,44,7
Aransas,1,"Judge, County Court at Law",,REP,Richard Bianchi,161,79,71,11
Aransas,1,"Judge, County Court at Law",,REP,"William ""Bill"" Adams",193,95,90,8
Aransas,1,"Judge, County Court at Law",,REP,Over Votes,0,0,0,0
Aransas,1,"Judge, County Court at Law",,REP,Under Votes,19,9,7,3
Aransas,1,County Attorney,,REP,Kristen Barnebey Blanford,204,104,95,5
Aransas,1,County Attorney,,REP,Steve Fischer,150,71,64,15
Aransas,1,County Attorney,,REP,Over Votes,0,0,0,0
Aransas,1,County Attorney,,REP,Under Votes,19,8,9,2
Aransas,1,District Clerk,,REP,Pam Heard,293,147,130,16
Aransas,1,District Clerk,,REP,Over Votes,0,0,0,0
Aransas,1,District Clerk,,REP,Under Votes,80,36,38,6
Aransas,1,County Clerk,,REP,Valerie K. Amason,282,143,123,16
Aransas,1,County Clerk,,REP,Over Votes,0,0,0,0
Aransas,1,County Clerk,,REP,Under Votes,91,40,45,6
Aransas,1,County Treasurer,,REP,Alma Tamburin Cartwright,278,144,118,16
Aransas,1,County Treasurer,,REP,Over Votes,0,0,0,0
Aransas,1,County Treasurer,,REP,Under Votes,95,39,50,6
Aransas,1,County Surveyor,,REP,Jerry Brundrett,285,143,126,16
Aransas,1,County Surveyor,,REP,Over Votes,0,0,0,0
Aransas,1,County Surveyor,,REP,Under Votes,88,40,42,6
Aransas,1,"Justice of the Peace, Precinct No. 1",,REP,Diane Dupnik,294,148,130,16
Aransas,1,"Justice of the Peace, Precinct No. 1",,REP,Over Votes,0,0,0,0
Aransas,1,"Justice of the Peace, Precinct No. 1",,REP,Under Votes,79,35,38,6
Aransas,1,County Chairman,,REP,Jim Mixon,272,138,120,14
Aransas,1,County Chairman,,REP,Over Votes,0,0,0,0
Aransas,1,County Chairman,,REP,Under Votes,101,45,48,8
Aransas,1,Religious Freedom,,REP,YES,342,164,158,20
Aransas,1,Religious Freedom,,REP,NO,14,6,6,2
Aransas,1,Religious Freedom,,REP,Over Votes,0,0,0,0
Aransas,1,Religious Freedom,,REP,Under Votes,17,13,4,0
Aransas,1,Second Amendment,,REP,YES,316,151,148,17
Aransas,1,Second Amendment,,REP,NO,46,23,18,5
Aransas,1,Second Amendment,,REP,Over Votes,0,0,0,0
Aransas,1,Second Amendment,,REP,Under Votes,11,9,2,0
Aransas,1,Franchise Tax,,REP,YES,312,150,143,19
Aransas,1,Franchise Tax,,REP,NO,39,18,18,3
Aransas,1,Franchise Tax,,REP,Over Votes,1,0,1,0
Aransas,1,Franchise Tax,,REP,Under Votes,21,15,6,0
Aransas,1,Welfare Reform,,REP,YES,347,168,160,19
Aransas,1,Welfare Reform,,REP,NO,13,6,4,3
Aransas,1,Welfare Reform,,REP,Over Votes,0,0,0,0
Aransas,1,Welfare Reform,,REP,Under Votes,13,9,4,0
Aransas,1,No Lawmaker Exceptions,,REP,YES,358,171,165,22
Aransas,1,No Lawmaker Exceptions,,REP,NO,2,1,1,0
Aransas,1,No Lawmaker Exceptions,,REP,Over Votes,0,0,0,0
Aransas,1,No Lawmaker Exceptions,,REP,Under Votes,13,11,2,0
Aransas,1,Obamacare,,REP,YES,321,155,146,20
Aransas,1,Obamacare,,REP,NO,37,17,18,2
Aransas,1,Obamacare,,REP,Over Votes,0,0,0,0
Aransas,1,Obamacare,,REP,Under Votes,15,11,4,0
Aransas,1,Ballots Cast,,REP,,373,183,168,22
Aransas,1A,U.S. Senate,,REP,Dwayne Stovall,17,6,9,2
Aransas,1A,U.S. Senate,,REP,Ken Cope,1,0,1,0
Aransas,1A,U.S. Senate,,REP,Chris Mapp,6,4,2,0
Aransas,1A,U.S. Senate,,REP,Linda Vega,9,4,5,0
Aransas,1A,U.S. Senate,,REP,John Cornyn,74,27,38,9
Aransas,1A,U.S. Senate,,REP,Reid Reasor,1,1,0,0
Aransas,1A,U.S. Senate,,REP,Curt Cleaver,3,1,1,1
Aransas,1A,U.S. Senate,,REP,Steve Stockman,34,12,19,3
Aransas,1A,U.S. Senate,,REP,Over Votes,0,0,0,0
Aransas,1A,U.S. Senate,,REP,Under Votes,7,4,3,0
Aransas,1A,U.S. House,27,REP,Blake Farenthold,127,48,69,10
Aransas,1A,U.S. House,27,REP,Over Votes,0,0,0,0
Aransas,1A,U.S. House,27,REP,Under Votes,25,11,9,5
Aransas,1A,Governor,,REP,Miriam Martinez,6,4,2,0
Aransas,1A,Governor,,REP,Lisa Fritsch,1,0,1,0
Aransas,1A,Governor,,REP,SECEDE Kilgore,4,3,1,0
Aransas,1A,Governor,,REP,Greg Abbott,140,51,74,15
Aransas,1A,Governor,,REP,Over Votes,0,0,0,0
Aransas,1A,Governor,,REP,Under Votes,1,1,0,0
Aransas,1A,Lieutenant Governor,,REP,Dan Patrick,41,15,16,10
Aransas,1A,Lieutenant Governor,,REP,David Dewhurst,67,26,37,4
Aransas,1A,Lieutenant Governor,,REP,Todd Staples,21,6,14,1
Aransas,1A,Lieutenant Governor,,REP,Jerry Patterson,20,11,9,0
Aransas,1A,Lieutenant Governor,,REP,Over Votes,0,0,0,0
Aransas,1A,Lieutenant Governor,,REP,Under Votes,3,1,2,0
Aransas,1A,Attorney General,,REP,Ken Paxton,51,23,26,2
Aransas,1A,Attorney General,,REP,Dan Branch,45,12,32,1
Aransas,1A,Attorney General,,REP,Barry Smitherman,37,12,15,10
Aransas,1A,Attorney General,,REP,Over Votes,0,0,0,0
Aransas,1A,Attorney General,,REP,Under Votes,19,12,5,2
Aransas,1A,Comptroller of Public Accounts,,REP,Glenn Hegar,68,27,33,8
Aransas,1A,Comptroller of Public Accounts,,REP,Raul Torres,16,7,9,0
Aransas,1A,Comptroller of Public Accounts,,REP,Debra Medina,20,9,11,0
Aransas,1A,Comptroller of Public Accounts,,REP,Harvey Hilderbran,35,10,18,7
Aransas,1A,Comptroller of Public Accounts,,REP,Over Votes,0,0,0,0
Aransas,1A,Comptroller of Public Accounts,,REP,Under Votes,13,6,7,0
Aransas,1A,Commissioner of the General Land Office,,REP,George P. Bush,97,37,49,11
Aransas,1A,Commissioner of the General Land Office,,REP,David Watts,47,17,26,4
Aransas,1A,Commissioner of the General Land Office,,REP,Over Votes,0,0,0,0
Aransas,1A,Commissioner of the General Land Office,,REP,Under Votes,8,5,3,0
Aransas,1A,Commissioner of Agriculture,,REP,Tommy Merritt,26,8,16,2
Aransas,1A,Commissioner of Agriculture,,REP,Sid Miller,43,16,17,10
Aransas,1A,Commissioner of Agriculture,,REP,Joe Cotten,49,23,26,0
Aransas,1A,Commissioner of Agriculture,,REP,J Allen Carnes,11,2,8,1
Aransas,1A,Commissioner of Agriculture,,REP,Eric Opiela,8,5,3,0
Aransas,1A,Commissioner of Agriculture,,REP,Over Votes,0,0,0,0
Aransas,1A,Commissioner of Agriculture,,REP,Under Votes,15,5,8,2
Aransas,1A,Railroad Commissioner,,REP,Wayne Christian,50,22,25,3
Aransas,1A,Railroad Commissioner,,REP,Ryan Sitton,40,11,20,9
Aransas,1A,Railroad Commissioner,,REP,Becky Berger,33,11,21,1
Aransas,1A,Railroad Commissioner,,REP,Malachi Boyuls,11,3,8,0
Aransas,1A,Railroad Commissioner,,REP,Over Votes,0,0,0,0
Aransas,1A,Railroad Commissioner,,REP,Under Votes,18,12,4,2
Aransas,1A,"Chief Justice, Supreme Court",,REP,Nathan Hecht,64,28,32,4
Aransas,1A,"Chief Justice, Supreme Court",,REP,Robert Talton,64,18,37,9
Aransas,1A,"Chief Justice, Supreme Court",,REP,Over Votes,0,0,0,0
Aransas,1A,"Chief Justice, Supreme Court",,REP,Under Votes,24,13,9,2
Aransas,1A,"Justice, Supreme Court, Place 6",,REP,Jeff Brown,96,34,51,11
Aransas,1A,"Justice, Supreme Court, Place 6",,REP,Joe Pool,33,13,18,2
Aransas,1A,"Justice, Supreme Court, Place 6",,REP,Over Votes,0,0,0,0
Aransas,1A,"Justice, Supreme Court, Place 6",,REP,Under Votes,23,12,9,2
Aransas,1A,"Justice, Supreme Court, Place 7",,REP,Jeff Boyd,116,44,60,12
Aransas,1A,"Justice, Supreme Court, Place 7",,REP,Over Votes,0,0,0,0
Aransas,1A,"Justice, Supreme Court, Place 7",,REP,Under Votes,36,15,18,3
Aransas,1A,"Justice, Supreme Court, Place 8",,REP,Sharon McCally,58,20,31,7
Aransas,1A,"Justice, Supreme Court, Place 8",,REP,Phil Johnson,72,27,39,6
Aransas,1A,"Justice, Supreme Court, Place 8",,REP,Over Votes,0,0,0,0
Aransas,1A,"Justice, Supreme Court, Place 8",,REP,Under Votes,22,12,8,2
Aransas,1A,"Judge, Court of Criminal Appeals, Place 3",,REP,Barbara Walther,45,18,25,2
Aransas,1A,"Judge, Court of Criminal Appeals, Place 3",,REP,Bert Richardson,82,27,44,11
Aransas,1A,"Judge, Court of Criminal Appeals, Place 3",,REP,Over Votes,0,0,0,0
Aransas,1A,"Judge, Court of Criminal Appeals, Place 3",,REP,Under Votes,25,14,9,2
Aransas,1A,"Judge, Court of Criminal Appeals, Place 4",,REP,Richard Dean Davis,48,20,25,3
Aransas,1A,"Judge, Court of Criminal Appeals, Place 4",,REP,Jani Jo Wood,23,11,11,1
Aransas,1A,"Judge, Court of Criminal Appeals, Place 4",,REP,Kevin Patrick Yeary,51,14,28,9
Aransas,1A,"Judge, Court of Criminal Appeals, Place 4",,REP,Over Votes,0,0,0,0
Aransas,1A,"Judge, Court of Criminal Appeals, Place 4",,REP,Under Votes,30,14,14,2
Aransas,1A,"Judge, Court of Criminal Appeals, Place 9",,REP,"W.C. ""Bud"" Kirkendall",71,24,39,8
Aransas,1A,"Judge, Court of Criminal Appeals, Place 9",,REP,David Newell,52,19,28,5
Aransas,1A,"Judge, Court of Criminal Appeals, Place 9",,REP,Over Votes,0,0,0,0
Aransas,1A,"Judge, Court of Criminal Appeals, Place 9",,REP,Under Votes,29,16,11,2
Aransas,1A,State Representative,30,REP,Geanie W. Morrison,108,38,58,12
Aransas,1A,State Representative,30,REP,Over Votes,0,0,0,0
Aransas,1A,State Representative,30,REP,Under Votes,44,21,20,3
Aransas,1A,"Justice, 13th Court of Appeals District, Place 6",,REP,Bradford M. Condit,44,18,22,4
Aransas,1A,"Justice, 13th Court of Appeals District, Place 6",,REP,Doug Norman,75,25,42,8
Aransas,1A,"Justice, 13th Court of Appeals District, Place 6",,REP,Over Votes,0,0,0,0
Aransas,1A,"Justice, 13th Court of Appeals District, Place 6",,REP,Under Votes,33,16,14,3
Aransas,1A,"District Judge, 36th Judicial District",,REP,Starr Bauer,107,39,56,12
Aransas,1A,"District Judge, 36th Judicial District",,REP,Over Votes,0,0,0,0
Aransas,1A,"District Judge, 36th Judicial District",,REP,Under Votes,45,20,22,3
Aransas,1A,"District Judge, 156th Judicial District",,REP,Patrick L. Flanigan,110,37,61,12
Aransas,1A,"District Judge, 156th Judicial District",,REP,Over Votes,0,0,0,0
Aransas,1A,"District Judge, 156th Judicial District",,REP,Under Votes,42,22,17,3
Aransas,1A,"District Attorney, 36th Judicial District",,REP,Michael Welborn,110,38,60,12
Aransas,1A,"District Attorney, 36th Judicial District",,REP,Over Votes,0,0,0,0
Aransas,1A,"District Attorney, 36th Judicial District",,REP,Under Votes,42,21,18,3
Aransas,1A,County Judge,,REP,"C.H. ""Burt"" Mills, Jr.",116,46,59,11
Aransas,1A,County Judge,,REP,Over Votes,0,0,0,0
Aransas,1A,County Judge,,REP,Under Votes,36,13,19,4
Aransas,1A,"Judge, County Court at Law",,REP,Richard Bianchi,71,26,40,5
Aransas,1A,"Judge, County Court at Law",,REP,"William ""Bill"" Adams",66,27,31,8
Aransas,1A,"Judge, County Court at Law",,REP,Over Votes,0,0,0,0
Aransas,1A,"Judge, County Court at Law",,REP,Under Votes,15,6,7,2
Aransas,1A,County Attorney,,REP,Kristen Barnebey Blanford,65,32,31,2
Aransas,1A,County Attorney,,REP,Steve Fischer,76,22,44,10
Aransas,1A,County Attorney,,REP,Over Votes,0,0,0,0
Aransas,1A,County Attorney,,REP,Under Votes,11,5,3,3
Aransas,1A,District Clerk,,REP,Pam Heard,116,42,62,12
Aransas,1A,District Clerk,,REP,Over Votes,0,0,0,0
Aransas,1A,District Clerk,,REP,Under Votes,36,17,16,3
Aransas,1A,County Clerk,,REP,Valerie K. Amason,109,41,57,11
Aransas,1A,County Clerk,,REP,Over Votes,0,0,0,0
Aransas,1A,County Clerk,,REP,Under Votes,43,18,21,4
Aransas,1A,County Treasurer,,REP,Alma Tamburin Cartwright,105,37,56,12
Aransas,1A,County Treasurer,,REP,Over Votes,0,0,0,0
Aransas,1A,County Treasurer,,REP,Under Votes,47,22,22,3
Aransas,1A,County Surveyor,,REP,Jerry Brundrett,114,41,61,12
Aransas,1A,County Surveyor,,REP,Over Votes,0,0,0,0
Aransas,1A,County Surveyor,,REP,Under Votes,38,18,17,3
Aransas,1A,"Justice of the Peace, Precinct No. 1",,REP,Diane Dupnik,115,40,63,12
Aransas,1A,"Justice of the Peace, Precinct No. 1",,REP,Over Votes,0,0,0,0
Aransas,1A,"Justice of the Peace, Precinct No. 1",,REP,Under Votes,37,19,15,3
Aransas,1A,County Chairman,,REP,Jim Mixon,101,37,53,11
Aransas,1A,County Chairman,,REP,Over Votes,0,0,0,0
Aransas,1A,County Chairman,,REP,Under Votes,51,22,25,4
Aransas,1A,Religious Freedom,,REP,YES,145,54,76,15
Aransas,1A,Religious Freedom,,REP,NO,2,2,0,0
Aransas,1A,Religious Freedom,,REP,Over Votes,0,0,0,0
Aransas,1A,Religious Freedom,,REP,Under Votes,5,3,2,0
Aransas,1A,Second Amendment,,REP,YES,139,52,72,15
Aransas,1A,Second Amendment,,REP,NO,8,4,4,0
Aransas,1A,Second Amendment,,REP,Over Votes,0,0,0,0
Aransas,1A,Second Amendment,,REP,Under Votes,5,3,2,0
Aransas,1A,Franchise Tax,,REP,YES,136,53,69,14
Aransas,1A,Franchise Tax,,REP,NO,10,2,7,1
Aransas,1A,Franchise Tax,,REP,Over Votes,0,0,0,0
Aransas,1A,Franchise Tax,,REP,Under Votes,6,4,2,0
Aransas,1A,Welfare Reform,,REP,YES,145,55,75,15
Aransas,1A,Welfare Reform,,REP,NO,4,3,1,0
Aransas,1A,Welfare Reform,,REP,Over Votes,0,0,0,0
Aransas,1A,Welfare Reform,,REP,Under Votes,3,1,2,0
Aransas,1A,No Lawmaker Exceptions,,REP,YES,148,57,76,15
Aransas,1A,No Lawmaker Exceptions,,REP,NO,0,0,0,0
Aransas,1A,No Lawmaker Exceptions,,REP,Over Votes,0,0,0,0
Aransas,1A,No Lawmaker Exceptions,,REP,Under Votes,4,2,2,0
Aransas,1A,Obamacare,,REP,YES,140,54,71,15
Aransas,1A,Obamacare,,REP,NO,7,4,3,0
Aransas,1A,Obamacare,,REP,Over Votes,0,0,0,0
Aransas,1A,Obamacare,,REP,Under Votes,5,1,4,0
Aransas,1A,Ballots Cast,,REP,,152,59,78,15
Aransas,2,U.S. Senate,,REP,Dwayne Stovall,29,17,11,1
Aransas,2,U.S. Senate,,REP,Ken Cope,11,6,4,1
Aransas,2,U.S. Senate,,REP,Chris Mapp,5,3,2,0
Aransas,2,U.S. Senate,,REP,Linda Vega,52,26,26,0
Aransas,2,U.S. Senate,,REP,John Cornyn,251,129,92,30
Aransas,2,U.S. Senate,,REP,Reid Reasor,10,4,6,0
Aransas,2,U.S. Senate,,REP,Curt Cleaver,5,1,3,1
Aransas,2,U.S. Senate,,REP,Steve Stockman,76,32,34,10
Aransas,2,U.S. Senate,,REP,Over Votes,0,0,0,0
Aransas,2,U.S. Senate,,REP,Under Votes,58,25,33,0
Aransas,2,U.S. House,27,REP,Blake Farenthold,385,194,154,37
Aransas,2,U.S. House,27,REP,Over Votes,0,0,0,0
Aransas,2,U.S. House,27,REP,Under Votes,112,49,57,6
Aransas,2,Governor,,REP,Miriam Martinez,28,13,15,0
Aransas,2,Governor,,REP,Lisa Fritsch,16,7,8,1
Aransas,2,Governor,,REP,SECEDE Kilgore,10,5,5,0
Aransas,2,Governor,,REP,Greg Abbott,402,198,162,42
Aransas,2,Governor,,REP,Over Votes,0,0,0,0
Aransas,2,Governor,,REP,Under Votes,41,20,21,0
Aransas,2,Lieutenant Governor,,REP,Dan Patrick,110,42,43,25
Aransas,2,Lieutenant Governor,,REP,David Dewhurst,191,106,76,9
Aransas,2,Lieutenant Governor,,REP,Todd Staples,59,26,32,1
Aransas,2,Lieutenant Governor,,REP,Jerry Patterson,76,41,27,8
Aransas,2,Lieutenant Governor,,REP,Over Votes,0,0,0,0
Aransas,2,Lieutenant Governor,,REP,Under Votes,61,28,33,0
Aransas,2,Attorney General,,REP,Ken Paxton,144,73,59,12
Aransas,2,Attorney General,,REP,Dan Branch,152,72,69,11
Aransas,2,Attorney General,,REP,Barry Smitherman,100,49,32,19
Aransas,2,Attorney General,,REP,Over Votes,0,0,0,0
Aransas,2,Attorney General,,REP,Under Votes,101,49,51,1
Aransas,2,Comptroller of Public Accounts,,REP,Glenn Hegar,183,94,68,21
Aransas,2,Comptroller of Public Accounts,,REP,Raul Torres,41,16,24,1
Aransas,2,Comptroller of Public Accounts,,REP,Debra Medina,73,38,33,2
Aransas,2,Comptroller of Public Accounts,,REP,Harvey Hilderbran,120,55,46,19
Aransas,2,Comptroller of Public Accounts,,REP,Over Votes,0,0,0,0
Aransas,2,Comptroller of Public Accounts,,REP,Under Votes,80,40,40,0
Aransas,2,Commissioner of the General Land Office,,REP,George P. Bush,308,150,127,31
Aransas,2,Commissioner of the General Land Office,,REP,David Watts,122,63,48,11
Aransas,2,Commissioner of the General Land Office,,REP,Over Votes,0,0,0,0
Aransas,2,Commissioner of the General Land Office,,REP,Under Votes,67,30,36,1
Aransas,2,Commissioner of Agriculture,,REP,Tommy Merritt,72,38,31,3
Aransas,2,Commissioner of Agriculture,,REP,Sid Miller,80,33,25,22
Aransas,2,Commissioner of Agriculture,,REP,Joe Cotten,162,84,72,6
Aransas,2,Commissioner of Agriculture,,REP,J Allen Carnes,39,19,17,3
Aransas,2,Commissioner of Agriculture,,REP,Eric Opiela,38,16,15,7
Aransas,2,Commissioner of Agriculture,,REP,Over Votes,0,0,0,0
Aransas,2,Commissioner of Agriculture,,REP,Under Votes,106,53,51,2
Aransas,2,Railroad Commissioner,,REP,Wayne Christian,151,76,58,17
Aransas,2,Railroad Commissioner,,REP,Ryan Sitton,107,51,37,19
Aransas,2,Railroad Commissioner,,REP,Becky Berger,104,56,44,4
Aransas,2,Railroad Commissioner,,REP,Malachi Boyuls,19,1,16,2
Aransas,2,Railroad Commissioner,,REP,Over Votes,0,0,0,0
Aransas,2,Railroad Commissioner,,REP,Under Votes,116,59,56,1
Aransas,2,"Chief Justice, Supreme Court",,REP,Nathan Hecht,239,122,95,22
Aransas,2,"Chief Justice, Supreme Court",,REP,Robert Talton,143,62,60,21
Aransas,2,"Chief Justice, Supreme Court",,REP,Over Votes,0,0,0,0
Aransas,2,"Chief Justice, Supreme Court",,REP,Under Votes,115,59,56,0
Aransas,2,"Justice, Supreme Court, Place 6",,REP,Jeff Brown,256,116,107,33
Aransas,2,"Justice, Supreme Court, Place 6",,REP,Joe Pool,114,61,45,8
Aransas,2,"Justice, Supreme Court, Place 6",,REP,Over Votes,0,0,0,0
Aransas,2,"Justice, Supreme Court, Place 6",,REP,Under Votes,127,66,59,2
Aransas,2,"Justice, Supreme Court, Place 7",,REP,Jeff Boyd,340,168,133,39
Aransas,2,"Justice, Supreme Court, Place 7",,REP,Over Votes,0,0,0,0
Aransas,2,"Justice, Supreme Court, Place 7",,REP,Under Votes,157,75,78,4
Aransas,2,"Justice, Supreme Court, Place 8",,REP,Sharon McCally,215,98,91,26
Aransas,2,"Justice, Supreme Court, Place 8",,REP,Phil Johnson,171,87,67,17
Aransas,2,"Justice, Supreme Court, Place 8",,REP,Over Votes,0,0,0,0
Aransas,2,"Justice, Supreme Court, Place 8",,REP,Under Votes,111,58,53,0
Aransas,2,"Judge, Court of Criminal Appeals, Place 3",,REP,Barbara Walther,171,85,76,10
Aransas,2,"Judge, Court of Criminal Appeals, Place 3",,REP,Bert Richardson,207,95,81,31
Aransas,2,"Judge, Court of Criminal Appeals, Place 3",,REP,Over Votes,0,0,0,0
Aransas,2,"Judge, Court of Criminal Appeals, Place 3",,REP,Under Votes,119,63,54,2
Aransas,2,"Judge, Court of Criminal Appeals, Place 4",,REP,Richard Dean Davis,128,67,53,8
Aransas,2,"Judge, Court of Criminal Appeals, Place 4",,REP,Jani Jo Wood,104,52,45,7
Aransas,2,"Judge, Court of Criminal Appeals, Place 4",,REP,Kevin Patrick Yeary,142,63,53,26
Aransas,2,"Judge, Court of Criminal Appeals, Place 4",,REP,Over Votes,0,0,0,0
Aransas,2,"Judge, Court of Criminal Appeals, Place 4",,REP,Under Votes,123,61,60,2
Aransas,2,"Judge, Court of Criminal Appeals, Place 9",,REP,"W.C. ""Bud"" Kirkendall",223,112,86,25
Aransas,2,"Judge, Court of Criminal Appeals, Place 9",,REP,David Newell,147,70,62,15
Aransas,2,"Judge, Court of Criminal Appeals, Place 9",,REP,Over Votes,0,0,0,0
Aransas,2,"Judge, Court of Criminal Appeals, Place 9",,REP,Under Votes,127,61,63,3
Aransas,2,State Representative,30,REP,Geanie W. Morrison,343,168,135,40
Aransas,2,State Representative,30,REP,Over Votes,0,0,0,0
Aransas,2,State Representative,30,REP,Under Votes,154,75,76,3
Aransas,2,"Justice, 13th Court of Appeals District, Place 6",,REP,Bradford M. Condit,135,70,54,11
Aransas,2,"Justice, 13th Court of Appeals District, Place 6",,REP,Doug Norman,209,103,82,24
Aransas,2,"Justice, 13th Court of Appeals District, Place 6",,REP,Over Votes,0,0,0,0
Aransas,2,"Justice, 13th Court of Appeals District, Place 6",,REP,Under Votes,153,70,75,8
Aransas,2,"District Judge, 36th Judicial District",,REP,Starr Bauer,328,161,129,38
Aransas,2,"District Judge, 36th Judicial District",,REP,Over Votes,0,0,0,0
Aransas,2,"District Judge, 36th Judicial District",,REP,Under Votes,169,82,82,5
Aransas,2,"District Judge, 156th Judicial District",,REP,Patrick L. Flanigan,353,172,143,38
Aransas,2,"District Judge, 156th Judicial District",,REP,Over Votes,0,0,0,0
Aransas,2,"District Judge, 156th Judicial District",,REP,Under Votes,144,71,68,5
Aransas,2,"District Attorney, 36th Judicial District",,REP,Michael Welborn,345,162,145,38
Aransas,2,"District Attorney, 36th Judicial District",,REP,Over Votes,0,0,0,0
Aransas,2,"District Attorney, 36th Judicial District",,REP,Under Votes,152,81,66,5
Aransas,2,County Judge,,REP,"C.H. ""Burt"" Mills, Jr.",387,192,153,42
Aransas,2,County Judge,,REP,Over Votes,0,0,0,0
Aransas,2,County Judge,,REP,Under Votes,110,51,58,1
Aransas,2,"Judge, County Court at Law",,REP,Richard Bianchi,181,94,70,17
Aransas,2,"Judge, County Court at Law",,REP,"William ""Bill"" Adams",298,144,128,26
Aransas,2,"Judge, County Court at Law",,REP,Over Votes,0,0,0,0
Aransas,2,"Judge, County Court at Law",,REP,Under Votes,18,5,13,0
Aransas,2,County Attorney,,REP,Kristen Barnebey Blanford,282,137,113,32
Aransas,2,County Attorney,,REP,Steve Fischer,181,93,77,11
Aransas,2,County Attorney,,REP,Over Votes,0,0,0,0
Aransas,2,County Attorney,,REP,Under Votes,34,13,21,0
Aransas,2,District Clerk,,REP,Pam Heard,392,193,157,42
Aransas,2,District Clerk,,REP,Over Votes,0,0,0,0
Aransas,2,District Clerk,,REP,Under Votes,105,50,54,1
Aransas,2,County Clerk,,REP,Valerie K. Amason,380,183,156,41
Aransas,2,County Clerk,,REP,Over Votes,0,0,0,0
Aransas,2,County Clerk,,REP,Under Votes,117,60,55,2
Aransas,2,County Treasurer,,REP,Alma Tamburin Cartwright,370,175,153,42
Aransas,2,County Treasurer,,REP,Over Votes,0,0,0,0
Aransas,2,County Treasurer,,REP,Under Votes,127,68,58,1
Aransas,2,County Surveyor,,REP,Jerry Brundrett,391,191,158,42
Aransas,2,County Surveyor,,REP,Over Votes,0,0,0,0
Aransas,2,County Surveyor,,REP,Under Votes,106,52,53,1
Aransas,2,"County Commissioner, Precinct No. 2",,REP,"Leslie ""Bubba"" Casterline",394,199,153,42
Aransas,2,"County Commissioner, Precinct No. 2",,REP,Over Votes,0,0,0,0
Aransas,2,"County Commissioner, Precinct No. 2",,REP,Under Votes,103,44,58,1
Aransas,2,"Justice of the Peace, Precinct No. 1",,REP,Diane Dupnik,396,195,158,43
Aransas,2,"Justice of the Peace, Precinct No. 1",,REP,Over Votes,0,0,0,0
Aransas,2,"Justice of the Peace, Precinct No. 1",,REP,Under Votes,101,48,53,0
Aransas,2,County Chairman,,REP,Jim Mixon,355,175,139,41
Aransas,2,County Chairman,,REP,Over Votes,0,0,0,0
Aransas,2,County Chairman,,REP,Under Votes,142,68,72,2
Aransas,2,Religious Freedom,,REP,YES,459,219,199,41
Aransas,2,Religious Freedom,,REP,NO,17,8,7,2
Aransas,2,Religious Freedom,,REP,Over Votes,0,0,0,0
Aransas,2,Religious Freedom,,REP,Under Votes,21,16,5,0
Aransas,2,Second Amendment,,REP,YES,407,194,177,36
Aransas,2,Second Amendment,,REP,NO,62,34,21,7
Aransas,2,Second Amendment,,REP,Over Votes,0,0,0,0
Aransas,2,Second Amendment,,REP,Under Votes,28,15,13,0
Aransas,2,Franchise Tax,,REP,YES,404,199,164,41
Aransas,2,Franchise Tax,,REP,NO,47,20,26,1
Aransas,2,Franchise Tax,,REP,Over Votes,0,0,0,0
Aransas,2,Franchise Tax,,REP,Under Votes,46,24,21,1
Aransas,2,Welfare Reform,,REP,YES,448,215,192,41
Aransas,2,Welfare Reform,,REP,NO,23,13,9,1
Aransas,2,Welfare Reform,,REP,Over Votes,0,0,0,0
Aransas,2,Welfare Reform,,REP,Under Votes,26,15,10,1
Aransas,2,No Lawmaker Exceptions,,REP,YES,468,225,201,42
Aransas,2,No Lawmaker Exceptions,,REP,NO,1,1,0,0
Aransas,2,No Lawmaker Exceptions,,REP,Over Votes,0,0,0,0
Aransas,2,No Lawmaker Exceptions,,REP,Under Votes,28,17,10,1
Aransas,2,Obamacare,,REP,YES,427,200,187,40
Aransas,2,Obamacare,,REP,NO,45,27,16,2
Aransas,2,Obamacare,,REP,Over Votes,0,0,0,0
Aransas,2,Obamacare,,REP,Under Votes,25,16,8,1
Aransas,2,Ballots Cast,,REP,,497,243,211,43
Aransas,3,U.S. Senate,,REP,Dwayne Stovall,72,33,31,8
Aransas,3,U.S. Senate,,REP,Ken Cope,23,16,7,0
Aransas,3,U.S. Senate,,REP,Chris Mapp,17,9,5,3
Aransas,3,U.S. Senate,,REP,Linda Vega,51,30,18,3
Aransas,3,U.S. Senate,,REP,John Cornyn,713,425,203,85
Aransas,3,U.S. Senate,,REP,Reid Reasor,15,11,4,0
Aransas,3,U.S. Senate,,REP,Curt Cleaver,4,1,2,1
Aransas,3,U.S. Senate,,REP,Steve Stockman,139,80,50,9
Aransas,3,U.S. Senate,,REP,Over Votes,0,0,0,0
Aransas,3,U.S. Senate,,REP,Under Votes,82,41,37,4
Aransas,3,U.S. House,27,REP,Blake Farenthold,877,513,269,95
Aransas,3,U.S. House,27,REP,Over Votes,0,0,0,0
Aransas,3,U.S. House,27,REP,Under Votes,239,133,88,18
Aransas,3,Governor,,REP,Miriam Martinez,37,24,11,2
Aransas,3,Governor,,REP,Lisa Fritsch,58,28,25,5
Aransas,3,Governor,,REP,SECEDE Kilgore,15,6,9,0
Aransas,3,Governor,,REP,Greg Abbott,946,557,287,102
Aransas,3,Governor,,REP,Over Votes,0,0,0,0
Aransas,3,Governor,,REP,Under Votes,60,31,25,4
Aransas,3,Lieutenant Governor,,REP,Dan Patrick,241,137,63,41
Aransas,3,Lieutenant Governor,,REP,David Dewhurst,472,281,141,50
Aransas,3,Lieutenant Governor,,REP,Todd Staples,125,70,49,6
Aransas,3,Lieutenant Governor,,REP,Jerry Patterson,182,112,58,12
Aransas,3,Lieutenant Governor,,REP,Over Votes,0,0,0,0
Aransas,3,Lieutenant Governor,,REP,Under Votes,96,46,46,4
Aransas,3,Attorney General,,REP,Ken Paxton,310,190,93,27
Aransas,3,Attorney General,,REP,Dan Branch,291,158,110,23
Aransas,3,Attorney General,,REP,Barry Smitherman,271,165,64,42
Aransas,3,Attorney General,,REP,Over Votes,0,0,0,0
Aransas,3,Attorney General,,REP,Under Votes,244,133,90,21
Aransas,3,Comptroller of Public Accounts,,REP,Glenn Hegar,514,320,150,44
Aransas,3,Comptroller of Public Accounts,,REP,Raul Torres,39,24,14,1
Aransas,3,Comptroller of Public Accounts,,REP,Debra Medina,142,80,50,12
Aransas,3,Comptroller of Public Accounts,,REP,Harvey Hilderbran,264,142,76,46
Aransas,3,Comptroller of Public Accounts,,REP,Over Votes,0,0,0,0
Aransas,3,Comptroller of Public Accounts,,REP,Under Votes,157,80,67,10
Aransas,3,Commissioner of the General Land Office,,REP,George P. Bush,804,483,235,86
Aransas,3,Commissioner of the General Land Office,,REP,David Watts,209,110,83,16
Aransas,3,Commissioner of the General Land Office,,REP,Over Votes,0,0,0,0
Aransas,3,Commissioner of the General Land Office,,REP,Under Votes,103,53,39,11
Aransas,3,Commissioner of Agriculture,,REP,Tommy Merritt,172,111,50,11
Aransas,3,Commissioner of Agriculture,,REP,Sid Miller,181,93,42,46
Aransas,3,Commissioner of Agriculture,,REP,Joe Cotten,312,179,103,30
Aransas,3,Commissioner of Agriculture,,REP,J Allen Carnes,78,45,27,6
Aransas,3,Commissioner of Agriculture,,REP,Eric Opiela,115,71,41,3
Aransas,3,Commissioner of Agriculture,,REP,Over Votes,0,0,0,0
Aransas,3,Commissioner of Agriculture,,REP,Under Votes,258,147,94,17
Aransas,3,Railroad Commissioner,,REP,Wayne Christian,306,180,110,16
Aransas,3,Railroad Commissioner,,REP,Ryan Sitton,219,115,59,45
Aransas,3,Railroad Commissioner,,REP,Becky Berger,281,173,80,28
Aransas,3,Railroad Commissioner,,REP,Malachi Boyuls,52,37,10,5
Aransas,3,Railroad Commissioner,,REP,Over Votes,0,0,0,0
Aransas,3,Railroad Commissioner,,REP,Under Votes,258,141,98,19
Aransas,3,"Chief Justice, Supreme Court",,REP,Nathan Hecht,543,323,175,45
Aransas,3,"Chief Justice, Supreme Court",,REP,Robert Talton,308,180,77,51
Aransas,3,"Chief Justice, Supreme Court",,REP,Over Votes,0,0,0,0
Aransas,3,"Chief Justice, Supreme Court",,REP,Under Votes,265,143,105,17
Aransas,3,"Justice, Supreme Court, Place 6",,REP,Jeff Brown,625,374,177,74
Aransas,3,"Justice, Supreme Court, Place 6",,REP,Joe Pool,190,106,69,15
Aransas,3,"Justice, Supreme Court, Place 6",,REP,Over Votes,0,0,0,0
Aransas,3,"Justice, Supreme Court, Place 6",,REP,Under Votes,301,166,111,24
Aransas,3,"Justice, Supreme Court, Place 7",,REP,Jeff Boyd,748,447,218,83
Aransas,3,"Justice, Supreme Court, Place 7",,REP,Over Votes,0,0,0,0
Aransas,3,"Justice, Supreme Court, Place 7",,REP,Under Votes,368,199,139,30
Aransas,3,"Justice, Supreme Court, Place 8",,REP,Sharon McCally,425,235,126,64
Aransas,3,"Justice, Supreme Court, Place 8",,REP,Phil Johnson,413,256,127,30
Aransas,3,"Justice, Supreme Court, Place 8",,REP,Over Votes,0,0,0,0
Aransas,3,"Justice, Supreme Court, Place 8",,REP,Under Votes,278,155,104,19
Aransas,3,"Judge, Court of Criminal Appeals, Place 3",,REP,Barbara Walther,360,213,115,32
Aransas,3,"Judge, Court of Criminal Appeals, Place 3",,REP,Bert Richardson,431,243,130,58
Aransas,3,"Judge, Court of Criminal Appeals, Place 3",,REP,Over Votes,0,0,0,0
Aransas,3,"Judge, Court of Criminal Appeals, Place 3",,REP,Under Votes,325,190,112,23
Aransas,3,"Judge, Court of Criminal Appeals, Place 4",,REP,Richard Dean Davis,246,148,87,11
Aransas,3,"Judge, Court of Criminal Appeals, Place 4",,REP,Jani Jo Wood,231,138,73,20
Aransas,3,"Judge, Court of Criminal Appeals, Place 4",,REP,Kevin Patrick Yeary,301,166,77,58
Aransas,3,"Judge, Court of Criminal Appeals, Place 4",,REP,Over Votes,0,0,0,0
Aransas,3,"Judge, Court of Criminal Appeals, Place 4",,REP,Under Votes,338,194,120,24
Aransas,3,"Judge, Court of Criminal Appeals, Place 9",,REP,"W.C. ""Bud"" Kirkendall",477,281,129,67
Aransas,3,"Judge, Court of Criminal Appeals, Place 9",,REP,David Newell,314,180,115,19
Aransas,3,"Judge, Court of Criminal Appeals, Place 9",,REP,Over Votes,0,0,0,0
Aransas,3,"Judge, Court of Criminal Appeals, Place 9",,REP,Under Votes,325,185,113,27
Aransas,3,State Representative,30,REP,Geanie W. Morrison,780,475,221,84
Aransas,3,State Representative,30,REP,Over Votes,0,0,0,0
Aransas,3,State Representative,30,REP,Under Votes,336,171,136,29
Aransas,3,"Justice, 13th Court of Appeals District, Place 6",,REP,Bradford M. Condit,279,174,84,21
Aransas,3,"Justice, 13th Court of Appeals District, Place 6",,REP,Doug Norman,445,259,141,45
Aransas,3,"Justice, 13th Court of Appeals District, Place 6",,REP,Over Votes,0,0,0,0
Aransas,3,"Justice, 13th Court of Appeals District, Place 6",,REP,Under Votes,392,213,132,47
Aransas,3,"District Judge, 36th Judicial District",,REP,Starr Bauer,710,428,208,74
Aransas,3,"District Judge, 36th Judicial District",,REP,Over Votes,0,0,0,0
Aransas,3,"District Judge, 36th Judicial District",,REP,Under Votes,406,218,149,39
Aransas,3,"District Judge, 156th Judicial District",,REP,Patrick L. Flanigan,756,459,220,77
Aransas,3,"District Judge, 156th Judicial District",,REP,Over Votes,0,0,0,0
Aransas,3,"District Judge, 156th Judicial District",,REP,Under Votes,360,187,137,36
Aransas,3,"District Attorney, 36th Judicial District",,REP,Michael Welborn,696,410,212,74
Aransas,3,"District Attorney, 36th Judicial District",,REP,Over Votes,0,0,0,0
Aransas,3,"District Attorney, 36th Judicial District",,REP,Under Votes,420,236,145,39
Aransas,3,County Judge,,REP,"C.H. ""Burt"" Mills, Jr.",861,505,267,89
Aransas,3,County Judge,,REP,Over Votes,0,0,0,0
Aransas,3,County Judge,,REP,Under Votes,255,141,90,24
Aransas,3,"Judge, County Court at Law",,REP,Richard Bianchi,644,383,204,57
Aransas,3,"Judge, County Court at Law",,REP,"William ""Bill"" Adams",436,244,141,51
Aransas,3,"Judge, County Court at Law",,REP,Over Votes,0,0,0,0
Aransas,3,"Judge, County Court at Law",,REP,Under Votes,36,19,12,5
Aransas,3,County Attorney,,REP,Kristen Barnebey Blanford,764,461,236,67
Aransas,3,County Attorney,,REP,Steve Fischer,287,154,97,36
Aransas,3,County Attorney,,REP,Over Votes,0,0,0,0
Aransas,3,County Attorney,,REP,Under Votes,65,31,24,10
Aransas,3,District Clerk,,REP,Pam Heard,854,509,258,87
Aransas,3,District Clerk,,REP,Over Votes,0,0,0,0
Aransas,3,District Clerk,,REP,Under Votes,262,137,99,26
Aransas,3,County Clerk,,REP,Valerie K. Amason,819,495,246,78
Aransas,3,County Clerk,,REP,Over Votes,0,0,0,0
Aransas,3,County Clerk,,REP,Under Votes,297,151,111,35
Aransas,3,County Treasurer,,REP,Alma Tamburin Cartwright,802,481,244,77
Aransas,3,County Treasurer,,REP,Over Votes,0,0,0,0
Aransas,3,County Treasurer,,REP,Under Votes,314,165,113,36
Aransas,3,County Surveyor,,REP,Jerry Brundrett,854,498,267,89
Aransas,3,County Surveyor,,REP,Over Votes,0,0,0,0
Aransas,3,County Surveyor,,REP,Under Votes,262,148,90,24
Aransas,3,"Justice of the Peace, Precinct No. 2",,REP,Diana Rinche-McGinnis,836,500,255,81
Aransas,3,"Justice of the Peace, Precinct No. 2",,REP,Over Votes,0,0,0,0
Aransas,3,"Justice of the Peace, Precinct No. 2",,REP,Under Votes,280,146,102,32
Aransas,3,County Chairman,,REP,Jim Mixon,814,487,238,89
Aransas,3,County Chairman,,REP,Over Votes,0,0,0,0
Aransas,3,County Chairman,,REP,Under Votes,302,159,119,24
Aransas,3,Religious Freedom,,REP,YES,1006,587,313,106
Aransas,3,Religious Freedom,,REP,NO,56,33,18,5
Aransas,3,Religious Freedom,,REP,Over Votes,0,0,0,0
Aransas,3,Religious Freedom,,REP,Under Votes,54,26,26,2
Aransas,3,Second Amendment,,REP,YES,848,501,263,84
Aransas,3,Second Amendment,,REP,NO,201,112,64,25
Aransas,3,Second Amendment,,REP,Over Votes,0,0,0,0
Aransas,3,Second Amendment,,REP,Under Votes,67,33,30,4
Aransas,3,Franchise Tax,,REP,YES,892,521,274,97
Aransas,3,Franchise Tax,,REP,NO,128,78,40,10
Aransas,3,Franchise Tax,,REP,Over Votes,0,0,0,0
Aransas,3,Franchise Tax,,REP,Under Votes,96,47,43,6
Aransas,3,Welfare Reform,,REP,YES,1001,584,310,107
Aransas,3,Welfare Reform,,REP,NO,64,38,22,4
Aransas,3,Welfare Reform,,REP,Over Votes,1,0,0,1
Aransas,3,Welfare Reform,,REP,Under Votes,50,24,25,1
Aransas,3,No Lawmaker Exceptions,,REP,YES,1054,615,328,111
Aransas,3,No Lawmaker Exceptions,,REP,NO,11,7,4,0
Aransas,3,No Lawmaker Exceptions,,REP,Over Votes,1,1,0,0
Aransas,3,No Lawmaker Exceptions,,REP,Under Votes,50,23,25,2
Aransas,3,Obamacare,,REP,YES,947,552,292,103
Aransas,3,Obamacare,,REP,NO,114,70,39,5
Aransas,3,Obamacare,,REP,Over Votes,0,0,0,0
Aransas,3,Obamacare,,REP,Under Votes,55,24,26,5
Aransas,3,Ballots Cast,,REP,,1116,646,357,113
Aransas,4,U.S. Senate,,REP,Dwayne Stovall,55,29,25,1
Aransas,4,U.S. Senate,,REP,Ken Cope,17,11,5,1
Aransas,4,U.S. Senate,,REP,Chris Mapp,16,9,6,1
Aransas,4,U.S. Senate,,REP,Linda Vega,41,20,20,1
Aransas,4,U.S. Senate,,REP,John Cornyn,534,268,193,73
Aransas,4,U.S. Senate,,REP,Reid Reasor,14,11,3,0
Aransas,4,U.S. Senate,,REP,Curt Cleaver,5,2,3,0
Aransas,4,U.S. Senate,,REP,Steve Stockman,113,64,39,10
Aransas,4,U.S. Senate,,REP,Over Votes,0,0,0,0
Aransas,4,U.S. Senate,,REP,Under Votes,81,34,44,3
Aransas,4,U.S. House,27,REP,Blake Farenthold,678,350,252,76
Aransas,4,U.S. House,27,REP,Over Votes,0,0,0,0
Aransas,4,U.S. House,27,REP,Under Votes,198,98,86,14
Aransas,4,Governor,,REP,Miriam Martinez,41,26,14,1
Aransas,4,Governor,,REP,Lisa Fritsch,42,15,23,4
Aransas,4,Governor,,REP,SECEDE Kilgore,17,9,8,0
Aransas,4,Governor,,REP,Greg Abbott,722,372,270,80
Aransas,4,Governor,,REP,Over Votes,0,0,0,0
Aransas,4,Governor,,REP,Under Votes,54,26,23,5
Aransas,4,Lieutenant Governor,,REP,Dan Patrick,210,94,74,42
Aransas,4,Lieutenant Governor,,REP,David Dewhurst,341,180,131,30
Aransas,4,Lieutenant Governor,,REP,Todd Staples,83,40,37,6
Aransas,4,Lieutenant Governor,,REP,Jerry Patterson,152,96,48,8
Aransas,4,Lieutenant Governor,,REP,Over Votes,0,0,0,0
Aransas,4,Lieutenant Governor,,REP,Under Votes,90,38,48,4
Aransas,4,Attorney General,,REP,Ken Paxton,264,129,121,14
Aransas,4,Attorney General,,REP,Dan Branch,217,124,77,16
Aransas,4,Attorney General,,REP,Barry Smitherman,206,99,58,49
Aransas,4,Attorney General,,REP,Over Votes,0,0,0,0
Aransas,4,Attorney General,,REP,Under Votes,189,96,82,11
Aransas,4,Comptroller of Public Accounts,,REP,Glenn Hegar,384,216,143,25
Aransas,4,Comptroller of Public Accounts,,REP,Raul Torres,33,13,18,2
Aransas,4,Comptroller of Public Accounts,,REP,Debra Medina,110,61,42,7
Aransas,4,Comptroller of Public Accounts,,REP,Harvey Hilderbran,208,99,63,46
Aransas,4,Comptroller of Public Accounts,,REP,Over Votes,0,0,0,0
Aransas,4,Comptroller of Public Accounts,,REP,Under Votes,141,59,72,10
Aransas,4,Commissioner of the General Land Office,,REP,George P. Bush,610,320,215,75
Aransas,4,Commissioner of the General Land Office,,REP,David Watts,187,98,77,12
Aransas,4,Commissioner of the General Land Office,,REP,Over Votes,0,0,0,0
Aransas,4,Commissioner of the General Land Office,,REP,Under Votes,79,30,46,3
Aransas,4,Commissioner of Agriculture,,REP,Tommy Merritt,113,68,42,3
Aransas,4,Commissioner of Agriculture,,REP,Sid Miller,147,67,38,42
Aransas,4,Commissioner of Agriculture,,REP,Joe Cotten,244,119,102,23
Aransas,4,Commissioner of Agriculture,,REP,J Allen Carnes,87,46,34,7
Aransas,4,Commissioner of Agriculture,,REP,Eric Opiela,78,43,32,3
Aransas,4,Commissioner of Agriculture,,REP,Over Votes,0,0,0,0
Aransas,4,Commissioner of Agriculture,,REP,Under Votes,207,105,90,12
Aransas,4,Railroad Commissioner,,REP,Wayne Christian,257,136,99,22
Aransas,4,Railroad Commissioner,,REP,Ryan Sitton,169,79,50,40
Aransas,4,Railroad Commissioner,,REP,Becky Berger,182,101,67,14
Aransas,4,Railroad Commissioner,,REP,Malachi Boyuls,43,23,19,1
Aransas,4,Railroad Commissioner,,REP,Over Votes,0,0,0,0
Aransas,4,Railroad Commissioner,,REP,Under Votes,225,109,103,13
Aransas,4,"Chief Justice, Supreme Court",,REP,Nathan Hecht,396,225,139,32
Aransas,4,"Chief Justice, Supreme Court",,REP,Robert Talton,248,103,97,48
Aransas,4,"Chief Justice, Supreme Court",,REP,Over Votes,0,0,0,0
Aransas,4,"Chief Justice, Supreme Court",,REP,Under Votes,232,120,102,10
Aransas,4,"Justice, Supreme Court, Place 6",,REP,Jeff Brown,459,234,158,67
Aransas,4,"Justice, Supreme Court, Place 6",,REP,Joe Pool,173,93,69,11
Aransas,4,"Justice, Supreme Court, Place 6",,REP,Over Votes,1,0,1,0
Aransas,4,"Justice, Supreme Court, Place 6",,REP,Under Votes,243,121,110,12
Aransas,4,"Justice, Supreme Court, Place 7",,REP,Jeff Boyd,578,305,201,72
Aransas,4,"Justice, Supreme Court, Place 7",,REP,Over Votes,0,0,0,0
Aransas,4,"Justice, Supreme Court, Place 7",,REP,Under Votes,298,143,137,18
Aransas,4,"Justice, Supreme Court, Place 8",,REP,Sharon McCally,312,148,105,59
Aransas,4,"Justice, Supreme Court, Place 8",,REP,Phil Johnson,323,170,131,22
Aransas,4,"Justice, Supreme Court, Place 8",,REP,Over Votes,0,0,0,0
Aransas,4,"Justice, Supreme Court, Place 8",,REP,Under Votes,241,130,102,9
Aransas,4,"Judge, Court of Criminal Appeals, Place 3",,REP,Barbara Walther,274,149,103,22
Aransas,4,"Judge, Court of Criminal Appeals, Place 3",,REP,Bert Richardson,333,157,123,53
Aransas,4,"Judge, Court of Criminal Appeals, Place 3",,REP,Over Votes,0,0,0,0
Aransas,4,"Judge, Court of Criminal Appeals, Place 3",,REP,Under Votes,269,142,112,15
Aransas,4,"Judge, Court of Criminal Appeals, Place 4",,REP,Richard Dean Davis,192,92,86,14
Aransas,4,"Judge, Court of Criminal Appeals, Place 4",,REP,Jani Jo Wood,159,96,49,14
Aransas,4,"Judge, Court of Criminal Appeals, Place 4",,REP,Kevin Patrick Yeary,242,113,82,47
Aransas,4,"Judge, Court of Criminal Appeals, Place 4",,REP,Over Votes,0,0,0,0
Aransas,4,"Judge, Court of Criminal Appeals, Place 4",,REP,Under Votes,283,147,121,15
Aransas,4,"Judge, Court of Criminal Appeals, Place 9",,REP,"W.C. ""Bud"" Kirkendall",395,196,144,55
Aransas,4,"Judge, Court of Criminal Appeals, Place 9",,REP,David Newell,212,113,79,20
Aransas,4,"Judge, Court of Criminal Appeals, Place 9",,REP,Over Votes,0,0,0,0
Aransas,4,"Judge, Court of Criminal Appeals, Place 9",,REP,Under Votes,269,139,115,15
Aransas,4,State Representative,30,REP,Geanie W. Morrison,594,311,212,71
Aransas,4,State Representative,30,REP,Over Votes,0,0,0,0
Aransas,4,State Representative,30,REP,Under Votes,282,137,126,19
Aransas,4,"Justice, 13th Court of Appeals District, Place 6",,REP,Bradford M. Condit,229,124,84,21
Aransas,4,"Justice, 13th Court of Appeals District, Place 6",,REP,Doug Norman,336,165,128,43
Aransas,4,"Justice, 13th Court of Appeals District, Place 6",,REP,Over Votes,0,0,0,0
Aransas,4,"Justice, 13th Court of Appeals District, Place 6",,REP,Under Votes,311,159,126,26
Aransas,4,"District Judge, 36th Judicial District",,REP,Starr Bauer,548,287,198,63
Aransas,4,"District Judge, 36th Judicial District",,REP,Over Votes,0,0,0,0
Aransas,4,"District Judge, 36th Judicial District",,REP,Under Votes,328,161,140,27
Aransas,4,"District Judge, 156th Judicial District",,REP,Patrick L. Flanigan,579,308,207,64
Aransas,4,"District Judge, 156th Judicial District",,REP,Over Votes,0,0,0,0
Aransas,4,"District Judge, 156th Judicial District",,REP,Under Votes,297,140,131,26
Aransas,4,"District Attorney, 36th Judicial District",,REP,Michael Welborn,558,289,207,62
Aransas,4,"District Attorney, 36th Judicial District",,REP,Over Votes,0,0,0,0
Aransas,4,"District Attorney, 36th Judicial District",,REP,Under Votes,318,159,131,28
Aransas,4,County Judge,,REP,"C.H. ""Burt"" Mills, Jr.",702,365,266,71
Aransas,4,County Judge,,REP,Over Votes,0,0,0,0
Aransas,4,County Judge,,REP,Under Votes,174,83,72,19
Aransas,4,"Judge, County Court at Law",,REP,Richard Bianchi,478,248,184,46
Aransas,4,"Judge, County Court at Law",,REP,"William ""Bill"" Adams",367,188,139,40
Aransas,4,"Judge, County Court at Law",,REP,Over Votes,1,1,0,0
Aransas,4,"Judge, County Court at Law",,REP,Under Votes,30,11,15,4
Aransas,4,County Attorney,,REP,Kristen Barnebey Blanford,568,310,200,58
Aransas,4,County Attorney,,REP,Steve Fischer,262,119,121,22
Aransas,4,County Attorney,,REP,Over Votes,1,0,1,0
Aransas,4,County Attorney,,REP,Under Votes,45,19,16,10
Aransas,4,District Clerk,,REP,Pam Heard,668,349,247,72
Aransas,4,District Clerk,,REP,Over Votes,0,0,0,0
Aransas,4,District Clerk,,REP,Under Votes,208,99,91,18
Aransas,4,County Clerk,,REP,Valerie K. Amason,624,330,226,68
Aransas,4,County Clerk,,REP,Over Votes,0,0,0,0
Aransas,4,County Clerk,,REP,Under Votes,252,118,112,22
Aransas,4,County Treasurer,,REP,Alma Tamburin Cartwright,614,326,221,67
Aransas,4,County Treasurer,,REP,Over Votes,0,0,0,0
Aransas,4,County Treasurer,,REP,Under Votes,262,122,117,23
Aransas,4,County Surveyor,,REP,Jerry Brundrett,673,352,251,70
Aransas,4,County Surveyor,,REP,Over Votes,0,0,0,0
Aransas,4,County Surveyor,,REP,Under Votes,203,96,87,20
Aransas,4,"County Commissioner, Precinct No. 4",,REP,Betty Stiles,386,203,136,47
Aransas,4,"County Commissioner, Precinct No. 4",,REP,Russel Cole,451,233,181,37
Aransas,4,"County Commissioner, Precinct No. 4",,REP,Over Votes,0,0,0,0
Aransas,4,"County Commissioner, Precinct No. 4",,REP,Under Votes,39,12,21,6
Aransas,4,"Justice of the Peace, Precinct No. 2",,REP,Diana Rinche-McGinnis,631,330,233,68
Aransas,4,"Justice of the Peace, Precinct No. 2",,REP,Over Votes,0,0,0,0
Aransas,4,"Justice of the Peace, Precinct No. 2",,REP,Under Votes,245,118,105,22
Aransas,4,County Chairman,,REP,Jim Mixon,594,310,216,68
Aransas,4,County Chairman,,REP,Over Votes,0,0,0,0
Aransas,4,County Chairman,,REP,Under Votes,282,138,122,22
Aransas,4,Religious Freedom,,REP,YES,817,410,320,87
Aransas,4,Religious Freedom,,REP,NO,36,28,8,0
Aransas,4,Religious Freedom,,REP,Over Votes,0,0,0,0
Aransas,4,Religious Freedom,,REP,Under Votes,23,10,10,3
Aransas,4,Second Amendment,,REP,YES,705,353,282,70
Aransas,4,Second Amendment,,REP,NO,129,72,41,16
Aransas,4,Second Amendment,,REP,Over Votes,2,2,0,0
Aransas,4,Second Amendment,,REP,Under Votes,40,21,15,4
Aransas,4,Franchise Tax,,REP,YES,717,358,282,77
Aransas,4,Franchise Tax,,REP,NO,101,64,29,8
Aransas,4,Franchise Tax,,REP,Over Votes,0,0,0,0
Aransas,4,Franchise Tax,,REP,Under Votes,58,26,27,5
Aransas,4,Welfare Reform,,REP,YES,805,409,312,84
Aransas,4,Welfare Reform,,REP,NO,45,27,14,4
Aransas,4,Welfare Reform,,REP,Over Votes,0,0,0,0
Aransas,4,Welfare Reform,,REP,Under Votes,26,12,12,2
Aransas,4,No Lawmaker Exceptions,,REP,YES,847,436,323,88
Aransas,4,No Lawmaker Exceptions,,REP,NO,2,1,1,0
Aransas,4,No Lawmaker Exceptions,,REP,Over Votes,1,0,0,1
Aransas,4,No Lawmaker Exceptions,,REP,Under Votes,26,11,14,1
Aransas,4,Obamacare,,REP,YES,765,387,294,84
Aransas,4,Obamacare,,REP,NO,83,48,31,4
Aransas,4,Obamacare,,REP,Over Votes,0,0,0,0
Aransas,4,Obamacare,,REP,Under Votes,28,13,13,2
Aransas,4,Ballots Cast,,REP,,876,448,338,90
Aransas,4A,U.S. Senate,,REP,Dwayne Stovall,48,15,32,1
Aransas,4A,U.S. Senate,,REP,Ken Cope,9,4,5,0
Aransas,4A,U.S. Senate,,REP,Chris Mapp,8,3,4,1
Aransas,4A,U.S. Senate,,REP,Linda Vega,19,10,7,2
Aransas,4A,U.S. Senate,,REP,John Cornyn,153,71,65,17
Aransas,4A,U.S. Senate,,REP,Reid Reasor,4,1,3,0
Aransas,4A,U.S. Senate,,REP,Curt Cleaver,3,0,3,0
Aransas,4A,U.S. Senate,,REP,Steve Stockman,46,17,25,4
Aransas,4A,U.S. Senate,,REP,Over Votes,0,0,0,0
Aransas,4A,U.S. Senate,,REP,Under Votes,37,14,21,2
Aransas,4A,U.S. House,27,REP,Blake Farenthold,270,110,134,26
Aransas,4A,U.S. House,27,REP,Over Votes,0,0,0,0
Aransas,4A,U.S. House,27,REP,Under Votes,57,25,31,1
Aransas,4A,Governor,,REP,Miriam Martinez,11,6,5,0
Aransas,4A,Governor,,REP,Lisa Fritsch,16,4,10,2
Aransas,4A,Governor,,REP,SECEDE Kilgore,9,7,2,0
Aransas,4A,Governor,,REP,Greg Abbott,270,111,135,24
Aransas,4A,Governor,,REP,Over Votes,0,0,0,0
Aransas,4A,Governor,,REP,Under Votes,21,7,13,1
Aransas,4A,Lieutenant Governor,,REP,Dan Patrick,56,28,20,8
Aransas,4A,Lieutenant Governor,,REP,David Dewhurst,133,55,63,15
Aransas,4A,Lieutenant Governor,,REP,Todd Staples,48,17,29,2
Aransas,4A,Lieutenant Governor,,REP,Jerry Patterson,55,25,29,1
Aransas,4A,Lieutenant Governor,,REP,Over Votes,0,0,0,0
Aransas,4A,Lieutenant Governor,,REP,Under Votes,35,10,24,1
Aransas,4A,Attorney General,,REP,Ken Paxton,128,50,67,11
Aransas,4A,Attorney General,,REP,Dan Branch,78,33,41,4
Aransas,4A,Attorney General,,REP,Barry Smitherman,61,31,22,8
Aransas,4A,Attorney General,,REP,Over Votes,0,0,0,0
Aransas,4A,Attorney General,,REP,Under Votes,60,21,35,4
Aransas,4A,Comptroller of Public Accounts,,REP,Glenn Hegar,141,62,69,10
Aransas,4A,Comptroller of Public Accounts,,REP,Raul Torres,22,7,15,0
Aransas,4A,Comptroller of Public Accounts,,REP,Debra Medina,49,20,23,6
Aransas,4A,Comptroller of Public Accounts,,REP,Harvey Hilderbran,53,24,21,8
Aransas,4A,Comptroller of Public Accounts,,REP,Over Votes,0,0,0,0
Aransas,4A,Comptroller of Public Accounts,,REP,Under Votes,62,22,37,3
Aransas,4A,Commissioner of the General Land Office,,REP,George P. Bush,211,94,98,19
Aransas,4A,Commissioner of the General Land Office,,REP,David Watts,78,28,45,5
Aransas,4A,Commissioner of the General Land Office,,REP,Over Votes,0,0,0,0
Aransas,4A,Commissioner of the General Land Office,,REP,Under Votes,38,13,22,3
Aransas,4A,Commissioner of Agriculture,,REP,Tommy Merritt,53,22,26,5
Aransas,4A,Commissioner of Agriculture,,REP,Sid Miller,68,36,24,8
Aransas,4A,Commissioner of Agriculture,,REP,Joe Cotten,76,33,38,5
Aransas,4A,Commissioner of Agriculture,,REP,J Allen Carnes,23,11,12,0
Aransas,4A,Commissioner of Agriculture,,REP,Eric Opiela,29,6,21,2
Aransas,4A,Commissioner of Agriculture,,REP,Over Votes,0,0,0,0
Aransas,4A,Commissioner of Agriculture,,REP,Under Votes,78,27,44,7
Aransas,4A,Railroad Commissioner,,REP,Wayne Christian,96,47,43,6
Aransas,4A,Railroad Commissioner,,REP,Ryan Sitton,48,22,18,8
Aransas,4A,Railroad Commissioner,,REP,Becky Berger,91,33,54,4
Aransas,4A,Railroad Commissioner,,REP,Malachi Boyuls,15,5,8,2
Aransas,4A,Railroad Commissioner,,REP,Over Votes,0,0,0,0
Aransas,4A,Railroad Commissioner,,REP,Under Votes,77,28,42,7
Aransas,4A,"Chief Justice, Supreme Court",,REP,Nathan Hecht,169,72,86,11
Aransas,4A,"Chief Justice, Supreme Court",,REP,Robert Talton,77,31,36,10
Aransas,4A,"Chief Justice, Supreme Court",,REP,Over Votes,0,0,0,0
Aransas,4A,"Chief Justice, Supreme Court",,REP,Under Votes,81,32,43,6
Aransas,4A,"Justice, Supreme Court, Place 6",,REP,Jeff Brown,170,70,88,12
Aransas,4A,"Justice, Supreme Court, Place 6",,REP,Joe Pool,70,30,32,8
Aransas,4A,"Justice, Supreme Court, Place 6",,REP,Over Votes,0,0,0,0
Aransas,4A,"Justice, Supreme Court, Place 6",,REP,Under Votes,87,35,45,7
Aransas,4A,"Justice, Supreme Court, Place 7",,REP,Jeff Boyd,229,98,108,23
Aransas,4A,"Justice, Supreme Court, Place 7",,REP,Over Votes,0,0,0,0
Aransas,4A,"Justice, Supreme Court, Place 7",,REP,Under Votes,98,37,57,4
Aransas,4A,"Justice, Supreme Court, Place 8",,REP,Sharon McCally,124,55,57,12
Aransas,4A,"Justice, Supreme Court, Place 8",,REP,Phil Johnson,116,45,62,9
Aransas,4A,"Justice, Supreme Court, Place 8",,REP,Over Votes,0,0,0,0
Aransas,4A,"Justice, Supreme Court, Place 8",,REP,Under Votes,87,35,46,6
Aransas,4A,"Judge, Court of Criminal Appeals, Place 3",,REP,Barbara Walther,124,53,60,11
Aransas,4A,"Judge, Court of Criminal Appeals, Place 3",,REP,Bert Richardson,120,52,57,11
Aransas,4A,"Judge, Court of Criminal Appeals, Place 3",,REP,Over Votes,0,0,0,0
Aransas,4A,"Judge, Court of Criminal Appeals, Place 3",,REP,Under Votes,83,30,48,5
Aransas,4A,"Judge, Court of Criminal Appeals, Place 4",,REP,Richard Dean Davis,89,36,48,5
Aransas,4A,"Judge, Court of Criminal Appeals, Place 4",,REP,Jani Jo Wood,63,35,24,4
Aransas,4A,"Judge, Court of Criminal Appeals, Place 4",,REP,Kevin Patrick Yeary,83,32,38,13
Aransas,4A,"Judge, Court of Criminal Appeals, Place 4",,REP,Over Votes,0,0,0,0
Aransas,4A,"Judge, Court of Criminal Appeals, Place 4",,REP,Under Votes,92,32,55,5
Aransas,4A,"Judge, Court of Criminal Appeals, Place 9",,REP,"W.C. ""Bud"" Kirkendall",144,59,73,12
Aransas,4A,"Judge, Court of Criminal Appeals, Place 9",,REP,David Newell,91,40,41,10
Aransas,4A,"Judge, Court of Criminal Appeals, Place 9",,REP,Over Votes,0,0,0,0
Aransas,4A,"Judge, Court of Criminal Appeals, Place 9",,REP,Under Votes,92,36,51,5
Aransas,4A,State Representative,30,REP,Geanie W. Morrison,236,99,112,25
Aransas,4A,State Representative,30,REP,Over Votes,0,0,0,0
Aransas,4A,State Representative,30,REP,Under Votes,91,36,53,2
Aransas,4A,"Justice, 13th Court of Appeals District, Place 6",,REP,Bradford M. Condit,89,38,45,6
Aransas,4A,"Justice, 13th Court of Appeals District, Place 6",,REP,Doug Norman,136,63,62,11
Aransas,4A,"Justice, 13th Court of Appeals District, Place 6",,REP,Over Votes,0,0,0,0
Aransas,4A,"Justice, 13th Court of Appeals District, Place 6",,REP,Under Votes,102,34,58,10
Aransas,4A,"District Judge, 36th Judicial District",,REP,Starr Bauer,222,96,102,24
Aransas,4A,"District Judge, 36th Judicial District",,REP,Over Votes,0,0,0,0
Aransas,4A,"District Judge, 36th Judicial District",,REP,Under Votes,105,39,63,3
Aransas,4A,"District Judge, 156th Judicial District",,REP,Patrick L. Flanigan,238,104,110,24
Aransas,4A,"District Judge, 156th Judicial District",,REP,Over Votes,0,0,0,0
Aransas,4A,"District Judge, 156th Judicial District",,REP,Under Votes,89,31,55,3
Aransas,4A,"District Attorney, 36th Judicial District",,REP,Michael Welborn,229,99,106,24
Aransas,4A,"District Attorney, 36th Judicial District",,REP,Over Votes,0,0,0,0
Aransas,4A,"District Attorney, 36th Judicial District",,REP,Under Votes,98,36,59,3
Aransas,4A,County Judge,,REP,"C.H. ""Burt"" Mills, Jr.",262,108,128,26
Aransas,4A,County Judge,,REP,Over Votes,0,0,0,0
Aransas,4A,County Judge,,REP,Under Votes,65,27,37,1
Aransas,4A,"Judge, County Court at Law",,REP,Richard Bianchi,181,73,92,16
Aransas,4A,"Judge, County Court at Law",,REP,"William ""Bill"" Adams",135,57,68,10
Aransas,4A,"Judge, County Court at Law",,REP,Over Votes,0,0,0,0
Aransas,4A,"Judge, County Court at Law",,REP,Under Votes,11,5,5,1
Aransas,4A,County Attorney,,REP,Kristen Barnebey Blanford,189,81,93,15
Aransas,4A,County Attorney,,REP,Steve Fischer,116,45,60,11
Aransas,4A,County Attorney,,REP,Over Votes,0,0,0,0
Aransas,4A,County Attorney,,REP,Under Votes,22,9,12,1
Aransas,4A,District Clerk,,REP,Pam Heard,262,112,125,25
Aransas,4A,District Clerk,,REP,Over Votes,0,0,0,0
Aransas,4A,District Clerk,,REP,Under Votes,65,23,40,2
Aransas,4A,County Clerk,,REP,Valerie K. Amason,250,108,117,25
Aransas,4A,County Clerk,,REP,Over Votes,0,0,0,0
Aransas,4A,County Clerk,,REP,Under Votes,77,27,48,2
Aransas,4A,County Treasurer,,REP,Alma Tamburin Cartwright,244,104,115,25
Aransas,4A,County Treasurer,,REP,Over Votes,0,0,0,0
Aransas,4A,County Treasurer,,REP,Under Votes,83,31,50,2
Aransas,4A,County Surveyor,,REP,Jerry Brundrett,260,109,126,25
Aransas,4A,County Surveyor,,REP,Over Votes,0,0,0,0
Aransas,4A,County Surveyor,,REP,Under Votes,67,26,39,2
Aransas,4A,"County Commissioner, Precinct No. 4",,REP,Betty Stiles,222,87,113,22
Aransas,4A,"County Commissioner, Precinct No. 4",,REP,Russel Cole,94,42,47,5
Aransas,4A,"County Commissioner, Precinct No. 4",,REP,Over Votes,0,0,0,0
Aransas,4A,"County Commissioner, Precinct No. 4",,REP,Under Votes,11,6,5,0
Aransas,4A,"Justice of the Peace, Precinct No. 2",,REP,Diana Rinche-McGinnis,250,107,119,24
Aransas,4A,"Justice of the Peace, Precinct No. 2",,REP,Over Votes,0,0,0,0
Aransas,4A,"Justice of the Peace, Precinct No. 2",,REP,Under Votes,77,28,46,3
Aransas,4A,County Chairman,,REP,Jim Mixon,239,100,115,24
Aransas,4A,County Chairman,,REP,Over Votes,0,0,0,0
Aransas,4A,County Chairman,,REP,Under Votes,88,35,50,3
Aransas,4A,Religious Freedom,,REP,YES,295,126,144,25
Aransas,4A,Religious Freedom,,REP,NO,16,6,8,2
Aransas,4A,Religious Freedom,,REP,Over Votes,0,0,0,0
Aransas,4A,Religious Freedom,,REP,Under Votes,16,3,13,0
Aransas,4A,Second Amendment,,REP,YES,277,119,133,25
Aransas,4A,Second Amendment,,REP,NO,28,11,15,2
Aransas,4A,Second Amendment,,REP,Over Votes,0,0,0,0
Aransas,4A,Second Amendment,,REP,Under Votes,22,5,17,0
Aransas,4A,Franchise Tax,,REP,YES,274,115,132,27
Aransas,4A,Franchise Tax,,REP,NO,28,15,13,0
Aransas,4A,Franchise Tax,,REP,Over Votes,0,0,0,0
Aransas,4A,Franchise Tax,,REP,Under Votes,25,5,20,0
Aransas,4A,Welfare Reform,,REP,YES,294,126,142,26
Aransas,4A,Welfare Reform,,REP,NO,16,6,9,1
Aransas,4A,Welfare Reform,,REP,Over Votes,0,0,0,0
Aransas,4A,Welfare Reform,,REP,Under Votes,17,3,14,0
Aransas,4A,No Lawmaker Exceptions,,REP,YES,307,131,149,27
Aransas,4A,No Lawmaker Exceptions,,REP,NO,1,1,0,0
Aransas,4A,No Lawmaker Exceptions,,REP,Over Votes,0,0,0,0
Aransas,4A,No Lawmaker Exceptions,,REP,Under Votes,19,3,16,0
Aransas,4A,Obamacare,,REP,YES,283,121,135,27
Aransas,4A,Obamacare,,REP,NO,26,9,17,0
Aransas,4A,Obamacare,,REP,Over Votes,0,0,0,0
Aransas,4A,Obamacare,,REP,Under Votes,18,5,13,0
Aransas,4A,Ballots Cast,,REP,,327,135,165,27
