county,precinct,office,district,party,candidate,votes
Calhoun,1,Straight Party,,,Republican,14
Calhoun,2,Straight Party,,,Republican,39
Calhoun,3,Straight Party,,,Republican,3
Calhoun,4,Straight Party,,,Republican,37
Calhoun,5,Straight Party,,,Republican,28
Calhoun,6,Straight Party,,,Republican,66
Calhoun,7,Straight Party,,,Republican,35
Calhoun,8,Straight Party,,,Republican,25
Calhoun,9,Straight Party,,,Republican,1
Calhoun,10,Straight Party,,,Republican,11
Calhoun,11,Straight Party,,,Republican,38
Calhoun,12,Straight Party,,,Republican,114
Calhoun,13,Straight Party,,,Republican,2
Calhoun,14,Straight Party,,,Republican,19
Calhoun,15,Straight Party,,,Republican,16
Calhoun,16,Straight Party,,,Republican,111
Calhoun,17,Straight Party,,,Republican,95
Calhoun,18,Straight Party,,,Republican,25
Calhoun,19,Straight Party,,,Republican,76
Calhoun,20,Straight Party,,,Republican,4
Calhoun,21,Straight Party,,,Republican,11
Calhoun,22,Straight Party,,,Republican,41
Calhoun,23,Straight Party,,,Republican,29
Calhoun,24,Straight Party,,,Republican,144
Calhoun,25,Straight Party,,,Republican,189
Calhoun,1,Straight Party,,,Democratic,33
Calhoun,2,Straight Party,,,Democratic,65
Calhoun,3,Straight Party,,,Democratic,8
Calhoun,4,Straight Party,,,Democratic,30
Calhoun,5,Straight Party,,,Democratic,10
Calhoun,6,Straight Party,,,Democratic,20
Calhoun,7,Straight Party,,,Democratic,51
Calhoun,8,Straight Party,,,Democratic,39
Calhoun,9,Straight Party,,,Democratic,6
Calhoun,10,Straight Party,,,Democratic,14
Calhoun,11,Straight Party,,,Democratic,21
Calhoun,12,Straight Party,,,Democratic,64
Calhoun,13,Straight Party,,,Democratic,0
Calhoun,14,Straight Party,,,Democratic,19
Calhoun,15,Straight Party,,,Democratic,16
Calhoun,16,Straight Party,,,Democratic,45
Calhoun,17,Straight Party,,,Democratic,42
Calhoun,18,Straight Party,,,Democratic,14
Calhoun,19,Straight Party,,,Democratic,14
Calhoun,20,Straight Party,,,Democratic,7
Calhoun,21,Straight Party,,,Democratic,3
Calhoun,22,Straight Party,,,Democratic,18
Calhoun,23,Straight Party,,,Democratic,7
Calhoun,24,Straight Party,,,Democratic,47
Calhoun,25,Straight Party,,,Democratic,24
Calhoun,1,Straight Party,,,Libertarian,1
Calhoun,2,Straight Party,,,Libertarian,1
Calhoun,3,Straight Party,,,Libertarian,1
Calhoun,4,Straight Party,,,Libertarian,0
Calhoun,5,Straight Party,,,Libertarian,0
Calhoun,6,Straight Party,,,Libertarian,0
Calhoun,7,Straight Party,,,Libertarian,2
Calhoun,8,Straight Party,,,Libertarian,3
Calhoun,9,Straight Party,,,Libertarian,0
Calhoun,10,Straight Party,,,Libertarian,0
Calhoun,11,Straight Party,,,Libertarian,0
Calhoun,12,Straight Party,,,Libertarian,1
Calhoun,13,Straight Party,,,Libertarian,0
Calhoun,14,Straight Party,,,Libertarian,0
Calhoun,15,Straight Party,,,Libertarian,0
Calhoun,16,Straight Party,,,Libertarian,1
Calhoun,17,Straight Party,,,Libertarian,1
Calhoun,18,Straight Party,,,Libertarian,1
Calhoun,19,Straight Party,,,Libertarian,1
Calhoun,20,Straight Party,,,Libertarian,0
Calhoun,21,Straight Party,,,Libertarian,0
Calhoun,22,Straight Party,,,Libertarian,0
Calhoun,23,Straight Party,,,Libertarian,0
Calhoun,24,Straight Party,,,Libertarian,6
Calhoun,25,Straight Party,,,Libertarian,1
Calhoun,1,Straight Party,,,Green,0
Calhoun,2,Straight Party,,,Green,0
Calhoun,3,Straight Party,,,Green,0
Calhoun,4,Straight Party,,,Green,0
Calhoun,5,Straight Party,,,Green,0
Calhoun,6,Straight Party,,,Green,0
Calhoun,7,Straight Party,,,Green,0
Calhoun,8,Straight Party,,,Green,0
Calhoun,9,Straight Party,,,Green,0
Calhoun,10,Straight Party,,,Green,0
Calhoun,11,Straight Party,,,Green,0
Calhoun,12,Straight Party,,,Green,0
Calhoun,13,Straight Party,,,Green,0
Calhoun,14,Straight Party,,,Green,0
Calhoun,15,Straight Party,,,Green,0
Calhoun,16,Straight Party,,,Green,0
Calhoun,17,Straight Party,,,Green,0
Calhoun,18,Straight Party,,,Green,0
Calhoun,19,Straight Party,,,Green,0
Calhoun,20,Straight Party,,,Green,1
Calhoun,21,Straight Party,,,Green,0
Calhoun,22,Straight Party,,,Green,0
Calhoun,23,Straight Party,,,Green,0
Calhoun,24,Straight Party,,,Green,2
Calhoun,25,Straight Party,,,Green,0
Calhoun,1,U.S. Senate,,REP,John Cornyn,19
Calhoun,2,U.S. Senate,,REP,John Cornyn,89
Calhoun,3,U.S. Senate,,REP,John Cornyn,3
Calhoun,4,U.S. Senate,,REP,John Cornyn,84
Calhoun,5,U.S. Senate,,REP,John Cornyn,63
Calhoun,6,U.S. Senate,,REP,John Cornyn,106
Calhoun,7,U.S. Senate,,REP,John Cornyn,77
Calhoun,8,U.S. Senate,,REP,John Cornyn,40
Calhoun,9,U.S. Senate,,REP,John Cornyn,5
Calhoun,10,U.S. Senate,,REP,John Cornyn,32
Calhoun,11,U.S. Senate,,REP,John Cornyn,88
Calhoun,12,U.S. Senate,,REP,John Cornyn,368
Calhoun,13,U.S. Senate,,REP,John Cornyn,6
Calhoun,14,U.S. Senate,,REP,John Cornyn,39
Calhoun,15,U.S. Senate,,REP,John Cornyn,34
Calhoun,16,U.S. Senate,,REP,John Cornyn,244
Calhoun,17,U.S. Senate,,REP,John Cornyn,196
Calhoun,18,U.S. Senate,,REP,John Cornyn,96
Calhoun,19,U.S. Senate,,REP,John Cornyn,179
Calhoun,20,U.S. Senate,,REP,John Cornyn,10
Calhoun,21,U.S. Senate,,REP,John Cornyn,40
Calhoun,22,U.S. Senate,,REP,John Cornyn,103
Calhoun,23,U.S. Senate,,REP,John Cornyn,73
Calhoun,24,U.S. Senate,,REP,John Cornyn,363
Calhoun,25,U.S. Senate,,REP,John Cornyn,393
Calhoun,1,U.S. Senate,,DEM,David M. Alameel,43
Calhoun,2,U.S. Senate,,DEM,David M. Alameel,106
Calhoun,3,U.S. Senate,,DEM,David M. Alameel,8
Calhoun,4,U.S. Senate,,DEM,David M. Alameel,59
Calhoun,5,U.S. Senate,,DEM,David M. Alameel,20
Calhoun,6,U.S. Senate,,DEM,David M. Alameel,35
Calhoun,7,U.S. Senate,,DEM,David M. Alameel,86
Calhoun,8,U.S. Senate,,DEM,David M. Alameel,52
Calhoun,9,U.S. Senate,,DEM,David M. Alameel,9
Calhoun,10,U.S. Senate,,DEM,David M. Alameel,21
Calhoun,11,U.S. Senate,,DEM,David M. Alameel,34
Calhoun,12,U.S. Senate,,DEM,David M. Alameel,137
Calhoun,13,U.S. Senate,,DEM,David M. Alameel,0
Calhoun,14,U.S. Senate,,DEM,David M. Alameel,22
Calhoun,15,U.S. Senate,,DEM,David M. Alameel,22
Calhoun,16,U.S. Senate,,DEM,David M. Alameel,87
Calhoun,17,U.S. Senate,,DEM,David M. Alameel,98
Calhoun,18,U.S. Senate,,DEM,David M. Alameel,31
Calhoun,19,U.S. Senate,,DEM,David M. Alameel,30
Calhoun,20,U.S. Senate,,DEM,David M. Alameel,8
Calhoun,21,U.S. Senate,,DEM,David M. Alameel,8
Calhoun,22,U.S. Senate,,DEM,David M. Alameel,32
Calhoun,23,U.S. Senate,,DEM,David M. Alameel,15
Calhoun,24,U.S. Senate,,DEM,David M. Alameel,118
Calhoun,25,U.S. Senate,,DEM,David M. Alameel,49
Calhoun,1,U.S. Senate,,LIB,Rebecca Paddock,3
Calhoun,2,U.S. Senate,,LIB,Rebecca Paddock,7
Calhoun,3,U.S. Senate,,LIB,Rebecca Paddock,0
Calhoun,4,U.S. Senate,,LIB,Rebecca Paddock,3
Calhoun,5,U.S. Senate,,LIB,Rebecca Paddock,0
Calhoun,6,U.S. Senate,,LIB,Rebecca Paddock,10
Calhoun,7,U.S. Senate,,LIB,Rebecca Paddock,5
Calhoun,8,U.S. Senate,,LIB,Rebecca Paddock,3
Calhoun,9,U.S. Senate,,LIB,Rebecca Paddock,2
Calhoun,10,U.S. Senate,,LIB,Rebecca Paddock,2
Calhoun,11,U.S. Senate,,LIB,Rebecca Paddock,2
Calhoun,12,U.S. Senate,,LIB,Rebecca Paddock,8
Calhoun,13,U.S. Senate,,LIB,Rebecca Paddock,0
Calhoun,14,U.S. Senate,,LIB,Rebecca Paddock,3
Calhoun,15,U.S. Senate,,LIB,Rebecca Paddock,4
Calhoun,16,U.S. Senate,,LIB,Rebecca Paddock,7
Calhoun,17,U.S. Senate,,LIB,Rebecca Paddock,6
Calhoun,18,U.S. Senate,,LIB,Rebecca Paddock,4
Calhoun,19,U.S. Senate,,LIB,Rebecca Paddock,5
Calhoun,20,U.S. Senate,,LIB,Rebecca Paddock,0
Calhoun,21,U.S. Senate,,LIB,Rebecca Paddock,1
Calhoun,22,U.S. Senate,,LIB,Rebecca Paddock,4
Calhoun,23,U.S. Senate,,LIB,Rebecca Paddock,1
Calhoun,24,U.S. Senate,,LIB,Rebecca Paddock,26
Calhoun,25,U.S. Senate,,LIB,Rebecca Paddock,8
Calhoun,1,U.S. Senate,,GRN,"Emily ""Spicybrown"" Sanchez",6
Calhoun,2,U.S. Senate,,GRN,"Emily ""Spicybrown"" Sanchez",5
Calhoun,3,U.S. Senate,,GRN,"Emily ""Spicybrown"" Sanchez",3
Calhoun,4,U.S. Senate,,GRN,"Emily ""Spicybrown"" Sanchez",1
Calhoun,5,U.S. Senate,,GRN,"Emily ""Spicybrown"" Sanchez",0
Calhoun,6,U.S. Senate,,GRN,"Emily ""Spicybrown"" Sanchez",4
Calhoun,7,U.S. Senate,,GRN,"Emily ""Spicybrown"" Sanchez",2
Calhoun,8,U.S. Senate,,GRN,"Emily ""Spicybrown"" Sanchez",4
Calhoun,9,U.S. Senate,,GRN,"Emily ""Spicybrown"" Sanchez",0
Calhoun,10,U.S. Senate,,GRN,"Emily ""Spicybrown"" Sanchez",1
Calhoun,11,U.S. Senate,,GRN,"Emily ""Spicybrown"" Sanchez",1
Calhoun,12,U.S. Senate,,GRN,"Emily ""Spicybrown"" Sanchez",6
Calhoun,13,U.S. Senate,,GRN,"Emily ""Spicybrown"" Sanchez",0
Calhoun,14,U.S. Senate,,GRN,"Emily ""Spicybrown"" Sanchez",2
Calhoun,15,U.S. Senate,,GRN,"Emily ""Spicybrown"" Sanchez",0
Calhoun,16,U.S. Senate,,GRN,"Emily ""Spicybrown"" Sanchez",11
Calhoun,17,U.S. Senate,,GRN,"Emily ""Spicybrown"" Sanchez",6
Calhoun,18,U.S. Senate,,GRN,"Emily ""Spicybrown"" Sanchez",1
Calhoun,19,U.S. Senate,,GRN,"Emily ""Spicybrown"" Sanchez",2
Calhoun,20,U.S. Senate,,GRN,"Emily ""Spicybrown"" Sanchez",3
Calhoun,21,U.S. Senate,,GRN,"Emily ""Spicybrown"" Sanchez",1
Calhoun,22,U.S. Senate,,GRN,"Emily ""Spicybrown"" Sanchez",0
Calhoun,23,U.S. Senate,,GRN,"Emily ""Spicybrown"" Sanchez",1
Calhoun,24,U.S. Senate,,GRN,"Emily ""Spicybrown"" Sanchez",9
Calhoun,25,U.S. Senate,,GRN,"Emily ""Spicybrown"" Sanchez",2
Calhoun,1,U.S. Senate,,,Write-ins,0
Calhoun,2,U.S. Senate,,,Write-ins,0
Calhoun,3,U.S. Senate,,,Write-ins,0
Calhoun,4,U.S. Senate,,,Write-ins,0
Calhoun,5,U.S. Senate,,,Write-ins,0
Calhoun,6,U.S. Senate,,,Write-ins,0
Calhoun,7,U.S. Senate,,,Write-ins,0
Calhoun,8,U.S. Senate,,,Write-ins,1
Calhoun,9,U.S. Senate,,,Write-ins,0
Calhoun,10,U.S. Senate,,,Write-ins,0
Calhoun,11,U.S. Senate,,,Write-ins,0
Calhoun,12,U.S. Senate,,,Write-ins,1
Calhoun,13,U.S. Senate,,,Write-ins,0
Calhoun,14,U.S. Senate,,,Write-ins,0
Calhoun,15,U.S. Senate,,,Write-ins,0
Calhoun,16,U.S. Senate,,,Write-ins,0
Calhoun,17,U.S. Senate,,,Write-ins,0
Calhoun,18,U.S. Senate,,,Write-ins,0
Calhoun,19,U.S. Senate,,,Write-ins,0
Calhoun,20,U.S. Senate,,,Write-ins,0
Calhoun,21,U.S. Senate,,,Write-ins,0
Calhoun,22,U.S. Senate,,,Write-ins,0
Calhoun,23,U.S. Senate,,,Write-ins,0
Calhoun,24,U.S. Senate,,,Write-ins,1
Calhoun,25,U.S. Senate,,,Write-ins,0
Calhoun,1,U.S. House,27,REP,Blake Farenthold,19
Calhoun,2,U.S. House,27,REP,Blake Farenthold,89
Calhoun,3,U.S. House,27,REP,Blake Farenthold,3
Calhoun,4,U.S. House,27,REP,Blake Farenthold,77
Calhoun,5,U.S. House,27,REP,Blake Farenthold,63
Calhoun,6,U.S. House,27,REP,Blake Farenthold,109
Calhoun,7,U.S. House,27,REP,Blake Farenthold,76
Calhoun,8,U.S. House,27,REP,Blake Farenthold,44
Calhoun,9,U.S. House,27,REP,Blake Farenthold,5
Calhoun,10,U.S. House,27,REP,Blake Farenthold,34
Calhoun,11,U.S. House,27,REP,Blake Farenthold,86
Calhoun,12,U.S. House,27,REP,Blake Farenthold,354
Calhoun,13,U.S. House,27,REP,Blake Farenthold,6
Calhoun,14,U.S. House,27,REP,Blake Farenthold,35
Calhoun,15,U.S. House,27,REP,Blake Farenthold,32
Calhoun,16,U.S. House,27,REP,Blake Farenthold,241
Calhoun,17,U.S. House,27,REP,Blake Farenthold,200
Calhoun,18,U.S. House,27,REP,Blake Farenthold,83
Calhoun,19,U.S. House,27,REP,Blake Farenthold,177
Calhoun,20,U.S. House,27,REP,Blake Farenthold,10
Calhoun,21,U.S. House,27,REP,Blake Farenthold,39
Calhoun,22,U.S. House,27,REP,Blake Farenthold,109
Calhoun,23,U.S. House,27,REP,Blake Farenthold,71
Calhoun,24,U.S. House,27,REP,Blake Farenthold,367
Calhoun,25,U.S. House,27,REP,Blake Farenthold,388
Calhoun,1,U.S. House,27,DEM,Wesley Reed,44
Calhoun,2,U.S. House,27,DEM,Wesley Reed,107
Calhoun,3,U.S. House,27,DEM,Wesley Reed,10
Calhoun,4,U.S. House,27,DEM,Wesley Reed,64
Calhoun,5,U.S. House,27,DEM,Wesley Reed,19
Calhoun,6,U.S. House,27,DEM,Wesley Reed,38
Calhoun,7,U.S. House,27,DEM,Wesley Reed,88
Calhoun,8,U.S. House,27,DEM,Wesley Reed,50
Calhoun,9,U.S. House,27,DEM,Wesley Reed,10
Calhoun,10,U.S. House,27,DEM,Wesley Reed,21
Calhoun,11,U.S. House,27,DEM,Wesley Reed,36
Calhoun,12,U.S. House,27,DEM,Wesley Reed,148
Calhoun,13,U.S. House,27,DEM,Wesley Reed,0
Calhoun,14,U.S. House,27,DEM,Wesley Reed,31
Calhoun,15,U.S. House,27,DEM,Wesley Reed,25
Calhoun,16,U.S. House,27,DEM,Wesley Reed,95
Calhoun,17,U.S. House,27,DEM,Wesley Reed,102
Calhoun,18,U.S. House,27,DEM,Wesley Reed,43
Calhoun,19,U.S. House,27,DEM,Wesley Reed,37
Calhoun,20,U.S. House,27,DEM,Wesley Reed,11
Calhoun,21,U.S. House,27,DEM,Wesley Reed,8
Calhoun,22,U.S. House,27,DEM,Wesley Reed,32
Calhoun,23,U.S. House,27,DEM,Wesley Reed,16
Calhoun,24,U.S. House,27,DEM,Wesley Reed,129
Calhoun,25,U.S. House,27,DEM,Wesley Reed,53
Calhoun,1,U.S. House,27,LIB,Roxanne Simonson,6
Calhoun,2,U.S. House,27,LIB,Roxanne Simonson,9
Calhoun,3,U.S. House,27,LIB,Roxanne Simonson,1
Calhoun,4,U.S. House,27,LIB,Roxanne Simonson,5
Calhoun,5,U.S. House,27,LIB,Roxanne Simonson,0
Calhoun,6,U.S. House,27,LIB,Roxanne Simonson,10
Calhoun,7,U.S. House,27,LIB,Roxanne Simonson,5
Calhoun,8,U.S. House,27,LIB,Roxanne Simonson,6
Calhoun,9,U.S. House,27,LIB,Roxanne Simonson,2
Calhoun,10,U.S. House,27,LIB,Roxanne Simonson,1
Calhoun,11,U.S. House,27,LIB,Roxanne Simonson,3
Calhoun,12,U.S. House,27,LIB,Roxanne Simonson,13
Calhoun,13,U.S. House,27,LIB,Roxanne Simonson,0
Calhoun,14,U.S. House,27,LIB,Roxanne Simonson,1
Calhoun,15,U.S. House,27,LIB,Roxanne Simonson,2
Calhoun,16,U.S. House,27,LIB,Roxanne Simonson,12
Calhoun,17,U.S. House,27,LIB,Roxanne Simonson,6
Calhoun,18,U.S. House,27,LIB,Roxanne Simonson,6
Calhoun,19,U.S. House,27,LIB,Roxanne Simonson,2
Calhoun,20,U.S. House,27,LIB,Roxanne Simonson,0
Calhoun,21,U.S. House,27,LIB,Roxanne Simonson,3
Calhoun,22,U.S. House,27,LIB,Roxanne Simonson,0
Calhoun,23,U.S. House,27,LIB,Roxanne Simonson,3
Calhoun,24,U.S. House,27,LIB,Roxanne Simonson,22
Calhoun,25,U.S. House,27,LIB,Roxanne Simonson,7
Calhoun,1,Governor,,REP,Greg Abbott,21
Calhoun,2,Governor,,REP,Greg Abbott,93
Calhoun,3,Governor,,REP,Greg Abbott,3
Calhoun,4,Governor,,REP,Greg Abbott,80
Calhoun,5,Governor,,REP,Greg Abbott,60
Calhoun,6,Governor,,REP,Greg Abbott,107
Calhoun,7,Governor,,REP,Greg Abbott,79
Calhoun,8,Governor,,REP,Greg Abbott,42
Calhoun,9,Governor,,REP,Greg Abbott,4
Calhoun,10,Governor,,REP,Greg Abbott,32
Calhoun,11,Governor,,REP,Greg Abbott,84
Calhoun,12,Governor,,REP,Greg Abbott,363
Calhoun,13,Governor,,REP,Greg Abbott,6
Calhoun,14,Governor,,REP,Greg Abbott,40
Calhoun,15,Governor,,REP,Greg Abbott,33
Calhoun,16,Governor,,REP,Greg Abbott,242
Calhoun,17,Governor,,REP,Greg Abbott,204
Calhoun,18,Governor,,REP,Greg Abbott,88
Calhoun,19,Governor,,REP,Greg Abbott,175
Calhoun,20,Governor,,REP,Greg Abbott,11
Calhoun,21,Governor,,REP,Greg Abbott,37
Calhoun,22,Governor,,REP,Greg Abbott,100
Calhoun,23,Governor,,REP,Greg Abbott,76
Calhoun,24,Governor,,REP,Greg Abbott,376
Calhoun,25,Governor,,REP,Greg Abbott,381
Calhoun,1,Governor,,DEM,Wendy R. Davis,45
Calhoun,2,Governor,,DEM,Wendy R. Davis,107
Calhoun,3,Governor,,DEM,Wendy R. Davis,10
Calhoun,4,Governor,,DEM,Wendy R. Davis,64
Calhoun,5,Governor,,DEM,Wendy R. Davis,24
Calhoun,6,Governor,,DEM,Wendy R. Davis,50
Calhoun,7,Governor,,DEM,Wendy R. Davis,90
Calhoun,8,Governor,,DEM,Wendy R. Davis,57
Calhoun,9,Governor,,DEM,Wendy R. Davis,12
Calhoun,10,Governor,,DEM,Wendy R. Davis,24
Calhoun,11,Governor,,DEM,Wendy R. Davis,40
Calhoun,12,Governor,,DEM,Wendy R. Davis,171
Calhoun,13,Governor,,DEM,Wendy R. Davis,0
Calhoun,14,Governor,,DEM,Wendy R. Davis,27
Calhoun,15,Governor,,DEM,Wendy R. Davis,26
Calhoun,16,Governor,,DEM,Wendy R. Davis,107
Calhoun,17,Governor,,DEM,Wendy R. Davis,102
Calhoun,18,Governor,,DEM,Wendy R. Davis,40
Calhoun,19,Governor,,DEM,Wendy R. Davis,44
Calhoun,20,Governor,,DEM,Wendy R. Davis,10
Calhoun,21,Governor,,DEM,Wendy R. Davis,14
Calhoun,22,Governor,,DEM,Wendy R. Davis,36
Calhoun,23,Governor,,DEM,Wendy R. Davis,14
Calhoun,24,Governor,,DEM,Wendy R. Davis,151
Calhoun,25,Governor,,DEM,Wendy R. Davis,61
Calhoun,1,Governor,,LIB,Kathie Glass,4
Calhoun,2,Governor,,LIB,Kathie Glass,7
Calhoun,3,Governor,,LIB,Kathie Glass,0
Calhoun,4,Governor,,LIB,Kathie Glass,2
Calhoun,5,Governor,,LIB,Kathie Glass,0
Calhoun,6,Governor,,LIB,Kathie Glass,2
Calhoun,7,Governor,,LIB,Kathie Glass,4
Calhoun,8,Governor,,LIB,Kathie Glass,3
Calhoun,9,Governor,,LIB,Kathie Glass,1
Calhoun,10,Governor,,LIB,Kathie Glass,1
Calhoun,11,Governor,,LIB,Kathie Glass,1
Calhoun,12,Governor,,LIB,Kathie Glass,4
Calhoun,13,Governor,,LIB,Kathie Glass,0
Calhoun,14,Governor,,LIB,Kathie Glass,0
Calhoun,15,Governor,,LIB,Kathie Glass,3
Calhoun,16,Governor,,LIB,Kathie Glass,5
Calhoun,17,Governor,,LIB,Kathie Glass,1
Calhoun,18,Governor,,LIB,Kathie Glass,5
Calhoun,19,Governor,,LIB,Kathie Glass,0
Calhoun,20,Governor,,LIB,Kathie Glass,0
Calhoun,21,Governor,,LIB,Kathie Glass,0
Calhoun,22,Governor,,LIB,Kathie Glass,1
Calhoun,23,Governor,,LIB,Kathie Glass,1
Calhoun,24,Governor,,LIB,Kathie Glass,12
Calhoun,25,Governor,,LIB,Kathie Glass,8
Calhoun,1,Governor,,GRN,Brandon Parmer,1
Calhoun,2,Governor,,GRN,Brandon Parmer,1
Calhoun,3,Governor,,GRN,Brandon Parmer,0
Calhoun,4,Governor,,GRN,Brandon Parmer,0
Calhoun,5,Governor,,GRN,Brandon Parmer,0
Calhoun,6,Governor,,GRN,Brandon Parmer,1
Calhoun,7,Governor,,GRN,Brandon Parmer,0
Calhoun,8,Governor,,GRN,Brandon Parmer,0
Calhoun,9,Governor,,GRN,Brandon Parmer,0
Calhoun,10,Governor,,GRN,Brandon Parmer,0
Calhoun,11,Governor,,GRN,Brandon Parmer,0
Calhoun,12,Governor,,GRN,Brandon Parmer,3
Calhoun,13,Governor,,GRN,Brandon Parmer,0
Calhoun,14,Governor,,GRN,Brandon Parmer,1
Calhoun,15,Governor,,GRN,Brandon Parmer,1
Calhoun,16,Governor,,GRN,Brandon Parmer,3
Calhoun,17,Governor,,GRN,Brandon Parmer,3
Calhoun,18,Governor,,GRN,Brandon Parmer,0
Calhoun,19,Governor,,GRN,Brandon Parmer,2
Calhoun,20,Governor,,GRN,Brandon Parmer,0
Calhoun,21,Governor,,GRN,Brandon Parmer,0
Calhoun,22,Governor,,GRN,Brandon Parmer,1
Calhoun,23,Governor,,GRN,Brandon Parmer,0
Calhoun,24,Governor,,GRN,Brandon Parmer,6
Calhoun,25,Governor,,GRN,Brandon Parmer,4
Calhoun,1,Governor,,,Write-ins,0
Calhoun,2,Governor,,,Write-ins,0
Calhoun,3,Governor,,,Write-ins,0
Calhoun,4,Governor,,,Write-ins,0
Calhoun,5,Governor,,,Write-ins,0
Calhoun,6,Governor,,,Write-ins,0
Calhoun,7,Governor,,,Write-ins,0
Calhoun,8,Governor,,,Write-ins,0
Calhoun,9,Governor,,,Write-ins,0
Calhoun,10,Governor,,,Write-ins,0
Calhoun,11,Governor,,,Write-ins,0
Calhoun,12,Governor,,,Write-ins,0
Calhoun,13,Governor,,,Write-ins,0
Calhoun,14,Governor,,,Write-ins,0
Calhoun,15,Governor,,,Write-ins,0
Calhoun,16,Governor,,,Write-ins,0
Calhoun,17,Governor,,,Write-ins,0
Calhoun,18,Governor,,,Write-ins,0
Calhoun,19,Governor,,,Write-ins,0
Calhoun,20,Governor,,,Write-ins,0
Calhoun,21,Governor,,,Write-ins,0
Calhoun,22,Governor,,,Write-ins,0
Calhoun,23,Governor,,,Write-ins,0
Calhoun,24,Governor,,,Write-ins,0
Calhoun,25,Governor,,,Write-ins,0
Calhoun,1,Lieutenant Governor,,REP,Dan Patrick,23
Calhoun,2,Lieutenant Governor,,REP,Dan Patrick,85
Calhoun,3,Lieutenant Governor,,REP,Dan Patrick,2
Calhoun,4,Lieutenant Governor,,REP,Dan Patrick,81
Calhoun,5,Lieutenant Governor,,REP,Dan Patrick,64
Calhoun,6,Lieutenant Governor,,REP,Dan Patrick,104
Calhoun,7,Lieutenant Governor,,REP,Dan Patrick,79
Calhoun,8,Lieutenant Governor,,REP,Dan Patrick,41
Calhoun,9,Lieutenant Governor,,REP,Dan Patrick,3
Calhoun,10,Lieutenant Governor,,REP,Dan Patrick,31
Calhoun,11,Lieutenant Governor,,REP,Dan Patrick,82
Calhoun,12,Lieutenant Governor,,REP,Dan Patrick,361
Calhoun,13,Lieutenant Governor,,REP,Dan Patrick,6
Calhoun,14,Lieutenant Governor,,REP,Dan Patrick,37
Calhoun,15,Lieutenant Governor,,REP,Dan Patrick,33
Calhoun,16,Lieutenant Governor,,REP,Dan Patrick,228
Calhoun,17,Lieutenant Governor,,REP,Dan Patrick,193
Calhoun,18,Lieutenant Governor,,REP,Dan Patrick,87
Calhoun,19,Lieutenant Governor,,REP,Dan Patrick,169
Calhoun,20,Lieutenant Governor,,REP,Dan Patrick,9
Calhoun,21,Lieutenant Governor,,REP,Dan Patrick,39
Calhoun,22,Lieutenant Governor,,REP,Dan Patrick,98
Calhoun,23,Lieutenant Governor,,REP,Dan Patrick,72
Calhoun,24,Lieutenant Governor,,REP,Dan Patrick,366
Calhoun,25,Lieutenant Governor,,REP,Dan Patrick,373
Calhoun,1,Lieutenant Governor,,DEM,Leticia Van de Putte,41
Calhoun,2,Lieutenant Governor,,DEM,Leticia Van de Putte,117
Calhoun,3,Lieutenant Governor,,DEM,Leticia Van de Putte,10
Calhoun,4,Lieutenant Governor,,DEM,Leticia Van de Putte,62
Calhoun,5,Lieutenant Governor,,DEM,Leticia Van de Putte,20
Calhoun,6,Lieutenant Governor,,DEM,Leticia Van de Putte,47
Calhoun,7,Lieutenant Governor,,DEM,Leticia Van de Putte,89
Calhoun,8,Lieutenant Governor,,DEM,Leticia Van de Putte,58
Calhoun,9,Lieutenant Governor,,DEM,Leticia Van de Putte,13
Calhoun,10,Lieutenant Governor,,DEM,Leticia Van de Putte,25
Calhoun,11,Lieutenant Governor,,DEM,Leticia Van de Putte,39
Calhoun,12,Lieutenant Governor,,DEM,Leticia Van de Putte,153
Calhoun,13,Lieutenant Governor,,DEM,Leticia Van de Putte,0
Calhoun,14,Lieutenant Governor,,DEM,Leticia Van de Putte,30
Calhoun,15,Lieutenant Governor,,DEM,Leticia Van de Putte,26
Calhoun,16,Lieutenant Governor,,DEM,Leticia Van de Putte,109
Calhoun,17,Lieutenant Governor,,DEM,Leticia Van de Putte,105
Calhoun,18,Lieutenant Governor,,DEM,Leticia Van de Putte,37
Calhoun,19,Lieutenant Governor,,DEM,Leticia Van de Putte,44
Calhoun,20,Lieutenant Governor,,DEM,Leticia Van de Putte,12
Calhoun,21,Lieutenant Governor,,DEM,Leticia Van de Putte,11
Calhoun,22,Lieutenant Governor,,DEM,Leticia Van de Putte,35
Calhoun,23,Lieutenant Governor,,DEM,Leticia Van de Putte,17
Calhoun,24,Lieutenant Governor,,DEM,Leticia Van de Putte,140
Calhoun,25,Lieutenant Governor,,DEM,Leticia Van de Putte,68
Calhoun,1,Lieutenant Governor,,LIB,Robert D. Butler,3
Calhoun,2,Lieutenant Governor,,LIB,Robert D. Butler,6
Calhoun,3,Lieutenant Governor,,LIB,Robert D. Butler,0
Calhoun,4,Lieutenant Governor,,LIB,Robert D. Butler,2
Calhoun,5,Lieutenant Governor,,LIB,Robert D. Butler,0
Calhoun,6,Lieutenant Governor,,LIB,Robert D. Butler,6
Calhoun,7,Lieutenant Governor,,LIB,Robert D. Butler,3
Calhoun,8,Lieutenant Governor,,LIB,Robert D. Butler,2
Calhoun,9,Lieutenant Governor,,LIB,Robert D. Butler,1
Calhoun,10,Lieutenant Governor,,LIB,Robert D. Butler,1
Calhoun,11,Lieutenant Governor,,LIB,Robert D. Butler,1
Calhoun,12,Lieutenant Governor,,LIB,Robert D. Butler,12
Calhoun,13,Lieutenant Governor,,LIB,Robert D. Butler,0
Calhoun,14,Lieutenant Governor,,LIB,Robert D. Butler,1
Calhoun,15,Lieutenant Governor,,LIB,Robert D. Butler,1
Calhoun,16,Lieutenant Governor,,LIB,Robert D. Butler,11
Calhoun,17,Lieutenant Governor,,LIB,Robert D. Butler,10
Calhoun,18,Lieutenant Governor,,LIB,Robert D. Butler,6
Calhoun,19,Lieutenant Governor,,LIB,Robert D. Butler,6
Calhoun,20,Lieutenant Governor,,LIB,Robert D. Butler,1
Calhoun,21,Lieutenant Governor,,LIB,Robert D. Butler,0
Calhoun,22,Lieutenant Governor,,LIB,Robert D. Butler,4
Calhoun,23,Lieutenant Governor,,LIB,Robert D. Butler,3
Calhoun,24,Lieutenant Governor,,LIB,Robert D. Butler,23
Calhoun,25,Lieutenant Governor,,LIB,Robert D. Butler,12
Calhoun,1,Lieutenant Governor,,GRN,Chandrakantha Courtney,4
Calhoun,2,Lieutenant Governor,,GRN,Chandrakantha Courtney,0
Calhoun,3,Lieutenant Governor,,GRN,Chandrakantha Courtney,1
Calhoun,4,Lieutenant Governor,,GRN,Chandrakantha Courtney,1
Calhoun,5,Lieutenant Governor,,GRN,Chandrakantha Courtney,0
Calhoun,6,Lieutenant Governor,,GRN,Chandrakantha Courtney,3
Calhoun,7,Lieutenant Governor,,GRN,Chandrakantha Courtney,1
Calhoun,8,Lieutenant Governor,,GRN,Chandrakantha Courtney,1
Calhoun,9,Lieutenant Governor,,GRN,Chandrakantha Courtney,0
Calhoun,10,Lieutenant Governor,,GRN,Chandrakantha Courtney,0
Calhoun,11,Lieutenant Governor,,GRN,Chandrakantha Courtney,0
Calhoun,12,Lieutenant Governor,,GRN,Chandrakantha Courtney,0
Calhoun,13,Lieutenant Governor,,GRN,Chandrakantha Courtney,0
Calhoun,14,Lieutenant Governor,,GRN,Chandrakantha Courtney,0
Calhoun,15,Lieutenant Governor,,GRN,Chandrakantha Courtney,1
Calhoun,16,Lieutenant Governor,,GRN,Chandrakantha Courtney,2
Calhoun,17,Lieutenant Governor,,GRN,Chandrakantha Courtney,1
Calhoun,18,Lieutenant Governor,,GRN,Chandrakantha Courtney,1
Calhoun,19,Lieutenant Governor,,GRN,Chandrakantha Courtney,1
Calhoun,20,Lieutenant Governor,,GRN,Chandrakantha Courtney,0
Calhoun,21,Lieutenant Governor,,GRN,Chandrakantha Courtney,0
Calhoun,22,Lieutenant Governor,,GRN,Chandrakantha Courtney,0
Calhoun,23,Lieutenant Governor,,GRN,Chandrakantha Courtney,0
Calhoun,24,Lieutenant Governor,,GRN,Chandrakantha Courtney,2
Calhoun,25,Lieutenant Governor,,GRN,Chandrakantha Courtney,0
Calhoun,1,Attorney General,,REP,Ken Paxton,20
Calhoun,2,Attorney General,,REP,Ken Paxton,81
Calhoun,3,Attorney General,,REP,Ken Paxton,3
Calhoun,4,Attorney General,,REP,Ken Paxton,73
Calhoun,5,Attorney General,,REP,Ken Paxton,61
Calhoun,6,Attorney General,,REP,Ken Paxton,100
Calhoun,7,Attorney General,,REP,Ken Paxton,72
Calhoun,8,Attorney General,,REP,Ken Paxton,38
Calhoun,9,Attorney General,,REP,Ken Paxton,3
Calhoun,10,Attorney General,,REP,Ken Paxton,31
Calhoun,11,Attorney General,,REP,Ken Paxton,80
Calhoun,12,Attorney General,,REP,Ken Paxton,341
Calhoun,13,Attorney General,,REP,Ken Paxton,6
Calhoun,14,Attorney General,,REP,Ken Paxton,39
Calhoun,15,Attorney General,,REP,Ken Paxton,34
Calhoun,16,Attorney General,,REP,Ken Paxton,222
Calhoun,17,Attorney General,,REP,Ken Paxton,190
Calhoun,18,Attorney General,,REP,Ken Paxton,82
Calhoun,19,Attorney General,,REP,Ken Paxton,168
Calhoun,20,Attorney General,,REP,Ken Paxton,10
Calhoun,21,Attorney General,,REP,Ken Paxton,39
Calhoun,22,Attorney General,,REP,Ken Paxton,95
Calhoun,23,Attorney General,,REP,Ken Paxton,72
Calhoun,24,Attorney General,,REP,Ken Paxton,359
Calhoun,25,Attorney General,,REP,Ken Paxton,381
Calhoun,1,Attorney General,,DEM,Sam Houston,44
Calhoun,2,Attorney General,,DEM,Sam Houston,116
Calhoun,3,Attorney General,,DEM,Sam Houston,9
Calhoun,4,Attorney General,,DEM,Sam Houston,64
Calhoun,5,Attorney General,,DEM,Sam Houston,22
Calhoun,6,Attorney General,,DEM,Sam Houston,44
Calhoun,7,Attorney General,,DEM,Sam Houston,88
Calhoun,8,Attorney General,,DEM,Sam Houston,54
Calhoun,9,Attorney General,,DEM,Sam Houston,11
Calhoun,10,Attorney General,,DEM,Sam Houston,22
Calhoun,11,Attorney General,,DEM,Sam Houston,37
Calhoun,12,Attorney General,,DEM,Sam Houston,161
Calhoun,13,Attorney General,,DEM,Sam Houston,0
Calhoun,14,Attorney General,,DEM,Sam Houston,24
Calhoun,15,Attorney General,,DEM,Sam Houston,25
Calhoun,16,Attorney General,,DEM,Sam Houston,108
Calhoun,17,Attorney General,,DEM,Sam Houston,110
Calhoun,18,Attorney General,,DEM,Sam Houston,43
Calhoun,19,Attorney General,,DEM,Sam Houston,45
Calhoun,20,Attorney General,,DEM,Sam Houston,9
Calhoun,21,Attorney General,,DEM,Sam Houston,11
Calhoun,22,Attorney General,,DEM,Sam Houston,41
Calhoun,23,Attorney General,,DEM,Sam Houston,15
Calhoun,24,Attorney General,,DEM,Sam Houston,151
Calhoun,25,Attorney General,,DEM,Sam Houston,62
Calhoun,1,Attorney General,,LIB,Jamie Balagia,5
Calhoun,2,Attorney General,,LIB,Jamie Balagia,5
Calhoun,3,Attorney General,,LIB,Jamie Balagia,0
Calhoun,4,Attorney General,,LIB,Jamie Balagia,4
Calhoun,5,Attorney General,,LIB,Jamie Balagia,0
Calhoun,6,Attorney General,,LIB,Jamie Balagia,6
Calhoun,7,Attorney General,,LIB,Jamie Balagia,6
Calhoun,8,Attorney General,,LIB,Jamie Balagia,5
Calhoun,9,Attorney General,,LIB,Jamie Balagia,1
Calhoun,10,Attorney General,,LIB,Jamie Balagia,2
Calhoun,11,Attorney General,,LIB,Jamie Balagia,3
Calhoun,12,Attorney General,,LIB,Jamie Balagia,9
Calhoun,13,Attorney General,,LIB,Jamie Balagia,0
Calhoun,14,Attorney General,,LIB,Jamie Balagia,2
Calhoun,15,Attorney General,,LIB,Jamie Balagia,1
Calhoun,16,Attorney General,,LIB,Jamie Balagia,13
Calhoun,17,Attorney General,,LIB,Jamie Balagia,3
Calhoun,18,Attorney General,,LIB,Jamie Balagia,7
Calhoun,19,Attorney General,,LIB,Jamie Balagia,1
Calhoun,20,Attorney General,,LIB,Jamie Balagia,2
Calhoun,21,Attorney General,,LIB,Jamie Balagia,0
Calhoun,22,Attorney General,,LIB,Jamie Balagia,1
Calhoun,23,Attorney General,,LIB,Jamie Balagia,1
Calhoun,24,Attorney General,,LIB,Jamie Balagia,11
Calhoun,25,Attorney General,,LIB,Jamie Balagia,8
Calhoun,1,Attorney General,,GRN,Jamar Osborne,1
Calhoun,2,Attorney General,,GRN,Jamar Osborne,2
Calhoun,3,Attorney General,,GRN,Jamar Osborne,1
Calhoun,4,Attorney General,,GRN,Jamar Osborne,0
Calhoun,5,Attorney General,,GRN,Jamar Osborne,0
Calhoun,6,Attorney General,,GRN,Jamar Osborne,4
Calhoun,7,Attorney General,,GRN,Jamar Osborne,1
Calhoun,8,Attorney General,,GRN,Jamar Osborne,3
Calhoun,9,Attorney General,,GRN,Jamar Osborne,0
Calhoun,10,Attorney General,,GRN,Jamar Osborne,1
Calhoun,11,Attorney General,,GRN,Jamar Osborne,1
Calhoun,12,Attorney General,,GRN,Jamar Osborne,3
Calhoun,13,Attorney General,,GRN,Jamar Osborne,0
Calhoun,14,Attorney General,,GRN,Jamar Osborne,0
Calhoun,15,Attorney General,,GRN,Jamar Osborne,0
Calhoun,16,Attorney General,,GRN,Jamar Osborne,2
Calhoun,17,Attorney General,,GRN,Jamar Osborne,3
Calhoun,18,Attorney General,,GRN,Jamar Osborne,0
Calhoun,19,Attorney General,,GRN,Jamar Osborne,1
Calhoun,20,Attorney General,,GRN,Jamar Osborne,0
Calhoun,21,Attorney General,,GRN,Jamar Osborne,0
Calhoun,22,Attorney General,,GRN,Jamar Osborne,1
Calhoun,23,Attorney General,,GRN,Jamar Osborne,1
Calhoun,24,Attorney General,,GRN,Jamar Osborne,3
Calhoun,25,Attorney General,,GRN,Jamar Osborne,0
Calhoun,1,Comptroller of Public Accounts,,REP,Glenn Hegar,17
Calhoun,2,Comptroller of Public Accounts,,REP,Glenn Hegar,87
Calhoun,3,Comptroller of Public Accounts,,REP,Glenn Hegar,3
Calhoun,4,Comptroller of Public Accounts,,REP,Glenn Hegar,75
Calhoun,5,Comptroller of Public Accounts,,REP,Glenn Hegar,63
Calhoun,6,Comptroller of Public Accounts,,REP,Glenn Hegar,101
Calhoun,7,Comptroller of Public Accounts,,REP,Glenn Hegar,71
Calhoun,8,Comptroller of Public Accounts,,REP,Glenn Hegar,40
Calhoun,9,Comptroller of Public Accounts,,REP,Glenn Hegar,3
Calhoun,10,Comptroller of Public Accounts,,REP,Glenn Hegar,31
Calhoun,11,Comptroller of Public Accounts,,REP,Glenn Hegar,77
Calhoun,12,Comptroller of Public Accounts,,REP,Glenn Hegar,342
Calhoun,13,Comptroller of Public Accounts,,REP,Glenn Hegar,5
Calhoun,14,Comptroller of Public Accounts,,REP,Glenn Hegar,35
Calhoun,15,Comptroller of Public Accounts,,REP,Glenn Hegar,33
Calhoun,16,Comptroller of Public Accounts,,REP,Glenn Hegar,227
Calhoun,17,Comptroller of Public Accounts,,REP,Glenn Hegar,196
Calhoun,18,Comptroller of Public Accounts,,REP,Glenn Hegar,84
Calhoun,19,Comptroller of Public Accounts,,REP,Glenn Hegar,161
Calhoun,20,Comptroller of Public Accounts,,REP,Glenn Hegar,10
Calhoun,21,Comptroller of Public Accounts,,REP,Glenn Hegar,36
Calhoun,22,Comptroller of Public Accounts,,REP,Glenn Hegar,97
Calhoun,23,Comptroller of Public Accounts,,REP,Glenn Hegar,68
Calhoun,24,Comptroller of Public Accounts,,REP,Glenn Hegar,348
Calhoun,25,Comptroller of Public Accounts,,REP,Glenn Hegar,374
Calhoun,1,Comptroller of Public Accounts,,DEM,Mike Collier,45
Calhoun,2,Comptroller of Public Accounts,,DEM,Mike Collier,105
Calhoun,3,Comptroller of Public Accounts,,DEM,Mike Collier,9
Calhoun,4,Comptroller of Public Accounts,,DEM,Mike Collier,60
Calhoun,5,Comptroller of Public Accounts,,DEM,Mike Collier,19
Calhoun,6,Comptroller of Public Accounts,,DEM,Mike Collier,47
Calhoun,7,Comptroller of Public Accounts,,DEM,Mike Collier,89
Calhoun,8,Comptroller of Public Accounts,,DEM,Mike Collier,51
Calhoun,9,Comptroller of Public Accounts,,DEM,Mike Collier,8
Calhoun,10,Comptroller of Public Accounts,,DEM,Mike Collier,22
Calhoun,11,Comptroller of Public Accounts,,DEM,Mike Collier,40
Calhoun,12,Comptroller of Public Accounts,,DEM,Mike Collier,150
Calhoun,13,Comptroller of Public Accounts,,DEM,Mike Collier,1
Calhoun,14,Comptroller of Public Accounts,,DEM,Mike Collier,26
Calhoun,15,Comptroller of Public Accounts,,DEM,Mike Collier,26
Calhoun,16,Comptroller of Public Accounts,,DEM,Mike Collier,106
Calhoun,17,Comptroller of Public Accounts,,DEM,Mike Collier,103
Calhoun,18,Comptroller of Public Accounts,,DEM,Mike Collier,43
Calhoun,19,Comptroller of Public Accounts,,DEM,Mike Collier,46
Calhoun,20,Comptroller of Public Accounts,,DEM,Mike Collier,10
Calhoun,21,Comptroller of Public Accounts,,DEM,Mike Collier,12
Calhoun,22,Comptroller of Public Accounts,,DEM,Mike Collier,34
Calhoun,23,Comptroller of Public Accounts,,DEM,Mike Collier,18
Calhoun,24,Comptroller of Public Accounts,,DEM,Mike Collier,130
Calhoun,25,Comptroller of Public Accounts,,DEM,Mike Collier,61
Calhoun,1,Comptroller of Public Accounts,,LIB,Ben Sanders,3
Calhoun,2,Comptroller of Public Accounts,,LIB,Ben Sanders,6
Calhoun,3,Comptroller of Public Accounts,,LIB,Ben Sanders,0
Calhoun,4,Comptroller of Public Accounts,,LIB,Ben Sanders,3
Calhoun,5,Comptroller of Public Accounts,,LIB,Ben Sanders,0
Calhoun,6,Comptroller of Public Accounts,,LIB,Ben Sanders,4
Calhoun,7,Comptroller of Public Accounts,,LIB,Ben Sanders,7
Calhoun,8,Comptroller of Public Accounts,,LIB,Ben Sanders,3
Calhoun,9,Comptroller of Public Accounts,,LIB,Ben Sanders,1
Calhoun,10,Comptroller of Public Accounts,,LIB,Ben Sanders,1
Calhoun,11,Comptroller of Public Accounts,,LIB,Ben Sanders,3
Calhoun,12,Comptroller of Public Accounts,,LIB,Ben Sanders,11
Calhoun,13,Comptroller of Public Accounts,,LIB,Ben Sanders,0
Calhoun,14,Comptroller of Public Accounts,,LIB,Ben Sanders,3
Calhoun,15,Comptroller of Public Accounts,,LIB,Ben Sanders,0
Calhoun,16,Comptroller of Public Accounts,,LIB,Ben Sanders,10
Calhoun,17,Comptroller of Public Accounts,,LIB,Ben Sanders,4
Calhoun,18,Comptroller of Public Accounts,,LIB,Ben Sanders,3
Calhoun,19,Comptroller of Public Accounts,,LIB,Ben Sanders,8
Calhoun,20,Comptroller of Public Accounts,,LIB,Ben Sanders,0
Calhoun,21,Comptroller of Public Accounts,,LIB,Ben Sanders,1
Calhoun,22,Comptroller of Public Accounts,,LIB,Ben Sanders,4
Calhoun,23,Comptroller of Public Accounts,,LIB,Ben Sanders,4
Calhoun,24,Comptroller of Public Accounts,,LIB,Ben Sanders,20
Calhoun,25,Comptroller of Public Accounts,,LIB,Ben Sanders,6
Calhoun,1,Comptroller of Public Accounts,,GRN,Deb Shafto,4
Calhoun,2,Comptroller of Public Accounts,,GRN,Deb Shafto,3
Calhoun,3,Comptroller of Public Accounts,,GRN,Deb Shafto,1
Calhoun,4,Comptroller of Public Accounts,,GRN,Deb Shafto,1
Calhoun,5,Comptroller of Public Accounts,,GRN,Deb Shafto,0
Calhoun,6,Comptroller of Public Accounts,,GRN,Deb Shafto,2
Calhoun,7,Comptroller of Public Accounts,,GRN,Deb Shafto,1
Calhoun,8,Comptroller of Public Accounts,,GRN,Deb Shafto,4
Calhoun,9,Comptroller of Public Accounts,,GRN,Deb Shafto,1
Calhoun,10,Comptroller of Public Accounts,,GRN,Deb Shafto,1
Calhoun,11,Comptroller of Public Accounts,,GRN,Deb Shafto,1
Calhoun,12,Comptroller of Public Accounts,,GRN,Deb Shafto,5
Calhoun,13,Comptroller of Public Accounts,,GRN,Deb Shafto,0
Calhoun,14,Comptroller of Public Accounts,,GRN,Deb Shafto,0
Calhoun,15,Comptroller of Public Accounts,,GRN,Deb Shafto,0
Calhoun,16,Comptroller of Public Accounts,,GRN,Deb Shafto,3
Calhoun,17,Comptroller of Public Accounts,,GRN,Deb Shafto,1
Calhoun,18,Comptroller of Public Accounts,,GRN,Deb Shafto,0
Calhoun,19,Comptroller of Public Accounts,,GRN,Deb Shafto,1
Calhoun,20,Comptroller of Public Accounts,,GRN,Deb Shafto,1
Calhoun,21,Comptroller of Public Accounts,,GRN,Deb Shafto,1
Calhoun,22,Comptroller of Public Accounts,,GRN,Deb Shafto,0
Calhoun,23,Comptroller of Public Accounts,,GRN,Deb Shafto,0
Calhoun,24,Comptroller of Public Accounts,,GRN,Deb Shafto,14
Calhoun,25,Comptroller of Public Accounts,,GRN,Deb Shafto,5
Calhoun,1,Commissioner of the General Land Office,,REP,George P. Bush,24
Calhoun,2,Commissioner of the General Land Office,,REP,George P. Bush,84
Calhoun,3,Commissioner of the General Land Office,,REP,George P. Bush,3
Calhoun,4,Commissioner of the General Land Office,,REP,George P. Bush,89
Calhoun,5,Commissioner of the General Land Office,,REP,George P. Bush,63
Calhoun,6,Commissioner of the General Land Office,,REP,George P. Bush,101
Calhoun,7,Commissioner of the General Land Office,,REP,George P. Bush,79
Calhoun,8,Commissioner of the General Land Office,,REP,George P. Bush,43
Calhoun,9,Commissioner of the General Land Office,,REP,George P. Bush,4
Calhoun,10,Commissioner of the General Land Office,,REP,George P. Bush,33
Calhoun,11,Commissioner of the General Land Office,,REP,George P. Bush,86
Calhoun,12,Commissioner of the General Land Office,,REP,George P. Bush,366
Calhoun,13,Commissioner of the General Land Office,,REP,George P. Bush,5
Calhoun,14,Commissioner of the General Land Office,,REP,George P. Bush,36
Calhoun,15,Commissioner of the General Land Office,,REP,George P. Bush,32
Calhoun,16,Commissioner of the General Land Office,,REP,George P. Bush,246
Calhoun,17,Commissioner of the General Land Office,,REP,George P. Bush,199
Calhoun,18,Commissioner of the General Land Office,,REP,George P. Bush,90
Calhoun,19,Commissioner of the General Land Office,,REP,George P. Bush,163
Calhoun,20,Commissioner of the General Land Office,,REP,George P. Bush,9
Calhoun,21,Commissioner of the General Land Office,,REP,George P. Bush,37
Calhoun,22,Commissioner of the General Land Office,,REP,George P. Bush,100
Calhoun,23,Commissioner of the General Land Office,,REP,George P. Bush,71
Calhoun,24,Commissioner of the General Land Office,,REP,George P. Bush,366
Calhoun,25,Commissioner of the General Land Office,,REP,George P. Bush,380
Calhoun,1,Commissioner of the General Land Office,,DEM,John Cook,41
Calhoun,2,Commissioner of the General Land Office,,DEM,John Cook,113
Calhoun,3,Commissioner of the General Land Office,,DEM,John Cook,9
Calhoun,4,Commissioner of the General Land Office,,DEM,John Cook,55
Calhoun,5,Commissioner of the General Land Office,,DEM,John Cook,20
Calhoun,6,Commissioner of the General Land Office,,DEM,John Cook,43
Calhoun,7,Commissioner of the General Land Office,,DEM,John Cook,88
Calhoun,8,Commissioner of the General Land Office,,DEM,John Cook,52
Calhoun,9,Commissioner of the General Land Office,,DEM,John Cook,9
Calhoun,10,Commissioner of the General Land Office,,DEM,John Cook,20
Calhoun,11,Commissioner of the General Land Office,,DEM,John Cook,34
Calhoun,12,Commissioner of the General Land Office,,DEM,John Cook,144
Calhoun,13,Commissioner of the General Land Office,,DEM,John Cook,1
Calhoun,14,Commissioner of the General Land Office,,DEM,John Cook,29
Calhoun,15,Commissioner of the General Land Office,,DEM,John Cook,24
Calhoun,16,Commissioner of the General Land Office,,DEM,John Cook,89
Calhoun,17,Commissioner of the General Land Office,,DEM,John Cook,100
Calhoun,18,Commissioner of the General Land Office,,DEM,John Cook,37
Calhoun,19,Commissioner of the General Land Office,,DEM,John Cook,41
Calhoun,20,Commissioner of the General Land Office,,DEM,John Cook,9
Calhoun,21,Commissioner of the General Land Office,,DEM,John Cook,12
Calhoun,22,Commissioner of the General Land Office,,DEM,John Cook,34
Calhoun,23,Commissioner of the General Land Office,,DEM,John Cook,15
Calhoun,24,Commissioner of the General Land Office,,DEM,John Cook,135
Calhoun,25,Commissioner of the General Land Office,,DEM,John Cook,59
Calhoun,1,Commissioner of the General Land Office,,LIB,Justin Knight,3
Calhoun,2,Commissioner of the General Land Office,,LIB,Justin Knight,5
Calhoun,3,Commissioner of the General Land Office,,LIB,Justin Knight,0
Calhoun,4,Commissioner of the General Land Office,,LIB,Justin Knight,1
Calhoun,5,Commissioner of the General Land Office,,LIB,Justin Knight,0
Calhoun,6,Commissioner of the General Land Office,,LIB,Justin Knight,5
Calhoun,7,Commissioner of the General Land Office,,LIB,Justin Knight,3
Calhoun,8,Commissioner of the General Land Office,,LIB,Justin Knight,2
Calhoun,9,Commissioner of the General Land Office,,LIB,Justin Knight,1
Calhoun,10,Commissioner of the General Land Office,,LIB,Justin Knight,2
Calhoun,11,Commissioner of the General Land Office,,LIB,Justin Knight,1
Calhoun,12,Commissioner of the General Land Office,,LIB,Justin Knight,5
Calhoun,13,Commissioner of the General Land Office,,LIB,Justin Knight,0
Calhoun,14,Commissioner of the General Land Office,,LIB,Justin Knight,0
Calhoun,15,Commissioner of the General Land Office,,LIB,Justin Knight,4
Calhoun,16,Commissioner of the General Land Office,,LIB,Justin Knight,7
Calhoun,17,Commissioner of the General Land Office,,LIB,Justin Knight,5
Calhoun,18,Commissioner of the General Land Office,,LIB,Justin Knight,4
Calhoun,19,Commissioner of the General Land Office,,LIB,Justin Knight,8
Calhoun,20,Commissioner of the General Land Office,,LIB,Justin Knight,2
Calhoun,21,Commissioner of the General Land Office,,LIB,Justin Knight,1
Calhoun,22,Commissioner of the General Land Office,,LIB,Justin Knight,2
Calhoun,23,Commissioner of the General Land Office,,LIB,Justin Knight,3
Calhoun,24,Commissioner of the General Land Office,,LIB,Justin Knight,18
Calhoun,25,Commissioner of the General Land Office,,LIB,Justin Knight,10
Calhoun,1,Commissioner of the General Land Office,,GRN,Valerie Alessi,3
Calhoun,2,Commissioner of the General Land Office,,GRN,Valerie Alessi,4
Calhoun,3,Commissioner of the General Land Office,,GRN,Valerie Alessi,1
Calhoun,4,Commissioner of the General Land Office,,GRN,Valerie Alessi,3
Calhoun,5,Commissioner of the General Land Office,,GRN,Valerie Alessi,0
Calhoun,6,Commissioner of the General Land Office,,GRN,Valerie Alessi,6
Calhoun,7,Commissioner of the General Land Office,,GRN,Valerie Alessi,2
Calhoun,8,Commissioner of the General Land Office,,GRN,Valerie Alessi,3
Calhoun,9,Commissioner of the General Land Office,,GRN,Valerie Alessi,2
Calhoun,10,Commissioner of the General Land Office,,GRN,Valerie Alessi,1
Calhoun,11,Commissioner of the General Land Office,,GRN,Valerie Alessi,2
Calhoun,12,Commissioner of the General Land Office,,GRN,Valerie Alessi,6
Calhoun,13,Commissioner of the General Land Office,,GRN,Valerie Alessi,0
Calhoun,14,Commissioner of the General Land Office,,GRN,Valerie Alessi,1
Calhoun,15,Commissioner of the General Land Office,,GRN,Valerie Alessi,0
Calhoun,16,Commissioner of the General Land Office,,GRN,Valerie Alessi,5
Calhoun,17,Commissioner of the General Land Office,,GRN,Valerie Alessi,2
Calhoun,18,Commissioner of the General Land Office,,GRN,Valerie Alessi,0
Calhoun,19,Commissioner of the General Land Office,,GRN,Valerie Alessi,2
Calhoun,20,Commissioner of the General Land Office,,GRN,Valerie Alessi,1
Calhoun,21,Commissioner of the General Land Office,,GRN,Valerie Alessi,0
Calhoun,22,Commissioner of the General Land Office,,GRN,Valerie Alessi,2
Calhoun,23,Commissioner of the General Land Office,,GRN,Valerie Alessi,1
Calhoun,24,Commissioner of the General Land Office,,GRN,Valerie Alessi,6
Calhoun,25,Commissioner of the General Land Office,,GRN,Valerie Alessi,2
Calhoun,1,Commissioner of Agriculture,,REP,Sid Miller,17
Calhoun,2,Commissioner of Agriculture,,REP,Sid Miller,78
Calhoun,3,Commissioner of Agriculture,,REP,Sid Miller,3
Calhoun,4,Commissioner of Agriculture,,REP,Sid Miller,69
Calhoun,5,Commissioner of Agriculture,,REP,Sid Miller,61
Calhoun,6,Commissioner of Agriculture,,REP,Sid Miller,95
Calhoun,7,Commissioner of Agriculture,,REP,Sid Miller,67
Calhoun,8,Commissioner of Agriculture,,REP,Sid Miller,37
Calhoun,9,Commissioner of Agriculture,,REP,Sid Miller,2
Calhoun,10,Commissioner of Agriculture,,REP,Sid Miller,29
Calhoun,11,Commissioner of Agriculture,,REP,Sid Miller,74
Calhoun,12,Commissioner of Agriculture,,REP,Sid Miller,312
Calhoun,13,Commissioner of Agriculture,,REP,Sid Miller,4
Calhoun,14,Commissioner of Agriculture,,REP,Sid Miller,35
Calhoun,15,Commissioner of Agriculture,,REP,Sid Miller,29
Calhoun,16,Commissioner of Agriculture,,REP,Sid Miller,215
Calhoun,17,Commissioner of Agriculture,,REP,Sid Miller,179
Calhoun,18,Commissioner of Agriculture,,REP,Sid Miller,75
Calhoun,19,Commissioner of Agriculture,,REP,Sid Miller,158
Calhoun,20,Commissioner of Agriculture,,REP,Sid Miller,9
Calhoun,21,Commissioner of Agriculture,,REP,Sid Miller,32
Calhoun,22,Commissioner of Agriculture,,REP,Sid Miller,96
Calhoun,23,Commissioner of Agriculture,,REP,Sid Miller,66
Calhoun,24,Commissioner of Agriculture,,REP,Sid Miller,336
Calhoun,25,Commissioner of Agriculture,,REP,Sid Miller,354
Calhoun,1,Commissioner of Agriculture,,DEM,Jim Hogan,44
Calhoun,2,Commissioner of Agriculture,,DEM,Jim Hogan,112
Calhoun,3,Commissioner of Agriculture,,DEM,Jim Hogan,9
Calhoun,4,Commissioner of Agriculture,,DEM,Jim Hogan,69
Calhoun,5,Commissioner of Agriculture,,DEM,Jim Hogan,19
Calhoun,6,Commissioner of Agriculture,,DEM,Jim Hogan,43
Calhoun,7,Commissioner of Agriculture,,DEM,Jim Hogan,96
Calhoun,8,Commissioner of Agriculture,,DEM,Jim Hogan,57
Calhoun,9,Commissioner of Agriculture,,DEM,Jim Hogan,9
Calhoun,10,Commissioner of Agriculture,,DEM,Jim Hogan,23
Calhoun,11,Commissioner of Agriculture,,DEM,Jim Hogan,40
Calhoun,12,Commissioner of Agriculture,,DEM,Jim Hogan,177
Calhoun,13,Commissioner of Agriculture,,DEM,Jim Hogan,2
Calhoun,14,Commissioner of Agriculture,,DEM,Jim Hogan,29
Calhoun,15,Commissioner of Agriculture,,DEM,Jim Hogan,28
Calhoun,16,Commissioner of Agriculture,,DEM,Jim Hogan,109
Calhoun,17,Commissioner of Agriculture,,DEM,Jim Hogan,108
Calhoun,18,Commissioner of Agriculture,,DEM,Jim Hogan,47
Calhoun,19,Commissioner of Agriculture,,DEM,Jim Hogan,49
Calhoun,20,Commissioner of Agriculture,,DEM,Jim Hogan,10
Calhoun,21,Commissioner of Agriculture,,DEM,Jim Hogan,14
Calhoun,22,Commissioner of Agriculture,,DEM,Jim Hogan,38
Calhoun,23,Commissioner of Agriculture,,DEM,Jim Hogan,21
Calhoun,24,Commissioner of Agriculture,,DEM,Jim Hogan,142
Calhoun,25,Commissioner of Agriculture,,DEM,Jim Hogan,73
Calhoun,1,Commissioner of Agriculture,,LIB,David (Rocky) Palmquist,6
Calhoun,2,Commissioner of Agriculture,,LIB,David (Rocky) Palmquist,8
Calhoun,3,Commissioner of Agriculture,,LIB,David (Rocky) Palmquist,0
Calhoun,4,Commissioner of Agriculture,,LIB,David (Rocky) Palmquist,3
Calhoun,5,Commissioner of Agriculture,,LIB,David (Rocky) Palmquist,1
Calhoun,6,Commissioner of Agriculture,,LIB,David (Rocky) Palmquist,10
Calhoun,7,Commissioner of Agriculture,,LIB,David (Rocky) Palmquist,5
Calhoun,8,Commissioner of Agriculture,,LIB,David (Rocky) Palmquist,1
Calhoun,9,Commissioner of Agriculture,,LIB,David (Rocky) Palmquist,1
Calhoun,10,Commissioner of Agriculture,,LIB,David (Rocky) Palmquist,2
Calhoun,11,Commissioner of Agriculture,,LIB,David (Rocky) Palmquist,5
Calhoun,12,Commissioner of Agriculture,,LIB,David (Rocky) Palmquist,13
Calhoun,13,Commissioner of Agriculture,,LIB,David (Rocky) Palmquist,0
Calhoun,14,Commissioner of Agriculture,,LIB,David (Rocky) Palmquist,1
Calhoun,15,Commissioner of Agriculture,,LIB,David (Rocky) Palmquist,0
Calhoun,16,Commissioner of Agriculture,,LIB,David (Rocky) Palmquist,11
Calhoun,17,Commissioner of Agriculture,,LIB,David (Rocky) Palmquist,9
Calhoun,18,Commissioner of Agriculture,,LIB,David (Rocky) Palmquist,4
Calhoun,19,Commissioner of Agriculture,,LIB,David (Rocky) Palmquist,4
Calhoun,20,Commissioner of Agriculture,,LIB,David (Rocky) Palmquist,0
Calhoun,21,Commissioner of Agriculture,,LIB,David (Rocky) Palmquist,1
Calhoun,22,Commissioner of Agriculture,,LIB,David (Rocky) Palmquist,0
Calhoun,23,Commissioner of Agriculture,,LIB,David (Rocky) Palmquist,2
Calhoun,24,Commissioner of Agriculture,,LIB,David (Rocky) Palmquist,20
Calhoun,25,Commissioner of Agriculture,,LIB,David (Rocky) Palmquist,9
Calhoun,1,Commissioner of Agriculture,,GRN,Kenneth Kendrick,2
Calhoun,2,Commissioner of Agriculture,,GRN,Kenneth Kendrick,5
Calhoun,3,Commissioner of Agriculture,,GRN,Kenneth Kendrick,1
Calhoun,4,Commissioner of Agriculture,,GRN,Kenneth Kendrick,0
Calhoun,5,Commissioner of Agriculture,,GRN,Kenneth Kendrick,1
Calhoun,6,Commissioner of Agriculture,,GRN,Kenneth Kendrick,5
Calhoun,7,Commissioner of Agriculture,,GRN,Kenneth Kendrick,2
Calhoun,8,Commissioner of Agriculture,,GRN,Kenneth Kendrick,4
Calhoun,9,Commissioner of Agriculture,,GRN,Kenneth Kendrick,1
Calhoun,10,Commissioner of Agriculture,,GRN,Kenneth Kendrick,2
Calhoun,11,Commissioner of Agriculture,,GRN,Kenneth Kendrick,2
Calhoun,12,Commissioner of Agriculture,,GRN,Kenneth Kendrick,8
Calhoun,13,Commissioner of Agriculture,,GRN,Kenneth Kendrick,0
Calhoun,14,Commissioner of Agriculture,,GRN,Kenneth Kendrick,1
Calhoun,15,Commissioner of Agriculture,,GRN,Kenneth Kendrick,2
Calhoun,16,Commissioner of Agriculture,,GRN,Kenneth Kendrick,4
Calhoun,17,Commissioner of Agriculture,,GRN,Kenneth Kendrick,6
Calhoun,18,Commissioner of Agriculture,,GRN,Kenneth Kendrick,3
Calhoun,19,Commissioner of Agriculture,,GRN,Kenneth Kendrick,2
Calhoun,20,Commissioner of Agriculture,,GRN,Kenneth Kendrick,2
Calhoun,21,Commissioner of Agriculture,,GRN,Kenneth Kendrick,0
Calhoun,22,Commissioner of Agriculture,,GRN,Kenneth Kendrick,3
Calhoun,23,Commissioner of Agriculture,,GRN,Kenneth Kendrick,0
Calhoun,24,Commissioner of Agriculture,,GRN,Kenneth Kendrick,19
Calhoun,25,Commissioner of Agriculture,,GRN,Kenneth Kendrick,9
Calhoun,1,Railroad Commissioner,,REP,Ryan Sitton,16
Calhoun,2,Railroad Commissioner,,REP,Ryan Sitton,75
Calhoun,3,Railroad Commissioner,,REP,Ryan Sitton,3
Calhoun,4,Railroad Commissioner,,REP,Ryan Sitton,67
Calhoun,5,Railroad Commissioner,,REP,Ryan Sitton,58
Calhoun,6,Railroad Commissioner,,REP,Ryan Sitton,94
Calhoun,7,Railroad Commissioner,,REP,Ryan Sitton,68
Calhoun,8,Railroad Commissioner,,REP,Ryan Sitton,37
Calhoun,9,Railroad Commissioner,,REP,Ryan Sitton,3
Calhoun,10,Railroad Commissioner,,REP,Ryan Sitton,29
Calhoun,11,Railroad Commissioner,,REP,Ryan Sitton,75
Calhoun,12,Railroad Commissioner,,REP,Ryan Sitton,315
Calhoun,13,Railroad Commissioner,,REP,Ryan Sitton,4
Calhoun,14,Railroad Commissioner,,REP,Ryan Sitton,34
Calhoun,15,Railroad Commissioner,,REP,Ryan Sitton,30
Calhoun,16,Railroad Commissioner,,REP,Ryan Sitton,208
Calhoun,17,Railroad Commissioner,,REP,Ryan Sitton,178
Calhoun,18,Railroad Commissioner,,REP,Ryan Sitton,80
Calhoun,19,Railroad Commissioner,,REP,Ryan Sitton,158
Calhoun,20,Railroad Commissioner,,REP,Ryan Sitton,9
Calhoun,21,Railroad Commissioner,,REP,Ryan Sitton,35
Calhoun,22,Railroad Commissioner,,REP,Ryan Sitton,95
Calhoun,23,Railroad Commissioner,,REP,Ryan Sitton,62
Calhoun,24,Railroad Commissioner,,REP,Ryan Sitton,326
Calhoun,25,Railroad Commissioner,,REP,Ryan Sitton,367
Calhoun,1,Railroad Commissioner,,DEM,Steve Brown,43
Calhoun,2,Railroad Commissioner,,DEM,Steve Brown,109
Calhoun,3,Railroad Commissioner,,DEM,Steve Brown,8
Calhoun,4,Railroad Commissioner,,DEM,Steve Brown,59
Calhoun,5,Railroad Commissioner,,DEM,Steve Brown,22
Calhoun,6,Railroad Commissioner,,DEM,Steve Brown,43
Calhoun,7,Railroad Commissioner,,DEM,Steve Brown,87
Calhoun,8,Railroad Commissioner,,DEM,Steve Brown,54
Calhoun,9,Railroad Commissioner,,DEM,Steve Brown,10
Calhoun,10,Railroad Commissioner,,DEM,Steve Brown,20
Calhoun,11,Railroad Commissioner,,DEM,Steve Brown,37
Calhoun,12,Railroad Commissioner,,DEM,Steve Brown,154
Calhoun,13,Railroad Commissioner,,DEM,Steve Brown,2
Calhoun,14,Railroad Commissioner,,DEM,Steve Brown,30
Calhoun,15,Railroad Commissioner,,DEM,Steve Brown,27
Calhoun,16,Railroad Commissioner,,DEM,Steve Brown,103
Calhoun,17,Railroad Commissioner,,DEM,Steve Brown,109
Calhoun,18,Railroad Commissioner,,DEM,Steve Brown,44
Calhoun,19,Railroad Commissioner,,DEM,Steve Brown,42
Calhoun,20,Railroad Commissioner,,DEM,Steve Brown,11
Calhoun,21,Railroad Commissioner,,DEM,Steve Brown,11
Calhoun,22,Railroad Commissioner,,DEM,Steve Brown,34
Calhoun,23,Railroad Commissioner,,DEM,Steve Brown,23
Calhoun,24,Railroad Commissioner,,DEM,Steve Brown,138
Calhoun,25,Railroad Commissioner,,DEM,Steve Brown,67
Calhoun,1,Railroad Commissioner,,LIB,Mark A. Miller,4
Calhoun,2,Railroad Commissioner,,LIB,Mark A. Miller,5
Calhoun,3,Railroad Commissioner,,LIB,Mark A. Miller,1
Calhoun,4,Railroad Commissioner,,LIB,Mark A. Miller,5
Calhoun,5,Railroad Commissioner,,LIB,Mark A. Miller,0
Calhoun,6,Railroad Commissioner,,LIB,Mark A. Miller,10
Calhoun,7,Railroad Commissioner,,LIB,Mark A. Miller,6
Calhoun,8,Railroad Commissioner,,LIB,Mark A. Miller,1
Calhoun,9,Railroad Commissioner,,LIB,Mark A. Miller,1
Calhoun,10,Railroad Commissioner,,LIB,Mark A. Miller,5
Calhoun,11,Railroad Commissioner,,LIB,Mark A. Miller,5
Calhoun,12,Railroad Commissioner,,LIB,Mark A. Miller,17
Calhoun,13,Railroad Commissioner,,LIB,Mark A. Miller,0
Calhoun,14,Railroad Commissioner,,LIB,Mark A. Miller,0
Calhoun,15,Railroad Commissioner,,LIB,Mark A. Miller,2
Calhoun,16,Railroad Commissioner,,LIB,Mark A. Miller,14
Calhoun,17,Railroad Commissioner,,LIB,Mark A. Miller,10
Calhoun,18,Railroad Commissioner,,LIB,Mark A. Miller,3
Calhoun,19,Railroad Commissioner,,LIB,Mark A. Miller,9
Calhoun,20,Railroad Commissioner,,LIB,Mark A. Miller,0
Calhoun,21,Railroad Commissioner,,LIB,Mark A. Miller,1
Calhoun,22,Railroad Commissioner,,LIB,Mark A. Miller,2
Calhoun,23,Railroad Commissioner,,LIB,Mark A. Miller,4
Calhoun,24,Railroad Commissioner,,LIB,Mark A. Miller,32
Calhoun,25,Railroad Commissioner,,LIB,Mark A. Miller,5
Calhoun,1,Railroad Commissioner,,GRN,Martina Salinas,6
Calhoun,2,Railroad Commissioner,,GRN,Martina Salinas,14
Calhoun,3,Railroad Commissioner,,GRN,Martina Salinas,1
Calhoun,4,Railroad Commissioner,,GRN,Martina Salinas,8
Calhoun,5,Railroad Commissioner,,GRN,Martina Salinas,1
Calhoun,6,Railroad Commissioner,,GRN,Martina Salinas,6
Calhoun,7,Railroad Commissioner,,GRN,Martina Salinas,9
Calhoun,8,Railroad Commissioner,,GRN,Martina Salinas,7
Calhoun,9,Railroad Commissioner,,GRN,Martina Salinas,0
Calhoun,10,Railroad Commissioner,,GRN,Martina Salinas,1
Calhoun,11,Railroad Commissioner,,GRN,Martina Salinas,4
Calhoun,12,Railroad Commissioner,,GRN,Martina Salinas,14
Calhoun,13,Railroad Commissioner,,GRN,Martina Salinas,0
Calhoun,14,Railroad Commissioner,,GRN,Martina Salinas,0
Calhoun,15,Railroad Commissioner,,GRN,Martina Salinas,0
Calhoun,16,Railroad Commissioner,,GRN,Martina Salinas,12
Calhoun,17,Railroad Commissioner,,GRN,Martina Salinas,7
Calhoun,18,Railroad Commissioner,,GRN,Martina Salinas,3
Calhoun,19,Railroad Commissioner,,GRN,Martina Salinas,4
Calhoun,20,Railroad Commissioner,,GRN,Martina Salinas,2
Calhoun,21,Railroad Commissioner,,GRN,Martina Salinas,0
Calhoun,22,Railroad Commissioner,,GRN,Martina Salinas,3
Calhoun,23,Railroad Commissioner,,GRN,Martina Salinas,1
Calhoun,24,Railroad Commissioner,,GRN,Martina Salinas,12
Calhoun,25,Railroad Commissioner,,GRN,Martina Salinas,8
Calhoun,1,State Representative,30,REP,Geanie W. Morrison,33
Calhoun,2,State Representative,30,REP,Geanie W. Morrison,120
Calhoun,3,State Representative,30,REP,Geanie W. Morrison,5
Calhoun,4,State Representative,30,REP,Geanie W. Morrison,94
Calhoun,5,State Representative,30,REP,Geanie W. Morrison,68
Calhoun,6,State Representative,30,REP,Geanie W. Morrison,126
Calhoun,7,State Representative,30,REP,Geanie W. Morrison,98
Calhoun,8,State Representative,30,REP,Geanie W. Morrison,52
Calhoun,9,State Representative,30,REP,Geanie W. Morrison,6
Calhoun,10,State Representative,30,REP,Geanie W. Morrison,34
Calhoun,11,State Representative,30,REP,Geanie W. Morrison,92
Calhoun,12,State Representative,30,REP,Geanie W. Morrison,387
Calhoun,13,State Representative,30,REP,Geanie W. Morrison,6
Calhoun,14,State Representative,30,REP,Geanie W. Morrison,39
Calhoun,15,State Representative,30,REP,Geanie W. Morrison,39
Calhoun,16,State Representative,30,REP,Geanie W. Morrison,269
Calhoun,17,State Representative,30,REP,Geanie W. Morrison,234
Calhoun,18,State Representative,30,REP,Geanie W. Morrison,109
Calhoun,19,State Representative,30,REP,Geanie W. Morrison,185
Calhoun,20,State Representative,30,REP,Geanie W. Morrison,14
Calhoun,21,State Representative,30,REP,Geanie W. Morrison,45
Calhoun,22,State Representative,30,REP,Geanie W. Morrison,114
Calhoun,23,State Representative,30,REP,Geanie W. Morrison,78
Calhoun,24,State Representative,30,REP,Geanie W. Morrison,404
Calhoun,25,State Representative,30,REP,Geanie W. Morrison,392