county,precinct,office,district,party,candidate,votes,early_votes,election_day,absentee
Jack,1,Registered Voters,,,,1124,,,
Jack,1,Ballots Cast,,REP,,408,,,
Jack,1,Ballots Cast,,DEM,,43,,,
Jack,1,President,,DEM,Over Votes,0,0,0,0
Jack,1,President,,DEM,Under Votes,1,0,1,0
Jack,1,President,,DEM,Marianne Williamson,0,0,0,0
Jack,1,President,,DEM,Julian Castro,0,0,0,0
Jack,1,President,,DEM,Elizabeth Warren,2,0,1,1
Jack,1,President,,DEM,Michael Bennet,0,0,0,0
Jack,1,President,,DEM,Amy Klobuchar,3,1,0,2
Jack,1,President,,DEM,Joseph R. Biden,22,3,14,5
Jack,1,President,,DEM,John K. Delaney,0,0,0,0
Jack,1,President,,DEM,Deval Patrick,0,0,0,0
Jack,1,President,,DEM,Bernie Sanders,9,4,5,0
Jack,1,President,,DEM,Tom Steyer,0,0,0,0
Jack,1,President,,DEM,Tulsi Gabbard,0,0,0,0
Jack,1,President,,DEM,Michael R. Bloomberg,6,2,1,3
Jack,1,President,,DEM,Pete Buttigieg,0,0,0,0
Jack,1,President,,DEM,Robby Wells,0,0,0,0
Jack,1,President,,DEM,"Roque ""Rocky"" De La Fuente",0,0,0,0
Jack,1,President,,DEM,Cory Booker,0,0,0,0
Jack,1,President,,DEM,Andrew Yang,0,0,0,0
Jack,1,U.S. Senate,,DEM,Over Votes,0,0,0,0
Jack,1,U.S. Senate,,DEM,Under Votes,6,1,4,1
Jack,1,U.S. Senate,,DEM,D.R. Hunter,2,0,2,0
Jack,1,U.S. Senate,,DEM,"Mary ""MJ"" Hegar",19,3,10,6
Jack,1,U.S. Senate,,DEM,Adrian Ocegueda,0,0,0,0
Jack,1,U.S. Senate,,DEM,Royce West,1,1,0,0
Jack,1,U.S. Senate,,DEM,Amanda K. Edwards,3,1,2,0
Jack,1,U.S. Senate,,DEM,Jack Daniel Foster Jr,1,1,0,0
Jack,1,U.S. Senate,,DEM,Sema Hernandez,2,1,1,0
Jack,1,U.S. Senate,,DEM,Chris Bell,3,1,2,0
Jack,1,U.S. Senate,,DEM,"Annie ""Mam"" Garcia",1,1,0,0
Jack,1,U.S. Senate,,DEM,Cristina Tzintzun Ramirez,2,0,1,1
Jack,1,U.S. Senate,,DEM,Victor Hugo Harris,1,0,0,1
Jack,1,U.S. Senate,,DEM,Michael Cooper,2,0,0,2
Jack,1,U.S. House,13,DEM,Over Votes,0,0,0,0
Jack,1,U.S. House,13,DEM,Under Votes,10,3,3,4
Jack,1,U.S. House,13,DEM,Timothy W. Gassaway,16,1,9,6
Jack,1,U.S. House,13,DEM,Gus Trujillo,10,3,6,1
Jack,1,U.S. House,13,DEM,Greg Sagan,7,3,4,0
Jack,1,Railroad Commissioner,,DEM,Over Votes,0,0,0,0
Jack,1,Railroad Commissioner,,DEM,Under Votes,7,1,5,1
Jack,1,Railroad Commissioner,,DEM,"Roberto R. ""Beto"" Alonzo",9,3,6,0
Jack,1,Railroad Commissioner,,DEM,Kelly Stone,6,1,3,2
Jack,1,Railroad Commissioner,,DEM,Mark Watson,11,2,4,5
Jack,1,Railroad Commissioner,,DEM,Chrysta Castaeda,10,3,4,3
Jack,1,"Chief Justice, Supreme Court",,DEM,Over Votes,0,0,0,0
Jack,1,"Chief Justice, Supreme Court",,DEM,Under Votes,5,1,3,1
Jack,1,"Chief Justice, Supreme Court",,DEM,Amy Clark Meachum,30,6,16,8
Jack,1,"Chief Justice, Supreme Court",,DEM,Jerry Zimmerer,8,3,3,2
Jack,1,"Justice, Supreme Court, Place 6 Unexpired Term",,DEM,Over Votes,0,0,0,0
Jack,1,"Justice, Supreme Court, Place 6 Unexpired Term",,DEM,Under Votes,6,1,4,1
Jack,1,"Justice, Supreme Court, Place 6 Unexpired Term",,DEM,Larry Praeger,19,5,10,4
Jack,1,"Justice, Supreme Court, Place 6 Unexpired Term",,DEM,Kathy Cheng,18,4,8,6
Jack,1,"Justice, Supreme Court, Place 7",,DEM,Over Votes,0,0,0,0
Jack,1,"Justice, Supreme Court, Place 7",,DEM,Under Votes,6,2,3,1
Jack,1,"Justice, Supreme Court, Place 7",,DEM,Brandy Voss,17,4,8,5
Jack,1,"Justice, Supreme Court, Place 7",,DEM,Staci Williams,20,4,11,5
Jack,1,"Justice, Supreme Court, Place 8",,DEM,Over Votes,0,0,0,0
Jack,1,"Justice, Supreme Court, Place 8",,DEM,Under Votes,5,1,3,1
Jack,1,"Justice, Supreme Court, Place 8",,DEM,Gisela D. Triana,22,5,12,5
Jack,1,"Justice, Supreme Court, Place 8",,DEM,Peter Kelly,16,4,7,5
Jack,1,"Judge, Court of Criminal Appeals, Place 3",,DEM,Over Votes,0,0,0,0
Jack,1,"Judge, Court of Criminal Appeals, Place 3",,DEM,Under Votes,7,1,5,1
Jack,1,"Judge, Court of Criminal Appeals, Place 3",,DEM,Dan Wood,7,2,4,1
Jack,1,"Judge, Court of Criminal Appeals, Place 3",,DEM,Elizabeth Davis Frizell,24,3,13,8
Jack,1,"Judge, Court of Criminal Appeals, Place 3",,DEM,William Pieratt Demond,5,4,0,1
Jack,1,"Judge, Court of Criminal Appeals, Place 4",,DEM,Over Votes,0,0,0,0
Jack,1,"Judge, Court of Criminal Appeals, Place 4",,DEM,Under Votes,7,1,5,1
Jack,1,"Judge, Court of Criminal Appeals, Place 4",,DEM,Tina Clinton,30,7,15,8
Jack,1,"Judge, Court of Criminal Appeals, Place 4",,DEM,Steven Miears,6,2,2,2
Jack,1,"Judge, Court of Criminal Appeals, Place 9",,DEM,Over Votes,0,0,0,0
Jack,1,"Judge, Court of Criminal Appeals, Place 9",,DEM,Under Votes,11,1,8,2
Jack,1,"Judge, Court of Criminal Appeals, Place 9",,DEM,Brandon Birmingham,32,9,14,9
Jack,1,"Member, State Board of Education",14,DEM,Over Votes,0,0,0,0
Jack,1,"Member, State Board of Education",14,DEM,Under Votes,10,1,7,2
Jack,1,"Member, State Board of Education",14,DEM,Greg Alvord,33,9,15,9
Jack,1,State Representative,68,DEM,Over Votes,0,0,0,0
Jack,1,State Representative,68,DEM,Under Votes,10,1,7,2
Jack,1,State Representative,68,DEM,Patsy Ledbetter,33,9,15,9
Jack,1,"Justice, 2nd Court of Appeals District, Place 6",,DEM,Over Votes,0,0,0,0
Jack,1,"Justice, 2nd Court of Appeals District, Place 6",,DEM,Under Votes,12,2,8,2
Jack,1,"Justice, 2nd Court of Appeals District, Place 6",,DEM,Delonia A. Watson,31,8,14,9
Jack,1,County Chairman,,DEM,Over Votes,0,0,0,0
Jack,1,County Chairman,,DEM,Under Votes,11,2,7,2
Jack,1,County Chairman,,DEM,John Barry IV,32,8,15,9
Jack,1,Registered Voters,,,,1124,,,
Jack,1,Ballots Cast,,REP,,408,,,
Jack,1,Ballots Cast,,DEM,,43,,,
Jack,1,President,,REP,Over Votes,0,0,0,0
Jack,1,President,,REP,Under Votes,5,3,2,0
Jack,1,President,,REP,Joe Walsh,1,1,0,0
Jack,1,President,,REP,"Roque ""Rocky"" De La Fuente Guerra",0,0,0,0
Jack,1,President,,REP,Donald J. Trump,386,224,126,36
Jack,1,President,,REP,Bill Weld,2,2,0,0
Jack,1,President,,REP,Matthew John Matern,0,0,0,0
Jack,1,President,,REP,Zoltan G. Istvan,0,0,0,0
Jack,1,President,,REP,Bob Ely,0,0,0,0
Jack,1,President,,REP,Uncommitted,14,5,7,2
Jack,1,U.S. Senate,,REP,Over Votes,0,0,0,0
Jack,1,U.S. Senate,,REP,Under Votes,40,17,20,3
Jack,1,U.S. Senate,,REP,Mark Yancey,29,17,9,3
Jack,1,U.S. Senate,,REP,John Anthony Castro,15,9,6,0
Jack,1,U.S. Senate,,REP,John Cornyn,285,168,85,32
Jack,1,U.S. Senate,,REP,Virgil Bierschwale,2,2,0,0
Jack,1,U.S. Senate,,REP,Dwayne Stovall,37,22,15,0
Jack,1,U.S. House,13,REP,Over Votes,1,0,0,1
Jack,1,U.S. House,13,REP,Under Votes,56,30,17,9
Jack,1,U.S. House,13,REP,Chris Ekstrom,72,40,26,6
Jack,1,U.S. House,13,REP,Elaine Hays,51,34,14,3
Jack,1,U.S. House,13,REP,Monique Worthy,3,1,2,0
Jack,1,U.S. House,13,REP,Diane Knowlton,14,5,8,1
Jack,1,U.S. House,13,REP,Matt McArthur,18,8,10,0
Jack,1,U.S. House,13,REP,Jamie Culley,3,1,2,0
Jack,1,U.S. House,13,REP,Josh Winegarner,134,86,36,12
Jack,1,U.S. House,13,REP,"Cartherine ""I Swear"" Carr",0,0,0,0
Jack,1,U.S. House,13,REP,Jason Foglesong,0,0,0,0
Jack,1,U.S. House,13,REP,Asusena Resndiz,0,0,0,0
Jack,1,U.S. House,13,REP,Vance Snider II,6,6,0,0
Jack,1,U.S. House,13,REP,Lee Harvey,8,6,2,0
Jack,1,U.S. House,13,REP,Mark Neese,13,7,3,3
Jack,1,U.S. House,13,REP,Richard Herman,1,0,1,0
Jack,1,U.S. House,13,REP,Ronny Jackson,28,11,14,3
Jack,1,Railroad Commissioner,,REP,Over Votes,0,0,0,0
Jack,1,Railroad Commissioner,,REP,Under Votes,81,43,24,14
Jack,1,Railroad Commissioner,,REP,Ryan Sitton,135,71,46,18
Jack,1,Railroad Commissioner,,REP,"James ""Jim"" Wright",192,121,65,6
Jack,1,"Chief Justice, Supreme Court",,REP,Over Votes,0,0,0,0
Jack,1,"Chief Justice, Supreme Court",,REP,Under Votes,86,44,29,13
Jack,1,"Chief Justice, Supreme Court",,REP,Nathan Hecht,322,191,106,25
Jack,1,"Justice, Supreme Court, Place 6 Unexpired Term",,REP,Over Votes,0,0,0,0
Jack,1,"Justice, Supreme Court, Place 6 Unexpired Term",,REP,Under Votes,90,51,26,13
Jack,1,"Justice, Supreme Court, Place 6 Unexpired Term",,REP,Jane Bland,318,184,109,25
Jack,1,"Justice, Supreme Court, Place 7",,REP,Over Votes,0,0,0,0
Jack,1,"Justice, Supreme Court, Place 7",,REP,Under Votes,91,50,28,13
Jack,1,"Justice, Supreme Court, Place 7",,REP,Jeff Boyd,317,185,107,25
Jack,1,"Justice, Supreme Court, Place 8",,REP,Over Votes,0,0,0,0
Jack,1,"Justice, Supreme Court, Place 8",,REP,Under Votes,90,48,29,13
Jack,1,"Justice, Supreme Court, Place 8",,REP,Brett Busby,318,187,106,25
Jack,1,"Judge, Court of Criminal Appeals, Place 3",,REP,Over Votes,0,0,0,0
Jack,1,"Judge, Court of Criminal Appeals, Place 3",,REP,Under Votes,99,50,33,16
Jack,1,"Judge, Court of Criminal Appeals, Place 3",,REP,Bert Richardson,194,120,58,16
Jack,1,"Judge, Court of Criminal Appeals, Place 3",,REP,Over Votes,0,0,0,0
Jack,1,"Judge, Court of Criminal Appeals, Place 3",,REP,Under Votes,99,50,33,16
Jack,1,"Judge, Court of Criminal Appeals, Place 3",,REP,Gina Parker,115,65,44,6
Jack,1,"Judge, Court of Criminal Appeals, Place 4",,REP,Over Votes,0,0,0,0
Jack,1,"Judge, Court of Criminal Appeals, Place 4",,REP,Under Votes,94,49,32,13
Jack,1,"Judge, Court of Criminal Appeals, Place 4",,REP,Kevin Patrick Yeary,314,186,103,25
Jack,1,"Judge, Court of Criminal Appeals, Place 9",,REP,Over Votes,0,0,0,0
Jack,1,"Judge, Court of Criminal Appeals, Place 9",,REP,Under Votes,95,52,30,13
Jack,1,"Judge, Court of Criminal Appeals, Place 9",,REP,David Newell,313,183,105,25
Jack,1,"Member, State Board of Education",14,REP,Over Votes,0,0,0,0
Jack,1,"Member, State Board of Education",14,REP,Under Votes,104,53,35,16
Jack,1,"Member, State Board of Education",14,REP,Maria Y. Berry,121,76,38,7
Jack,1,"Member, State Board of Education",14,REP,Sue Melton-Malone,183,106,62,15
Jack,1,State Representative,68,REP,Over Votes,0,0,0,0
Jack,1,State Representative,68,REP,Under Votes,69,32,25,12
Jack,1,State Representative,68,REP,Drew Springer,339,203,110,26
Jack,1,"Justice, 2nd Court of Appeals District, Place 2",,REP,Over Votes,0,0,0,0
Jack,1,"Justice, 2nd Court of Appeals District, Place 2",,REP,Under Votes,94,50,30,14
Jack,1,"Justice, 2nd Court of Appeals District, Place 2",,REP,Dana Womack,314,185,105,24
Jack,1,"Justice, 2nd Court of Appeals District, Place 6",,REP,Over Votes,0,0,0,0
Jack,1,"Justice, 2nd Court of Appeals District, Place 6",,REP,Under Votes,94,47,34,13
Jack,1,"Justice, 2nd Court of Appeals District, Place 6",,REP,Mike Wallach,314,188,101,25
Jack,1,"Justice, 2nd Court of Appeals District, Place 7",,REP,Over Votes,0,0,0,0
Jack,1,"Justice, 2nd Court of Appeals District, Place 7",,REP,Under Votes,112,56,40,16
Jack,1,"Justice, 2nd Court of Appeals District, Place 7",,REP,John P. Chupp,72,43,20,9
Jack,1,"Justice, 2nd Court of Appeals District, Place 7",,REP,Brian Walker,154,96,51,7
Jack,1,"Justice, 2nd Court of Appeals District, Place 7",,REP,Elizabeth Beach,70,40,24,6
Jack,1,"District Attorney, 271st Judicial District",,REP,Over Votes,0,0,0,0
Jack,1,"District Attorney, 271st Judicial District",,REP,Under Votes,80,42,29,9
Jack,1,"District Attorney, 271st Judicial District",,REP,Greg Lowery,328,193,106,29
Jack,1,County Attorney,,REP,Over Votes,0,0,0,0
Jack,1,County Attorney,,REP,Under Votes,62,28,23,11
Jack,1,County Attorney,,REP,Brad Dixon,346,207,112,27
Jack,1,Sheriff,,REP,Over Votes,1,0,0,1
Jack,1,Sheriff,,REP,Under Votes,17,8,6,3
Jack,1,Sheriff,,REP,Robert Charles (R. C.) Langford,192,112,63,17
Jack,1,Sheriff,,REP,Tom Spurlock,198,115,66,17
Jack,1,County Tax Assessor-Collector,,REP,Over Votes,0,0,0,0
Jack,1,County Tax Assessor-Collector,,REP,Under Votes,50,21,18,11
Jack,1,County Tax Assessor-Collector,,REP,Sharon Robinson,358,214,117,27
Jack,1,"County Commissioner, Precinct 1",,REP,Over Votes,0,0,0,0
Jack,1,"County Commissioner, Precinct 1",,REP,Under Votes,13,5,6,2
Jack,1,"County Commissioner, Precinct 1",,REP,Gary Oliver,293,168,96,29
Jack,1,"County Commissioner, Precinct 1",,REP,Brian Isbell,102,62,33,7
Jack,1,Constable,,REP,Over Votes,0,0,0,0
Jack,1,Constable,,REP,Under Votes,54,27,19,8
Jack,1,Constable,,REP,Clyde E. Watson,354,208,116,30
Jack,1,County Chairman,,REP,Over Votes,0,0,0,0
Jack,1,County Chairman,,REP,Under Votes,65,32,20,13
Jack,1,County Chairman,,REP,Sharon Van Baale,343,203,115,25
Jack,1,Proposition #1,,DEM,Over Votes,0,0,0,0
Jack,1,Proposition #1,,DEM,Under Votes,3,0,3,0
Jack,1,Proposition #1,,DEM,Yes,38,9,18,11
Jack,1,Proposition #1,,DEM,No,2,1,1,0
Jack,1,Proposition #2,,DEM,Over Votes,0,0,0,0
Jack,1,Proposition #2,,DEM,Under Votes,2,0,2,0
Jack,1,Proposition #2,,DEM,Yes,40,9,20,11
Jack,1,Proposition #2,,DEM,No,1,1,0,0
Jack,1,Proposition #3,,DEM,Over Votes,0,0,0,0
Jack,1,Proposition #3,,DEM,Under Votes,1,0,1,0
Jack,1,Proposition #3,,DEM,Yes,40,9,20,11
Jack,1,Proposition #3,,DEM,No,2,1,1,0
Jack,1,Proposition #4,,DEM,Over Votes,0,0,0,0
Jack,1,Proposition #4,,DEM,Under Votes,1,0,1,0
Jack,1,Proposition #4,,DEM,Yes,41,9,21,11
Jack,1,Proposition #4,,DEM,No,1,1,0,0
Jack,1,Proposition #5,,DEM,Over Votes,0,0,0,0
Jack,1,Proposition #5,,DEM,Under Votes,1,0,1,0
Jack,1,Proposition #5,,DEM,Yes,40,9,20,11
Jack,1,Proposition #5,,DEM,No,2,1,1,0
Jack,1,Proposition #6,,DEM,Over Votes,0,0,0,0
Jack,1,Proposition #6,,DEM,Under Votes,2,0,2,0
Jack,1,Proposition #6,,DEM,Yes,41,10,20,11
Jack,1,Proposition #6,,DEM,No,0,0,0,0
Jack,1,Proposition #7,,DEM,Over Votes,0,0,0,0
Jack,1,Proposition #7,,DEM,Under Votes,2,0,2,0
Jack,1,Proposition #7,,DEM,Yes,39,9,19,11
Jack,1,Proposition #7,,DEM,No,2,1,1,0
Jack,1,Proposition #8,,DEM,Over Votes,0,0,0,0
Jack,1,Proposition #8,,DEM,Under Votes,1,0,1,0
Jack,1,Proposition #8,,DEM,Yes,39,9,21,9
Jack,1,Proposition #8,,DEM,No,1,1,0,0
Jack,1,Proposition #9,,DEM,Over Votes,0,0,0,0
Jack,1,Proposition #9,,DEM,Under Votes,2,0,2,0
Jack,1,Proposition #9,,DEM,Yes,38,9,20,9
Jack,1,Proposition #9,,DEM,No,1,1,0,0
Jack,1,Proposition #10,,DEM,Over Votes,0,0,0,0
Jack,1,Proposition #10,,DEM,Under Votes,1,0,1,0
Jack,1,Proposition #10,,DEM,Yes,38,9,21,8
Jack,1,Proposition #10,,DEM,No,2,1,0,1
Jack,1,Proposition #11,,DEM,Over Votes,0,0,0,0
Jack,1,Proposition #11,,DEM,Under Votes,3,0,3,0
Jack,1,Proposition #11,,DEM,Yes,36,8,19,9
Jack,1,Proposition #11,,DEM,No,2,2,0,0
Jack,1,Proposition 1,,REP,Over Votes,0,0,0,0
Jack,1,Proposition 1,,REP,Under Votes,18,8,8,2
Jack,1,Proposition 1,,REP,Yes,327,201,94,32
Jack,1,Proposition 1,,REP,No,63,26,33,4
Jack,1,Proposition 2,,REP,Over Votes,1,0,0,1
Jack,1,Proposition 2,,REP,Under Votes,22,8,9,5
Jack,1,Proposition 2,,REP,Yes,322,191,102,29
Jack,1,Proposition 2,,REP,No,63,36,24,3
Jack,1,Proposition 3,,REP,Over Votes,0,0,0,0
Jack,1,Proposition 3,,REP,Under Votes,36,17,14,5
Jack,1,Proposition 3,,REP,Yes,343,201,110,32
Jack,1,Proposition 3,,REP,No,29,17,11,1
Jack,1,Proposition 4,,REP,Over Votes,0,0,0,0
Jack,1,Proposition 4,,REP,Under Votes,27,11,12,4
Jack,1,Proposition 4,,REP,Yes,368,216,119,33
Jack,1,Proposition 4,,REP,No,13,8,4,1
Jack,1,Proposition 5,,REP,Over Votes,0,0,0,0
Jack,1,Proposition 5,,REP,Under Votes,32,13,13,6
Jack,1,Proposition 5,,REP,Yes,349,206,114,29
Jack,1,Proposition 5,,REP,No,27,16,8,3
Jack,1,Proposition 6,,REP,Over Votes,2,0,0,2
Jack,1,Proposition 6,,REP,Under Votes,26,14,8,4
Jack,1,Proposition 6,,REP,Yes,363,211,120,32
Jack,1,Proposition 6,,REP,No,17,10,7,0
Jack,1,Proposition 7,,REP,Over Votes,0,0,0,0
Jack,1,Proposition 7,,REP,Under Votes,22,11,9,2
Jack,1,Proposition 7,,REP,Yes,385,223,126,36
Jack,1,Proposition 7,,REP,No,1,1,0,0
Jack,1,Proposition 8,,REP,Over Votes,0,0,0,0
Jack,1,Proposition 8,,REP,Under Votes,28,12,14,2
Jack,1,Proposition 8,,REP,Yes,379,222,121,36
Jack,1,Proposition 8,,REP,No,1,1,0,0
Jack,1,Proposition 9,,REP,Over Votes,0,0,0,0
Jack,1,Proposition 9,,REP,Under Votes,26,10,14,2
Jack,1,Proposition 9,,REP,Yes,358,212,114,32
Jack,1,Proposition 9,,REP,No,24,13,7,4
Jack,1,Proposition 10,,REP,Over Votes,0,0,0,0
Jack,1,Proposition 10,,REP,Under Votes,34,14,17,3
Jack,1,Proposition 10,,REP,Yes,353,208,113,32
Jack,1,Proposition 10,,REP,No,21,13,5,3
Jack,2,Registered Voters,,,,1063,,,
Jack,2,Ballots Cast,,REP,,333,,,
Jack,2,Ballots Cast,,DEM,,34,,,
Jack,2,President,,DEM,Over Votes,0,0,0,0
Jack,2,President,,DEM,Under Votes,0,0,0,0
Jack,2,President,,DEM,Marianne Williamson,1,1,0,0
Jack,2,President,,DEM,Julian Castro,0,0,0,0
Jack,2,President,,DEM,Elizabeth Warren,3,0,3,0
Jack,2,President,,DEM,Michael Bennet,0,0,0,0
Jack,2,President,,DEM,Amy Klobuchar,2,1,0,1
Jack,2,President,,DEM,Joseph R. Biden,13,8,4,1
Jack,2,President,,DEM,John K. Delaney,0,0,0,0
Jack,2,President,,DEM,Deval Patrick,0,0,0,0
Jack,2,President,,DEM,Bernie Sanders,3,0,1,2
Jack,2,President,,DEM,Tom Steyer,1,1,0,0
Jack,2,President,,DEM,Tulsi Gabbard,1,0,1,0
Jack,2,President,,DEM,Michael R. Bloomberg,8,1,3,4
Jack,2,President,,DEM,Pete Buttigieg,2,2,0,0
Jack,2,President,,DEM,Robby Wells,0,0,0,0
Jack,2,President,,DEM,"Roque ""Rocky"" De La Fuente",0,0,0,0
Jack,2,President,,DEM,Cory Booker,0,0,0,0
Jack,2,President,,DEM,Andrew Yang,0,0,0,0
Jack,2,U.S. Senate,,DEM,Over Votes,0,0,0,0
Jack,2,U.S. Senate,,DEM,Under Votes,7,5,1,1
Jack,2,U.S. Senate,,DEM,D.R. Hunter,0,0,0,0
Jack,2,U.S. Senate,,DEM,"Mary ""MJ"" Hegar",12,5,5,2
Jack,2,U.S. Senate,,DEM,Adrian Ocegueda,1,0,1,0
Jack,2,U.S. Senate,,DEM,Royce West,5,1,2,2
Jack,2,U.S. Senate,,DEM,Amanda K. Edwards,3,2,0,1
Jack,2,U.S. Senate,,DEM,Jack Daniel Foster Jr,0,0,0,0
Jack,2,U.S. Senate,,DEM,Sema Hernandez,1,0,1,0
Jack,2,U.S. Senate,,DEM,Chris Bell,2,1,1,0
Jack,2,U.S. Senate,,DEM,"Annie ""Mam"" Garcia",1,0,0,1
Jack,2,U.S. Senate,,DEM,Cristina Tzintzun Ramirez,0,0,0,0
Jack,2,U.S. Senate,,DEM,Victor Hugo Harris,2,0,1,1
Jack,2,U.S. Senate,,DEM,Michael Cooper,0,0,0,0
Jack,2,U.S. House,13,DEM,Over Votes,0,0,0,0
Jack,2,U.S. House,13,DEM,Under Votes,7,4,1,2
Jack,2,U.S. House,13,DEM,Timothy W. Gassaway,5,2,0,3
Jack,2,U.S. House,13,DEM,Gus Trujillo,9,1,7,1
Jack,2,U.S. House,13,DEM,Greg Sagan,13,7,4,2
Jack,2,Railroad Commissioner,,DEM,Over Votes,0,0,0,0
Jack,2,Railroad Commissioner,,DEM,Under Votes,8,4,3,1
Jack,2,Railroad Commissioner,,DEM,"Roberto R. ""Beto"" Alonzo",7,5,1,1
Jack,2,Railroad Commissioner,,DEM,Kelly Stone,11,2,3,6
Jack,2,Railroad Commissioner,,DEM,Mark Watson,3,2,1,0
Jack,2,Railroad Commissioner,,DEM,Chrysta Castaeda,5,1,4,0
Jack,2,"Chief Justice, Supreme Court",,DEM,Over Votes,0,0,0,0
Jack,2,"Chief Justice, Supreme Court",,DEM,Under Votes,7,5,1,1
Jack,2,"Chief Justice, Supreme Court",,DEM,Amy Clark Meachum,18,4,7,7
Jack,2,"Chief Justice, Supreme Court",,DEM,Jerry Zimmerer,9,5,4,0
Jack,2,"Justice, Supreme Court, Place 6 Unexpired Term",,DEM,Over Votes,0,0,0,0
Jack,2,"Justice, Supreme Court, Place 6 Unexpired Term",,DEM,Under Votes,7,5,1,1
Jack,2,"Justice, Supreme Court, Place 6 Unexpired Term",,DEM,Larry Praeger,11,5,4,2
Jack,2,"Justice, Supreme Court, Place 6 Unexpired Term",,DEM,Kathy Cheng,16,4,7,5
Jack,2,"Justice, Supreme Court, Place 7",,DEM,Over Votes,0,0,0,0
Jack,2,"Justice, Supreme Court, Place 7",,DEM,Under Votes,7,4,2,1
Jack,2,"Justice, Supreme Court, Place 7",,DEM,Brandy Voss,10,5,5,0
Jack,2,"Justice, Supreme Court, Place 7",,DEM,Staci Williams,17,5,5,7
Jack,2,"Justice, Supreme Court, Place 8",,DEM,Over Votes,0,0,0,0
Jack,2,"Justice, Supreme Court, Place 8",,DEM,Under Votes,7,5,1,1
Jack,2,"Justice, Supreme Court, Place 8",,DEM,Gisela D. Triana,12,1,6,5
Jack,2,"Justice, Supreme Court, Place 8",,DEM,Peter Kelly,15,8,5,2
Jack,2,"Judge, Court of Criminal Appeals, Place 3",,DEM,Over Votes,0,0,0,0
Jack,2,"Judge, Court of Criminal Appeals, Place 3",,DEM,Under Votes,7,4,2,1
Jack,2,"Judge, Court of Criminal Appeals, Place 3",,DEM,Dan Wood,13,6,4,3
Jack,2,"Judge, Court of Criminal Appeals, Place 3",,DEM,Elizabeth Davis Frizell,13,3,6,4
Jack,2,"Judge, Court of Criminal Appeals, Place 3",,DEM,William Pieratt Demond,1,1,0,0
Jack,2,"Judge, Court of Criminal Appeals, Place 4",,DEM,Over Votes,0,0,0,0
Jack,2,"Judge, Court of Criminal Appeals, Place 4",,DEM,Under Votes,8,6,1,1
Jack,2,"Judge, Court of Criminal Appeals, Place 4",,DEM,Tina Clinton,16,4,6,6
Jack,2,"Judge, Court of Criminal Appeals, Place 4",,DEM,Steven Miears,10,4,5,1
Jack,2,"Judge, Court of Criminal Appeals, Place 9",,DEM,Over Votes,0,0,0,0
Jack,2,"Judge, Court of Criminal Appeals, Place 9",,DEM,Under Votes,10,7,2,1
Jack,2,"Judge, Court of Criminal Appeals, Place 9",,DEM,Brandon Birmingham,24,7,10,7
Jack,2,"Member, State Board of Education",14,DEM,Over Votes,0,0,0,0
Jack,2,"Member, State Board of Education",14,DEM,Under Votes,10,7,2,1
Jack,2,"Member, State Board of Education",14,DEM,Greg Alvord,24,7,10,7
Jack,2,State Representative,68,DEM,Over Votes,0,0,0,0
Jack,2,State Representative,68,DEM,Under Votes,10,7,2,1
Jack,2,State Representative,68,DEM,Patsy Ledbetter,24,7,10,7
Jack,2,"Justice, 2nd Court of Appeals District, Place 6",,DEM,Over Votes,0,0,0,0
Jack,2,"Justice, 2nd Court of Appeals District, Place 6",,DEM,Under Votes,10,7,2,1
Jack,2,"Justice, 2nd Court of Appeals District, Place 6",,DEM,Delonia A. Watson,24,7,10,7
Jack,2,County Chairman,,DEM,Over Votes,0,0,0,0
Jack,2,County Chairman,,DEM,Under Votes,10,7,2,1
Jack,2,County Chairman,,DEM,John Barry IV,24,7,10,7
Jack,2,Registered Voters,,,,1063,,,
Jack,2,Ballots Cast,,REP,,333,,,
Jack,2,Ballots Cast,,DEM,,34,,,
Jack,2,President,,REP,Over Votes,0,0,0,0
Jack,2,President,,REP,Under Votes,1,1,0,0
Jack,2,President,,REP,Joe Walsh,1,0,1,0
Jack,2,President,,REP,"Roque ""Rocky"" De La Fuente Guerra",1,1,0,0
Jack,2,President,,REP,Donald J. Trump,321,102,193,26
Jack,2,President,,REP,Bill Weld,2,0,2,0
Jack,2,President,,REP,Matthew John Matern,0,0,0,0
Jack,2,President,,REP,Zoltan G. Istvan,0,0,0,0
Jack,2,President,,REP,Bob Ely,0,0,0,0
Jack,2,President,,REP,Uncommitted,7,0,7,0
Jack,2,U.S. Senate,,REP,Over Votes,0,0,0,0
Jack,2,U.S. Senate,,REP,Under Votes,32,7,23,2
Jack,2,U.S. Senate,,REP,Mark Yancey,31,10,21,0
Jack,2,U.S. Senate,,REP,John Anthony Castro,13,2,11,0
Jack,2,U.S. Senate,,REP,John Cornyn,218,73,125,20
Jack,2,U.S. Senate,,REP,Virgil Bierschwale,6,2,4,0
Jack,2,U.S. Senate,,REP,Dwayne Stovall,33,10,19,4
Jack,2,U.S. House,13,REP,Over Votes,0,0,0,0
Jack,2,U.S. House,13,REP,Under Votes,53,13,37,3
Jack,2,U.S. House,13,REP,Chris Ekstrom,52,10,39,3
Jack,2,U.S. House,13,REP,Elaine Hays,50,20,30,0
Jack,2,U.S. House,13,REP,Monique Worthy,4,3,1,0
Jack,2,U.S. House,13,REP,Diane Knowlton,12,2,9,1
Jack,2,U.S. House,13,REP,Matt McArthur,23,7,16,0
Jack,2,U.S. House,13,REP,Jamie Culley,4,0,3,1
Jack,2,U.S. House,13,REP,Josh Winegarner,98,40,45,13
Jack,2,U.S. House,13,REP,"Cartherine ""I Swear"" Carr",2,0,1,1
Jack,2,U.S. House,13,REP,Jason Foglesong,0,0,0,0
Jack,2,U.S. House,13,REP,Asusena Resndiz,0,0,0,0
Jack,2,U.S. House,13,REP,Vance Snider II,2,1,1,0
Jack,2,U.S. House,13,REP,Lee Harvey,6,3,3,0
Jack,2,U.S. House,13,REP,Mark Neese,3,1,2,0
Jack,2,U.S. House,13,REP,Richard Herman,0,0,0,0
Jack,2,U.S. House,13,REP,Ronny Jackson,24,4,16,4
Jack,2,Railroad Commissioner,,REP,Over Votes,0,0,0,0
Jack,2,Railroad Commissioner,,REP,Under Votes,41,9,29,3
Jack,2,Railroad Commissioner,,REP,Ryan Sitton,121,36,76,9
Jack,2,Railroad Commissioner,,REP,"James ""Jim"" Wright",171,59,98,14
Jack,2,"Chief Justice, Supreme Court",,REP,Over Votes,0,0,0,0
Jack,2,"Chief Justice, Supreme Court",,REP,Under Votes,57,17,32,8
Jack,2,"Chief Justice, Supreme Court",,REP,Nathan Hecht,276,87,171,18
Jack,2,"Justice, Supreme Court, Place 6 Unexpired Term",,REP,Over Votes,0,0,0,0
Jack,2,"Justice, Supreme Court, Place 6 Unexpired Term",,REP,Under Votes,57,16,33,8
Jack,2,"Justice, Supreme Court, Place 6 Unexpired Term",,REP,Jane Bland,276,88,170,18
Jack,2,"Justice, Supreme Court, Place 7",,REP,Over Votes,0,0,0,0
Jack,2,"Justice, Supreme Court, Place 7",,REP,Under Votes,57,16,33,8
Jack,2,"Justice, Supreme Court, Place 7",,REP,Jeff Boyd,276,88,170,18
Jack,2,"Justice, Supreme Court, Place 8",,REP,Over Votes,0,0,0,0
Jack,2,"Justice, Supreme Court, Place 8",,REP,Under Votes,60,18,34,8
Jack,2,"Justice, Supreme Court, Place 8",,REP,Brett Busby,273,86,169,18
Jack,2,"Judge, Court of Criminal Appeals, Place 3",,REP,Over Votes,0,0,0,0
Jack,2,"Judge, Court of Criminal Appeals, Place 3",,REP,Under Votes,58,14,37,7
Jack,2,"Judge, Court of Criminal Appeals, Place 3",,REP,Bert Richardson,180,58,111,11
Jack,2,"Judge, Court of Criminal Appeals, Place 3",,REP,Over Votes,0,0,0,0
Jack,2,"Judge, Court of Criminal Appeals, Place 3",,REP,Under Votes,58,14,37,7
Jack,2,"Judge, Court of Criminal Appeals, Place 3",,REP,Gina Parker,95,32,55,8
Jack,2,"Judge, Court of Criminal Appeals, Place 4",,REP,Over Votes,0,0,0,0
Jack,2,"Judge, Court of Criminal Appeals, Place 4",,REP,Under Votes,63,20,35,8
Jack,2,"Judge, Court of Criminal Appeals, Place 4",,REP,Kevin Patrick Yeary,270,84,168,18
Jack,2,"Judge, Court of Criminal Appeals, Place 9",,REP,Over Votes,0,0,0,0
Jack,2,"Judge, Court of Criminal Appeals, Place 9",,REP,Under Votes,62,19,35,8
Jack,2,"Judge, Court of Criminal Appeals, Place 9",,REP,David Newell,271,85,168,18
Jack,2,"Member, State Board of Education",14,REP,Over Votes,0,0,0,0
Jack,2,"Member, State Board of Education",14,REP,Under Votes,68,20,42,6
Jack,2,"Member, State Board of Education",14,REP,Maria Y. Berry,119,37,75,7
Jack,2,"Member, State Board of Education",14,REP,Sue Melton-Malone,146,47,86,13
Jack,2,State Representative,68,REP,Over Votes,0,0,0,0
Jack,2,State Representative,68,REP,Under Votes,53,13,34,6
Jack,2,State Representative,68,REP,Drew Springer,280,91,169,20
Jack,2,"Justice, 2nd Court of Appeals District, Place 2",,REP,Over Votes,0,0,0,0
Jack,2,"Justice, 2nd Court of Appeals District, Place 2",,REP,Under Votes,65,18,39,8
Jack,2,"Justice, 2nd Court of Appeals District, Place 2",,REP,Dana Womack,268,86,164,18
Jack,2,"Justice, 2nd Court of Appeals District, Place 6",,REP,Over Votes,0,0,0,0
Jack,2,"Justice, 2nd Court of Appeals District, Place 6",,REP,Under Votes,68,17,42,9
Jack,2,"Justice, 2nd Court of Appeals District, Place 6",,REP,Mike Wallach,265,87,161,17
Jack,2,"Justice, 2nd Court of Appeals District, Place 7",,REP,Over Votes,0,0,0,0
Jack,2,"Justice, 2nd Court of Appeals District, Place 7",,REP,Under Votes,74,18,47,9
Jack,2,"Justice, 2nd Court of Appeals District, Place 7",,REP,John P. Chupp,51,16,33,2
Jack,2,"Justice, 2nd Court of Appeals District, Place 7",,REP,Brian Walker,140,55,80,5
Jack,2,"Justice, 2nd Court of Appeals District, Place 7",,REP,Elizabeth Beach,68,15,43,10
Jack,2,"District Attorney, 271st Judicial District",,REP,Over Votes,0,0,0,0
Jack,2,"District Attorney, 271st Judicial District",,REP,Under Votes,57,19,31,7
Jack,2,"District Attorney, 271st Judicial District",,REP,Greg Lowery,276,85,172,19
Jack,2,County Attorney,,REP,Over Votes,0,0,0,0
Jack,2,County Attorney,,REP,Under Votes,51,12,32,7
Jack,2,County Attorney,,REP,Brad Dixon,282,92,171,19
Jack,2,Sheriff,,REP,Over Votes,0,0,0,0
Jack,2,Sheriff,,REP,Under Votes,13,5,7,1
Jack,2,Sheriff,,REP,Robert Charles (R. C.) Langford,60,23,33,4
Jack,2,Sheriff,,REP,Tom Spurlock,260,76,163,21
Jack,2,County Tax Assessor-Collector,,REP,Over Votes,0,0,0,0
Jack,2,County Tax Assessor-Collector,,REP,Under Votes,31,8,18,5
Jack,2,County Tax Assessor-Collector,,REP,Sharon Robinson,302,96,185,21
Jack,2,Constable,,REP,Over Votes,0,0,0,0
Jack,2,Constable,,REP,Under Votes,37,8,24,5
Jack,2,Constable,,REP,Clyde E. Watson,296,96,179,21
Jack,2,County Chairman,,REP,Over Votes,0,0,0,0
Jack,2,County Chairman,,REP,Under Votes,44,11,27,6
Jack,2,County Chairman,,REP,Sharon Van Baale,289,93,176,20
Jack,2,Proposition #1,,DEM,Over Votes,0,0,0,0
Jack,2,Proposition #1,,DEM,Under Votes,5,3,1,1
Jack,2,Proposition #1,,DEM,Yes,25,10,9,6
Jack,2,Proposition #1,,DEM,No,4,1,2,1
Jack,2,Proposition #2,,DEM,Over Votes,0,0,0,0
Jack,2,Proposition #2,,DEM,Under Votes,4,2,1,1
Jack,2,Proposition #2,,DEM,Yes,27,10,10,7
Jack,2,Proposition #2,,DEM,No,3,2,1,0
Jack,2,Proposition #3,,DEM,Over Votes,0,0,0,0
Jack,2,Proposition #3,,DEM,Under Votes,2,1,0,1
Jack,2,Proposition #3,,DEM,Yes,29,12,11,6
Jack,2,Proposition #3,,DEM,No,3,1,1,1
Jack,2,Proposition #4,,DEM,Over Votes,0,0,0,0
Jack,2,Proposition #4,,DEM,Under Votes,2,1,0,1
Jack,2,Proposition #4,,DEM,Yes,29,11,11,7
Jack,2,Proposition #4,,DEM,No,3,2,1,0
Jack,2,Proposition #5,,DEM,Over Votes,0,0,0,0
Jack,2,Proposition #5,,DEM,Under Votes,4,2,1,1
Jack,2,Proposition #5,,DEM,Yes,28,11,10,7
Jack,2,Proposition #5,,DEM,No,2,1,1,0
Jack,2,Proposition #6,,DEM,Over Votes,0,0,0,0
Jack,2,Proposition #6,,DEM,Under Votes,3,2,0,1
Jack,2,Proposition #6,,DEM,Yes,29,11,11,7
Jack,2,Proposition #6,,DEM,No,2,1,1,0
Jack,2,Proposition #7,,DEM,Over Votes,0,0,0,0
Jack,2,Proposition #7,,DEM,Under Votes,4,2,0,2
Jack,2,Proposition #7,,DEM,Yes,24,10,9,5
Jack,2,Proposition #7,,DEM,No,6,2,3,1
Jack,2,Proposition #8,,DEM,Over Votes,1,0,0,1
Jack,2,Proposition #8,,DEM,Under Votes,2,1,0,1
Jack,2,Proposition #8,,DEM,Yes,30,12,12,6
Jack,2,Proposition #8,,DEM,No,1,1,0,0
Jack,2,Proposition #9,,DEM,Over Votes,0,0,0,0
Jack,2,Proposition #9,,DEM,Under Votes,3,2,0,1
Jack,2,Proposition #9,,DEM,Yes,29,10,12,7
Jack,2,Proposition #9,,DEM,No,2,2,0,0
Jack,2,Proposition #10,,DEM,Over Votes,0,0,0,0
Jack,2,Proposition #10,,DEM,Under Votes,4,2,0,2
Jack,2,Proposition #10,,DEM,Yes,28,11,11,6
Jack,2,Proposition #10,,DEM,No,2,1,1,0
Jack,2,Proposition #11,,DEM,Over Votes,0,0,0,0
Jack,2,Proposition #11,,DEM,Under Votes,6,3,1,2
Jack,2,Proposition #11,,DEM,Yes,24,10,8,6
Jack,2,Proposition #11,,DEM,No,4,1,3,0
Jack,2,Proposition 1,,REP,Over Votes,0,0,0,0
Jack,2,Proposition 1,,REP,Under Votes,15,5,10,0
Jack,2,Proposition 1,,REP,Yes,276,87,166,23
Jack,2,Proposition 1,,REP,No,42,12,27,3
Jack,2,Proposition 2,,REP,Over Votes,0,0,0,0
Jack,2,Proposition 2,,REP,Under Votes,11,3,8,0
Jack,2,Proposition 2,,REP,Yes,279,86,170,23
Jack,2,Proposition 2,,REP,No,43,15,25,3
Jack,2,Proposition 3,,REP,Over Votes,0,0,0,0
Jack,2,Proposition 3,,REP,Under Votes,11,4,7,0
Jack,2,Proposition 3,,REP,Yes,302,93,183,26
Jack,2,Proposition 3,,REP,No,20,7,13,0
Jack,2,Proposition 4,,REP,Over Votes,0,0,0,0
Jack,2,Proposition 4,,REP,Under Votes,10,4,6,0
Jack,2,Proposition 4,,REP,Yes,314,96,192,26
Jack,2,Proposition 4,,REP,No,9,4,5,0
Jack,2,Proposition 5,,REP,Over Votes,0,0,0,0
Jack,2,Proposition 5,,REP,Under Votes,11,3,8,0
Jack,2,Proposition 5,,REP,Yes,295,90,181,24
Jack,2,Proposition 5,,REP,No,27,11,14,2
Jack,2,Proposition 6,,REP,Over Votes,0,0,0,0
Jack,2,Proposition 6,,REP,Under Votes,11,3,8,0
Jack,2,Proposition 6,,REP,Yes,303,95,182,26
Jack,2,Proposition 6,,REP,No,19,6,13,0
Jack,2,Proposition 7,,REP,Over Votes,0,0,0,0
Jack,2,Proposition 7,,REP,Under Votes,13,4,9,0
Jack,2,Proposition 7,,REP,Yes,314,97,193,24
Jack,2,Proposition 7,,REP,No,6,3,1,2
Jack,2,Proposition 8,,REP,Over Votes,0,0,0,0
Jack,2,Proposition 8,,REP,Under Votes,14,3,11,0
Jack,2,Proposition 8,,REP,Yes,318,100,192,26
Jack,2,Proposition 8,,REP,No,1,1,0,0
Jack,2,Proposition 9,,REP,Over Votes,0,0,0,0
Jack,2,Proposition 9,,REP,Under Votes,16,3,13,0
Jack,2,Proposition 9,,REP,Yes,303,95,182,26
Jack,2,Proposition 9,,REP,No,14,6,8,0
Jack,2,Proposition 10,,REP,Over Votes,0,0,0,0
Jack,2,Proposition 10,,REP,Under Votes,16,5,10,1
Jack,2,Proposition 10,,REP,Yes,294,88,181,25
Jack,2,Proposition 10,,REP,No,23,11,12,0
Jack,3,Registered Voters,,,,240,,,
Jack,3,Ballots Cast,,REP,,81,,,
Jack,3,Ballots Cast,,DEM,,12,,,
Jack,3,President,,DEM,Over Votes,0,0,0,0
Jack,3,President,,DEM,Under Votes,1,1,0,0
Jack,3,President,,DEM,Marianne Williamson,0,0,0,0
Jack,3,President,,DEM,Julian Castro,0,0,0,0
Jack,3,President,,DEM,Elizabeth Warren,1,1,0,0
Jack,3,President,,DEM,Michael Bennet,0,0,0,0
Jack,3,President,,DEM,Amy Klobuchar,0,0,0,0
Jack,3,President,,DEM,Joseph R. Biden,7,1,6,0
Jack,3,President,,DEM,John K. Delaney,0,0,0,0
Jack,3,President,,DEM,Deval Patrick,0,0,0,0
Jack,3,President,,DEM,Bernie Sanders,1,1,0,0
Jack,3,President,,DEM,Tom Steyer,0,0,0,0
Jack,3,President,,DEM,Tulsi Gabbard,0,0,0,0
Jack,3,President,,DEM,Michael R. Bloomberg,2,1,0,1
Jack,3,President,,DEM,Pete Buttigieg,0,0,0,0
Jack,3,President,,DEM,Robby Wells,0,0,0,0
Jack,3,President,,DEM,"Roque ""Rocky"" De La Fuente",0,0,0,0
Jack,3,President,,DEM,Cory Booker,0,0,0,0
Jack,3,President,,DEM,Andrew Yang,0,0,0,0
Jack,3,U.S. Senate,,DEM,Over Votes,0,0,0,0
Jack,3,U.S. Senate,,DEM,Under Votes,6,2,4,0
Jack,3,U.S. Senate,,DEM,D.R. Hunter,0,0,0,0
Jack,3,U.S. Senate,,DEM,"Mary ""MJ"" Hegar",2,0,1,1
Jack,3,U.S. Senate,,DEM,Adrian Ocegueda,0,0,0,0
Jack,3,U.S. Senate,,DEM,Royce West,1,0,1,0
Jack,3,U.S. Senate,,DEM,Amanda K. Edwards,2,2,0,0
Jack,3,U.S. Senate,,DEM,Jack Daniel Foster Jr,0,0,0,0
Jack,3,U.S. Senate,,DEM,Sema Hernandez,0,0,0,0
Jack,3,U.S. Senate,,DEM,Chris Bell,1,1,0,0
Jack,3,U.S. Senate,,DEM,"Annie ""Mam"" Garcia",0,0,0,0
Jack,3,U.S. Senate,,DEM,Cristina Tzintzun Ramirez,0,0,0,0
Jack,3,U.S. Senate,,DEM,Victor Hugo Harris,0,0,0,0
Jack,3,U.S. Senate,,DEM,Michael Cooper,0,0,0,0
Jack,3,U.S. House,13,DEM,Over Votes,0,0,0,0
Jack,3,U.S. House,13,DEM,Under Votes,6,1,5,0
Jack,3,U.S. House,13,DEM,Timothy W. Gassaway,4,3,0,1
Jack,3,U.S. House,13,DEM,Gus Trujillo,1,1,0,0
Jack,3,U.S. House,13,DEM,Greg Sagan,1,0,1,0
Jack,3,Railroad Commissioner,,DEM,Over Votes,0,0,0,0
Jack,3,Railroad Commissioner,,DEM,Under Votes,5,1,4,0
Jack,3,Railroad Commissioner,,DEM,"Roberto R. ""Beto"" Alonzo",1,1,0,0
Jack,3,Railroad Commissioner,,DEM,Kelly Stone,3,0,2,1
Jack,3,Railroad Commissioner,,DEM,Mark Watson,2,2,0,0
Jack,3,Railroad Commissioner,,DEM,Chrysta Castaeda,1,1,0,0
Jack,3,"Chief Justice, Supreme Court",,DEM,Over Votes,0,0,0,0
Jack,3,"Chief Justice, Supreme Court",,DEM,Under Votes,4,1,3,0
Jack,3,"Chief Justice, Supreme Court",,DEM,Amy Clark Meachum,6,4,2,0
Jack,3,"Chief Justice, Supreme Court",,DEM,Jerry Zimmerer,2,0,1,1
Jack,3,"Justice, Supreme Court, Place 6 Unexpired Term",,DEM,Over Votes,0,0,0,0
Jack,3,"Justice, Supreme Court, Place 6 Unexpired Term",,DEM,Under Votes,6,1,5,0
Jack,3,"Justice, Supreme Court, Place 6 Unexpired Term",,DEM,Larry Praeger,4,2,1,1
Jack,3,"Justice, Supreme Court, Place 6 Unexpired Term",,DEM,Kathy Cheng,2,2,0,0
Jack,3,"Justice, Supreme Court, Place 7",,DEM,Over Votes,0,0,0,0
Jack,3,"Justice, Supreme Court, Place 7",,DEM,Under Votes,4,1,3,0
Jack,3,"Justice, Supreme Court, Place 7",,DEM,Brandy Voss,3,2,0,1
Jack,3,"Justice, Supreme Court, Place 7",,DEM,Staci Williams,5,2,3,0
Jack,3,"Justice, Supreme Court, Place 8",,DEM,Over Votes,0,0,0,0
Jack,3,"Justice, Supreme Court, Place 8",,DEM,Under Votes,6,1,5,0
Jack,3,"Justice, Supreme Court, Place 8",,DEM,Gisela D. Triana,3,3,0,0
Jack,3,"Justice, Supreme Court, Place 8",,DEM,Peter Kelly,3,1,1,1
Jack,3,"Judge, Court of Criminal Appeals, Place 3",,DEM,Over Votes,0,0,0,0
Jack,3,"Judge, Court of Criminal Appeals, Place 3",,DEM,Under Votes,5,1,4,0
Jack,3,"Judge, Court of Criminal Appeals, Place 3",,DEM,Dan Wood,5,3,1,1
Jack,3,"Judge, Court of Criminal Appeals, Place 3",,DEM,Elizabeth Davis Frizell,2,1,1,0
Jack,3,"Judge, Court of Criminal Appeals, Place 3",,DEM,William Pieratt Demond,0,0,0,0
Jack,3,"Judge, Court of Criminal Appeals, Place 4",,DEM,Over Votes,0,0,0,0
Jack,3,"Judge, Court of Criminal Appeals, Place 4",,DEM,Under Votes,5,1,4,0
Jack,3,"Judge, Court of Criminal Appeals, Place 4",,DEM,Tina Clinton,5,3,1,1
Jack,3,"Judge, Court of Criminal Appeals, Place 4",,DEM,Steven Miears,2,1,1,0
Jack,3,"Judge, Court of Criminal Appeals, Place 9",,DEM,Over Votes,0,0,0,0
Jack,3,"Judge, Court of Criminal Appeals, Place 9",,DEM,Under Votes,5,1,4,0
Jack,3,"Judge, Court of Criminal Appeals, Place 9",,DEM,Brandon Birmingham,7,4,2,1
Jack,3,"Member, State Board of Education",14,DEM,Over Votes,0,0,0,0
Jack,3,"Member, State Board of Education",14,DEM,Under Votes,4,0,4,0
Jack,3,"Member, State Board of Education",14,DEM,Greg Alvord,8,5,2,1
Jack,3,State Representative,68,DEM,Over Votes,0,0,0,0
Jack,3,State Representative,68,DEM,Under Votes,5,1,4,0
Jack,3,State Representative,68,DEM,Patsy Ledbetter,7,4,2,1
Jack,3,"Justice, 2nd Court of Appeals District, Place 6",,DEM,Over Votes,0,0,0,0
Jack,3,"Justice, 2nd Court of Appeals District, Place 6",,DEM,Under Votes,5,1,4,0
Jack,3,"Justice, 2nd Court of Appeals District, Place 6",,DEM,Delonia A. Watson,7,4,2,1
Jack,3,County Chairman,,DEM,Over Votes,0,0,0,0
Jack,3,County Chairman,,DEM,Under Votes,6,1,5,0
Jack,3,County Chairman,,DEM,John Barry IV,6,4,1,1
Jack,3,Registered Voters,,,,240,,,
Jack,3,Ballots Cast,,REP,,81,,,
Jack,3,Ballots Cast,,DEM,,12,,,
Jack,3,President,,REP,Over Votes,0,0,0,0
Jack,3,President,,REP,Under Votes,0,0,0,0
Jack,3,President,,REP,Joe Walsh,1,0,1,0
Jack,3,President,,REP,"Roque ""Rocky"" De La Fuente Guerra",0,0,0,0
Jack,3,President,,REP,Donald J. Trump,79,47,27,5
Jack,3,President,,REP,Bill Weld,0,0,0,0
Jack,3,President,,REP,Matthew John Matern,0,0,0,0
Jack,3,President,,REP,Zoltan G. Istvan,0,0,0,0
Jack,3,President,,REP,Bob Ely,0,0,0,0
Jack,3,President,,REP,Uncommitted,1,0,1,0
Jack,3,U.S. Senate,,REP,Over Votes,0,0,0,0
Jack,3,U.S. Senate,,REP,Under Votes,11,7,3,1
Jack,3,U.S. Senate,,REP,Mark Yancey,8,1,7,0
Jack,3,U.S. Senate,,REP,John Anthony Castro,0,0,0,0
Jack,3,U.S. Senate,,REP,John Cornyn,52,32,18,2
Jack,3,U.S. Senate,,REP,Virgil Bierschwale,1,1,0,0
Jack,3,U.S. Senate,,REP,Dwayne Stovall,9,6,1,2
Jack,3,U.S. House,13,REP,Over Votes,0,0,0,0
Jack,3,U.S. House,13,REP,Under Votes,13,9,3,1
Jack,3,U.S. House,13,REP,Chris Ekstrom,18,6,11,1
Jack,3,U.S. House,13,REP,Elaine Hays,9,7,2,0
Jack,3,U.S. House,13,REP,Monique Worthy,0,0,0,0
Jack,3,U.S. House,13,REP,Diane Knowlton,2,1,1,0
Jack,3,U.S. House,13,REP,Matt McArthur,3,2,1,0
Jack,3,U.S. House,13,REP,Jamie Culley,0,0,0,0
Jack,3,U.S. House,13,REP,Josh Winegarner,26,18,8,0
Jack,3,U.S. House,13,REP,"Cartherine ""I Swear"" Carr",0,0,0,0
Jack,3,U.S. House,13,REP,Jason Foglesong,0,0,0,0
Jack,3,U.S. House,13,REP,Asusena Resndiz,0,0,0,0
Jack,3,U.S. House,13,REP,Vance Snider II,0,0,0,0
Jack,3,U.S. House,13,REP,Lee Harvey,3,3,0,0
Jack,3,U.S. House,13,REP,Mark Neese,2,0,1,1
Jack,3,U.S. House,13,REP,Richard Herman,1,0,1,0
Jack,3,U.S. House,13,REP,Ronny Jackson,4,1,1,2
Jack,3,Railroad Commissioner,,REP,Over Votes,0,0,0,0
Jack,3,Railroad Commissioner,,REP,Under Votes,14,9,4,1
Jack,3,Railroad Commissioner,,REP,Ryan Sitton,26,14,11,1
Jack,3,Railroad Commissioner,,REP,"James ""Jim"" Wright",41,24,14,3
Jack,3,"Chief Justice, Supreme Court",,REP,Over Votes,0,0,0,0
Jack,3,"Chief Justice, Supreme Court",,REP,Under Votes,20,13,5,2
Jack,3,"Chief Justice, Supreme Court",,REP,Nathan Hecht,61,34,24,3
Jack,3,"Justice, Supreme Court, Place 6 Unexpired Term",,REP,Over Votes,0,0,0,0
Jack,3,"Justice, Supreme Court, Place 6 Unexpired Term",,REP,Under Votes,19,13,4,2
Jack,3,"Justice, Supreme Court, Place 6 Unexpired Term",,REP,Jane Bland,62,34,25,3
Jack,3,"Justice, Supreme Court, Place 7",,REP,Over Votes,0,0,0,0
Jack,3,"Justice, Supreme Court, Place 7",,REP,Under Votes,20,13,5,2
Jack,3,"Justice, Supreme Court, Place 7",,REP,Jeff Boyd,61,34,24,3
Jack,3,"Justice, Supreme Court, Place 8",,REP,Over Votes,0,0,0,0
Jack,3,"Justice, Supreme Court, Place 8",,REP,Under Votes,21,13,5,3
Jack,3,"Justice, Supreme Court, Place 8",,REP,Brett Busby,60,34,24,2
Jack,3,"Judge, Court of Criminal Appeals, Place 3",,REP,Over Votes,0,0,0,0
Jack,3,"Judge, Court of Criminal Appeals, Place 3",,REP,Under Votes,20,13,5,2
Jack,3,"Judge, Court of Criminal Appeals, Place 3",,REP,Bert Richardson,40,27,10,3
Jack,3,"Judge, Court of Criminal Appeals, Place 3",,REP,Over Votes,0,0,0,0
Jack,3,"Judge, Court of Criminal Appeals, Place 3",,REP,Under Votes,20,13,5,2
Jack,3,"Judge, Court of Criminal Appeals, Place 3",,REP,Gina Parker,21,7,14,0
Jack,3,"Judge, Court of Criminal Appeals, Place 4",,REP,Over Votes,0,0,0,0
Jack,3,"Judge, Court of Criminal Appeals, Place 4",,REP,Under Votes,23,14,6,3
Jack,3,"Judge, Court of Criminal Appeals, Place 4",,REP,Kevin Patrick Yeary,58,33,23,2
Jack,3,"Judge, Court of Criminal Appeals, Place 9",,REP,Over Votes,0,0,0,0
Jack,3,"Judge, Court of Criminal Appeals, Place 9",,REP,Under Votes,22,14,5,3
Jack,3,"Judge, Court of Criminal Appeals, Place 9",,REP,David Newell,59,33,24,2
Jack,3,"Member, State Board of Education",14,REP,Over Votes,0,0,0,0
Jack,3,"Member, State Board of Education",14,REP,Under Votes,18,10,5,3
Jack,3,"Member, State Board of Education",14,REP,Maria Y. Berry,25,14,10,1
Jack,3,"Member, State Board of Education",14,REP,Sue Melton-Malone,38,23,14,1
Jack,3,State Representative,68,REP,Over Votes,0,0,0,0
Jack,3,State Representative,68,REP,Under Votes,14,9,3,2
Jack,3,State Representative,68,REP,Drew Springer,67,38,26,3
Jack,3,"Justice, 2nd Court of Appeals District, Place 2",,REP,Over Votes,0,0,0,0
Jack,3,"Justice, 2nd Court of Appeals District, Place 2",,REP,Under Votes,26,16,6,4
Jack,3,"Justice, 2nd Court of Appeals District, Place 2",,REP,Dana Womack,55,31,23,1
Jack,3,"Justice, 2nd Court of Appeals District, Place 6",,REP,Over Votes,0,0,0,0
Jack,3,"Justice, 2nd Court of Appeals District, Place 6",,REP,Under Votes,25,15,7,3
Jack,3,"Justice, 2nd Court of Appeals District, Place 6",,REP,Mike Wallach,56,32,22,2
Jack,3,"Justice, 2nd Court of Appeals District, Place 7",,REP,Over Votes,0,0,0,0
Jack,3,"Justice, 2nd Court of Appeals District, Place 7",,REP,Under Votes,23,14,7,2
Jack,3,"Justice, 2nd Court of Appeals District, Place 7",,REP,John P. Chupp,7,5,2,0
Jack,3,"Justice, 2nd Court of Appeals District, Place 7",,REP,Brian Walker,36,23,10,3
Jack,3,"Justice, 2nd Court of Appeals District, Place 7",,REP,Elizabeth Beach,15,5,10,0
Jack,3,"District Attorney, 271st Judicial District",,REP,Over Votes,0,0,0,0
Jack,3,"District Attorney, 271st Judicial District",,REP,Under Votes,21,11,6,4
Jack,3,"District Attorney, 271st Judicial District",,REP,Greg Lowery,60,36,23,1
Jack,3,County Attorney,,REP,Over Votes,0,0,0,0
Jack,3,County Attorney,,REP,Under Votes,12,7,3,2
Jack,3,County Attorney,,REP,Brad Dixon,69,40,26,3
Jack,3,Sheriff,,REP,Over Votes,0,0,0,0
Jack,3,Sheriff,,REP,Under Votes,0,0,0,0
Jack,3,Sheriff,,REP,Robert Charles (R. C.) Langford,39,24,13,2
Jack,3,Sheriff,,REP,Tom Spurlock,42,23,16,3
Jack,3,County Tax Assessor-Collector,,REP,Over Votes,0,0,0,0
Jack,3,County Tax Assessor-Collector,,REP,Under Votes,11,8,1,2
Jack,3,County Tax Assessor-Collector,,REP,Sharon Robinson,70,39,28,3
Jack,3,Constable,,REP,Over Votes,0,0,0,0
Jack,3,Constable,,REP,Under Votes,15,10,3,2
Jack,3,Constable,,REP,Clyde E. Watson,66,37,26,3
Jack,3,County Chairman,,REP,Over Votes,0,0,0,0
Jack,3,County Chairman,,REP,Under Votes,12,8,2,2
Jack,3,County Chairman,,REP,Sharon Van Baale,69,39,27,3
Jack,3,Proposition #1,,DEM,Over Votes,0,0,0,0
Jack,3,Proposition #1,,DEM,Under Votes,2,0,2,0
Jack,3,Proposition #1,,DEM,Yes,10,5,4,1
Jack,3,Proposition #1,,DEM,No,0,0,0,0
Jack,3,Proposition #2,,DEM,Over Votes,0,0,0,0
Jack,3,Proposition #2,,DEM,Under Votes,3,0,3,0
Jack,3,Proposition #2,,DEM,Yes,9,5,3,1
Jack,3,Proposition #2,,DEM,No,0,0,0,0
Jack,3,Proposition #3,,DEM,Over Votes,0,0,0,0
Jack,3,Proposition #3,,DEM,Under Votes,2,0,2,0
Jack,3,Proposition #3,,DEM,Yes,10,5,4,1
Jack,3,Proposition #3,,DEM,No,0,0,0,0
Jack,3,Proposition #4,,DEM,Over Votes,0,0,0,0
Jack,3,Proposition #4,,DEM,Under Votes,2,0,2,0
Jack,3,Proposition #4,,DEM,Yes,10,5,4,1
Jack,3,Proposition #4,,DEM,No,0,0,0,0
Jack,3,Proposition #5,,DEM,Over Votes,0,0,0,0
Jack,3,Proposition #5,,DEM,Under Votes,3,0,3,0
Jack,3,Proposition #5,,DEM,Yes,9,5,3,1
Jack,3,Proposition #5,,DEM,No,0,0,0,0
Jack,3,Proposition #6,,DEM,Over Votes,0,0,0,0
Jack,3,Proposition #6,,DEM,Under Votes,3,0,3,0
Jack,3,Proposition #6,,DEM,Yes,9,5,3,1
Jack,3,Proposition #6,,DEM,No,0,0,0,0
Jack,3,Proposition #7,,DEM,Over Votes,0,0,0,0
Jack,3,Proposition #7,,DEM,Under Votes,2,0,2,0
Jack,3,Proposition #7,,DEM,Yes,10,5,4,1
Jack,3,Proposition #7,,DEM,No,0,0,0,0
Jack,3,Proposition #8,,DEM,Over Votes,0,0,0,0
Jack,3,Proposition #8,,DEM,Under Votes,2,0,2,0
Jack,3,Proposition #8,,DEM,Yes,10,5,4,1
Jack,3,Proposition #8,,DEM,No,0,0,0,0
Jack,3,Proposition #9,,DEM,Over Votes,0,0,0,0
Jack,3,Proposition #9,,DEM,Under Votes,2,0,2,0
Jack,3,Proposition #9,,DEM,Yes,10,5,4,1
Jack,3,Proposition #9,,DEM,No,0,0,0,0
Jack,3,Proposition #10,,DEM,Over Votes,0,0,0,0
Jack,3,Proposition #10,,DEM,Under Votes,3,0,3,0
Jack,3,Proposition #10,,DEM,Yes,9,5,3,1
Jack,3,Proposition #10,,DEM,No,0,0,0,0
Jack,3,Proposition #11,,DEM,Over Votes,0,0,0,0
Jack,3,Proposition #11,,DEM,Under Votes,2,0,2,0
Jack,3,Proposition #11,,DEM,Yes,10,5,4,1
Jack,3,Proposition #11,,DEM,No,0,0,0,0
Jack,3,Proposition 1,,REP,Over Votes,0,0,0,0
Jack,3,Proposition 1,,REP,Under Votes,2,2,0,0
Jack,3,Proposition 1,,REP,Yes,66,36,25,5
Jack,3,Proposition 1,,REP,No,13,9,4,0
Jack,3,Proposition 2,,REP,Over Votes,0,0,0,0
Jack,3,Proposition 2,,REP,Under Votes,2,1,1,0
Jack,3,Proposition 2,,REP,Yes,67,39,24,4
Jack,3,Proposition 2,,REP,No,12,7,4,1
Jack,3,Proposition 3,,REP,Over Votes,0,0,0,0
Jack,3,Proposition 3,,REP,Under Votes,3,2,1,0
Jack,3,Proposition 3,,REP,Yes,72,41,26,5
Jack,3,Proposition 3,,REP,No,6,4,2,0
Jack,3,Proposition 4,,REP,Over Votes,0,0,0,0
Jack,3,Proposition 4,,REP,Under Votes,2,1,1,0
Jack,3,Proposition 4,,REP,Yes,78,46,27,5
Jack,3,Proposition 4,,REP,No,1,0,1,0
Jack,3,Proposition 5,,REP,Over Votes,0,0,0,0
Jack,3,Proposition 5,,REP,Under Votes,3,2,1,0
Jack,3,Proposition 5,,REP,Yes,67,39,23,5
Jack,3,Proposition 5,,REP,No,11,6,5,0
Jack,3,Proposition 6,,REP,Over Votes,0,0,0,0
Jack,3,Proposition 6,,REP,Under Votes,6,2,4,0
Jack,3,Proposition 6,,REP,Yes,73,44,24,5
Jack,3,Proposition 6,,REP,No,2,1,1,0
Jack,3,Proposition 7,,REP,Over Votes,0,0,0,0
Jack,3,Proposition 7,,REP,Under Votes,2,0,2,0
Jack,3,Proposition 7,,REP,Yes,79,47,27,5
Jack,3,Proposition 7,,REP,No,0,0,0,0
Jack,3,Proposition 8,,REP,Over Votes,0,0,0,0
Jack,3,Proposition 8,,REP,Under Votes,4,2,2,0
Jack,3,Proposition 8,,REP,Yes,76,45,26,5
Jack,3,Proposition 8,,REP,No,1,0,1,0
Jack,3,Proposition 9,,REP,Over Votes,0,0,0,0
Jack,3,Proposition 9,,REP,Under Votes,3,1,2,0
Jack,3,Proposition 9,,REP,Yes,76,44,27,5
Jack,3,Proposition 9,,REP,No,2,2,0,0
Jack,3,Proposition 10,,REP,Over Votes,0,0,0,0
Jack,3,Proposition 10,,REP,Under Votes,3,1,2,0
Jack,3,Proposition 10,,REP,Yes,76,46,25,5
Jack,3,Proposition 10,,REP,No,2,0,2,0
Jack,4,Registered Voters,,,,815,,,
Jack,4,Ballots Cast,,REP,,360,,,
Jack,4,Ballots Cast,,DEM,,30,,,
Jack,4,President,,DEM,Over Votes,0,0,0,0
Jack,4,President,,DEM,Under Votes,2,0,2,0
Jack,4,President,,DEM,Marianne Williamson,0,0,0,0
Jack,4,President,,DEM,Julian Castro,0,0,0,0
Jack,4,President,,DEM,Elizabeth Warren,1,0,1,0
Jack,4,President,,DEM,Michael Bennet,2,0,1,1
Jack,4,President,,DEM,Amy Klobuchar,1,1,0,0
Jack,4,President,,DEM,Joseph R. Biden,11,3,6,2
Jack,4,President,,DEM,John K. Delaney,0,0,0,0
Jack,4,President,,DEM,Deval Patrick,0,0,0,0
Jack,4,President,,DEM,Bernie Sanders,8,0,5,3
Jack,4,President,,DEM,Tom Steyer,0,0,0,0
Jack,4,President,,DEM,Tulsi Gabbard,0,0,0,0
Jack,4,President,,DEM,Michael R. Bloomberg,4,2,0,2
Jack,4,President,,DEM,Pete Buttigieg,1,1,0,0
Jack,4,President,,DEM,Robby Wells,0,0,0,0
Jack,4,President,,DEM,"Roque ""Rocky"" De La Fuente",0,0,0,0
Jack,4,President,,DEM,Cory Booker,0,0,0,0
Jack,4,President,,DEM,Andrew Yang,0,0,0,0
Jack,4,U.S. Senate,,DEM,Over Votes,0,0,0,0
Jack,4,U.S. Senate,,DEM,Under Votes,8,0,8,0
Jack,4,U.S. Senate,,DEM,D.R. Hunter,2,0,1,1
Jack,4,U.S. Senate,,DEM,"Mary ""MJ"" Hegar",11,3,5,3
Jack,4,U.S. Senate,,DEM,Adrian Ocegueda,0,0,0,0
Jack,4,U.S. Senate,,DEM,Royce West,6,2,0,4
Jack,4,U.S. Senate,,DEM,Amanda K. Edwards,1,1,0,0
Jack,4,U.S. Senate,,DEM,Jack Daniel Foster Jr,1,1,0,0
Jack,4,U.S. Senate,,DEM,Sema Hernandez,1,0,1,0
Jack,4,U.S. Senate,,DEM,Chris Bell,0,0,0,0
Jack,4,U.S. Senate,,DEM,"Annie ""Mam"" Garcia",0,0,0,0
Jack,4,U.S. Senate,,DEM,Cristina Tzintzun Ramirez,0,0,0,0
Jack,4,U.S. Senate,,DEM,Victor Hugo Harris,0,0,0,0
Jack,4,U.S. Senate,,DEM,Michael Cooper,0,0,0,0
Jack,4,U.S. House,13,DEM,Over Votes,0,0,0,0
Jack,4,U.S. House,13,DEM,Under Votes,7,0,6,1
Jack,4,U.S. House,13,DEM,Timothy W. Gassaway,9,3,4,2
Jack,4,U.S. House,13,DEM,Gus Trujillo,5,1,3,1
Jack,4,U.S. House,13,DEM,Greg Sagan,9,3,2,4
Jack,4,Railroad Commissioner,,DEM,Over Votes,0,0,0,0
Jack,4,Railroad Commissioner,,DEM,Under Votes,8,1,5,2
Jack,4,Railroad Commissioner,,DEM,"Roberto R. ""Beto"" Alonzo",5,0,4,1
Jack,4,Railroad Commissioner,,DEM,Kelly Stone,5,1,4,0
Jack,4,Railroad Commissioner,,DEM,Mark Watson,7,4,1,2
Jack,4,Railroad Commissioner,,DEM,Chrysta Castaeda,5,1,1,3
Jack,4,"Chief Justice, Supreme Court",,DEM,Over Votes,0,0,0,0
Jack,4,"Chief Justice, Supreme Court",,DEM,Under Votes,8,1,5,2
Jack,4,"Chief Justice, Supreme Court",,DEM,Amy Clark Meachum,15,5,7,3
Jack,4,"Chief Justice, Supreme Court",,DEM,Jerry Zimmerer,7,1,3,3
Jack,4,"Justice, Supreme Court, Place 6 Unexpired Term",,DEM,Over Votes,0,0,0,0
Jack,4,"Justice, Supreme Court, Place 6 Unexpired Term",,DEM,Under Votes,9,2,5,2
Jack,4,"Justice, Supreme Court, Place 6 Unexpired Term",,DEM,Larry Praeger,8,1,3,4
Jack,4,"Justice, Supreme Court, Place 6 Unexpired Term",,DEM,Kathy Cheng,13,4,7,2
Jack,4,"Justice, Supreme Court, Place 7",,DEM,Over Votes,0,0,0,0
Jack,4,"Justice, Supreme Court, Place 7",,DEM,Under Votes,11,2,7,2
Jack,4,"Justice, Supreme Court, Place 7",,DEM,Brandy Voss,6,2,2,2
Jack,4,"Justice, Supreme Court, Place 7",,DEM,Staci Williams,13,3,6,4
Jack,4,"Justice, Supreme Court, Place 8",,DEM,Over Votes,0,0,0,0
Jack,4,"Justice, Supreme Court, Place 8",,DEM,Under Votes,11,2,7,2
Jack,4,"Justice, Supreme Court, Place 8",,DEM,Gisela D. Triana,9,4,3,2
Jack,4,"Justice, Supreme Court, Place 8",,DEM,Peter Kelly,10,1,5,4
Jack,4,"Judge, Court of Criminal Appeals, Place 3",,DEM,Over Votes,0,0,0,0
Jack,4,"Judge, Court of Criminal Appeals, Place 3",,DEM,Under Votes,12,2,7,3
Jack,4,"Judge, Court of Criminal Appeals, Place 3",,DEM,Dan Wood,4,1,2,1
Jack,4,"Judge, Court of Criminal Appeals, Place 3",,DEM,Elizabeth Davis Frizell,13,4,6,3
Jack,4,"Judge, Court of Criminal Appeals, Place 3",,DEM,William Pieratt Demond,1,0,0,1
Jack,4,"Judge, Court of Criminal Appeals, Place 4",,DEM,Over Votes,0,0,0,0
Jack,4,"Judge, Court of Criminal Appeals, Place 4",,DEM,Under Votes,12,2,7,3
Jack,4,"Judge, Court of Criminal Appeals, Place 4",,DEM,Tina Clinton,16,5,7,4
Jack,4,"Judge, Court of Criminal Appeals, Place 4",,DEM,Steven Miears,2,0,1,1
Jack,4,"Judge, Court of Criminal Appeals, Place 9",,DEM,Over Votes,0,0,0,0
Jack,4,"Judge, Court of Criminal Appeals, Place 9",,DEM,Under Votes,13,2,7,4
Jack,4,"Judge, Court of Criminal Appeals, Place 9",,DEM,Brandon Birmingham,17,5,8,4
Jack,4,"Member, State Board of Education",14,DEM,Over Votes,0,0,0,0
Jack,4,"Member, State Board of Education",14,DEM,Under Votes,13,2,7,4
Jack,4,"Member, State Board of Education",14,DEM,Greg Alvord,17,5,8,4
Jack,4,State Representative,68,DEM,Over Votes,0,0,0,0
Jack,4,State Representative,68,DEM,Under Votes,11,1,7,3
Jack,4,State Representative,68,DEM,Patsy Ledbetter,19,6,8,5
Jack,4,"Justice, 2nd Court of Appeals District, Place 6",,DEM,Over Votes,0,0,0,0
Jack,4,"Justice, 2nd Court of Appeals District, Place 6",,DEM,Under Votes,11,1,7,3
Jack,4,"Justice, 2nd Court of Appeals District, Place 6",,DEM,Delonia A. Watson,19,6,8,5
Jack,4,County Chairman,,DEM,Over Votes,0,0,0,0
Jack,4,County Chairman,,DEM,Under Votes,8,1,5,2
Jack,4,County Chairman,,DEM,John Barry IV,22,6,10,6
Jack,4,Registered Voters,,,,815,,,
Jack,4,Ballots Cast,,REP,,360,,,
Jack,4,Ballots Cast,,DEM,,30,,,
Jack,4,President,,REP,Over Votes,0,0,0,0
Jack,4,President,,REP,Under Votes,1,0,1,0
Jack,4,President,,REP,Joe Walsh,0,0,0,0
Jack,4,President,,REP,"Roque ""Rocky"" De La Fuente Guerra",0,0,0,0
Jack,4,President,,REP,Donald J. Trump,352,229,104,19
Jack,4,President,,REP,Bill Weld,2,1,1,0
Jack,4,President,,REP,Matthew John Matern,0,0,0,0
Jack,4,President,,REP,Zoltan G. Istvan,0,0,0,0
Jack,4,President,,REP,Bob Ely,0,0,0,0
Jack,4,President,,REP,Uncommitted,5,0,5,0
Jack,4,U.S. Senate,,REP,Over Votes,0,0,0,0
Jack,4,U.S. Senate,,REP,Under Votes,49,29,18,2
Jack,4,U.S. Senate,,REP,Mark Yancey,27,15,12,0
Jack,4,U.S. Senate,,REP,John Anthony Castro,21,13,7,1
Jack,4,U.S. Senate,,REP,John Cornyn,219,152,56,11
Jack,4,U.S. Senate,,REP,Virgil Bierschwale,1,1,0,0
Jack,4,U.S. Senate,,REP,Dwayne Stovall,43,20,18,5
Jack,4,U.S. House,13,REP,Over Votes,0,0,0,0
Jack,4,U.S. House,13,REP,Under Votes,66,45,19,2
Jack,4,U.S. House,13,REP,Chris Ekstrom,39,23,12,4
Jack,4,U.S. House,13,REP,Elaine Hays,42,28,13,1
Jack,4,U.S. House,13,REP,Monique Worthy,1,1,0,0
Jack,4,U.S. House,13,REP,Diane Knowlton,9,4,3,2
Jack,4,U.S. House,13,REP,Matt McArthur,27,16,11,0
Jack,4,U.S. House,13,REP,Jamie Culley,5,5,0,0
Jack,4,U.S. House,13,REP,Josh Winegarner,133,90,37,6
Jack,4,U.S. House,13,REP,"Cartherine ""I Swear"" Carr",2,1,1,0
Jack,4,U.S. House,13,REP,Jason Foglesong,0,0,0,0
Jack,4,U.S. House,13,REP,Asusena Resndiz,1,0,1,0
Jack,4,U.S. House,13,REP,Vance Snider II,2,2,0,0
Jack,4,U.S. House,13,REP,Lee Harvey,4,2,2,0
Jack,4,U.S. House,13,REP,Mark Neese,8,4,4,0
Jack,4,U.S. House,13,REP,Richard Herman,1,0,0,1
Jack,4,U.S. House,13,REP,Ronny Jackson,20,9,8,3
Jack,4,Railroad Commissioner,,REP,Over Votes,0,0,0,0
Jack,4,Railroad Commissioner,,REP,Under Votes,83,50,31,2
Jack,4,Railroad Commissioner,,REP,Ryan Sitton,119,79,34,6
Jack,4,Railroad Commissioner,,REP,"James ""Jim"" Wright",158,101,46,11
Jack,4,"Chief Justice, Supreme Court",,REP,Over Votes,0,0,0,0
Jack,4,"Chief Justice, Supreme Court",,REP,Under Votes,73,46,24,3
Jack,4,"Chief Justice, Supreme Court",,REP,Nathan Hecht,287,184,87,16
Jack,4,"Justice, Supreme Court, Place 6 Unexpired Term",,REP,Over Votes,0,0,0,0
Jack,4,"Justice, Supreme Court, Place 6 Unexpired Term",,REP,Under Votes,72,47,22,3
Jack,4,"Justice, Supreme Court, Place 6 Unexpired Term",,REP,Jane Bland,288,183,89,16
Jack,4,"Justice, Supreme Court, Place 7",,REP,Over Votes,0,0,0,0
Jack,4,"Justice, Supreme Court, Place 7",,REP,Under Votes,75,49,23,3
Jack,4,"Justice, Supreme Court, Place 7",,REP,Jeff Boyd,285,181,88,16
Jack,4,"Justice, Supreme Court, Place 8",,REP,Over Votes,0,0,0,0
Jack,4,"Justice, Supreme Court, Place 8",,REP,Under Votes,79,50,26,3
Jack,4,"Justice, Supreme Court, Place 8",,REP,Brett Busby,281,180,85,16
Jack,4,"Judge, Court of Criminal Appeals, Place 3",,REP,Over Votes,0,0,0,0
Jack,4,"Judge, Court of Criminal Appeals, Place 3",,REP,Under Votes,80,50,28,2
Jack,4,"Judge, Court of Criminal Appeals, Place 3",,REP,Bert Richardson,164,108,46,10
Jack,4,"Judge, Court of Criminal Appeals, Place 3",,REP,Over Votes,0,0,0,0
Jack,4,"Judge, Court of Criminal Appeals, Place 3",,REP,Under Votes,80,50,28,2
Jack,4,"Judge, Court of Criminal Appeals, Place 3",,REP,Gina Parker,116,72,37,7
Jack,4,"Judge, Court of Criminal Appeals, Place 4",,REP,Over Votes,0,0,0,0
Jack,4,"Judge, Court of Criminal Appeals, Place 4",,REP,Under Votes,82,50,29,3
Jack,4,"Judge, Court of Criminal Appeals, Place 4",,REP,Kevin Patrick Yeary,278,180,82,16
Jack,4,"Judge, Court of Criminal Appeals, Place 9",,REP,Over Votes,0,0,0,0
Jack,4,"Judge, Court of Criminal Appeals, Place 9",,REP,Under Votes,82,50,29,3
Jack,4,"Judge, Court of Criminal Appeals, Place 9",,REP,David Newell,278,180,82,16
Jack,4,"Member, State Board of Education",14,REP,Over Votes,0,0,0,0
Jack,4,"Member, State Board of Education",14,REP,Under Votes,88,55,30,3
Jack,4,"Member, State Board of Education",14,REP,Maria Y. Berry,121,73,39,9
Jack,4,"Member, State Board of Education",14,REP,Sue Melton-Malone,151,102,42,7
Jack,4,State Representative,68,REP,Over Votes,0,0,0,0
Jack,4,State Representative,68,REP,Under Votes,59,33,22,4
Jack,4,State Representative,68,REP,Drew Springer,301,197,89,15
Jack,4,"Justice, 2nd Court of Appeals District, Place 2",,REP,Over Votes,0,0,0,0
Jack,4,"Justice, 2nd Court of Appeals District, Place 2",,REP,Under Votes,81,47,31,3
Jack,4,"Justice, 2nd Court of Appeals District, Place 2",,REP,Dana Womack,279,183,80,16
Jack,4,"Justice, 2nd Court of Appeals District, Place 6",,REP,Over Votes,0,0,0,0
Jack,4,"Justice, 2nd Court of Appeals District, Place 6",,REP,Under Votes,78,47,28,3
Jack,4,"Justice, 2nd Court of Appeals District, Place 6",,REP,Mike Wallach,282,183,83,16
Jack,4,"Justice, 2nd Court of Appeals District, Place 7",,REP,Over Votes,0,0,0,0
Jack,4,"Justice, 2nd Court of Appeals District, Place 7",,REP,Under Votes,97,64,31,2
Jack,4,"Justice, 2nd Court of Appeals District, Place 7",,REP,John P. Chupp,61,46,14,1
Jack,4,"Justice, 2nd Court of Appeals District, Place 7",,REP,Brian Walker,145,86,48,11
Jack,4,"Justice, 2nd Court of Appeals District, Place 7",,REP,Elizabeth Beach,57,34,18,5
Jack,4,"District Attorney, 271st Judicial District",,REP,Over Votes,0,0,0,0
Jack,4,"District Attorney, 271st Judicial District",,REP,Under Votes,71,43,25,3
Jack,4,"District Attorney, 271st Judicial District",,REP,Greg Lowery,289,187,86,16
Jack,4,County Attorney,,REP,Over Votes,0,0,0,0
Jack,4,County Attorney,,REP,Under Votes,49,26,21,2
Jack,4,County Attorney,,REP,Brad Dixon,311,204,90,17
Jack,4,Sheriff,,REP,Over Votes,0,0,0,0
Jack,4,Sheriff,,REP,Under Votes,9,3,4,2
Jack,4,Sheriff,,REP,Robert Charles (R. C.) Langford,156,88,59,9
Jack,4,Sheriff,,REP,Tom Spurlock,195,139,48,8
Jack,4,County Tax Assessor-Collector,,REP,Over Votes,0,0,0,0
Jack,4,County Tax Assessor-Collector,,REP,Under Votes,37,24,11,2
Jack,4,County Tax Assessor-Collector,,REP,Sharon Robinson,323,206,100,17
Jack,4,"County Commissioner, Precinct 3",,REP,"Henry D. Birdwell, Jr.",323,209,97,17
Jack,4,Constable,,REP,Over Votes,0,0,0,0
Jack,4,Constable,,REP,Under Votes,45,26,16,3
Jack,4,Constable,,REP,Clyde E. Watson,315,204,95,16
Jack,4,County Chairman,,REP,Over Votes,0,0,0,0
Jack,4,County Chairman,,REP,Under Votes,42,26,14,2
Jack,4,County Chairman,,REP,Sharon Van Baale,318,204,97,17
Jack,4,Proposition #1,,DEM,Over Votes,0,0,0,0
Jack,4,Proposition #1,,DEM,Under Votes,1,0,1,0
Jack,4,Proposition #1,,DEM,Yes,26,6,12,8
Jack,4,Proposition #1,,DEM,No,3,1,2,0
Jack,4,Proposition #2,,DEM,Over Votes,0,0,0,0
Jack,4,Proposition #2,,DEM,Under Votes,1,0,1,0
Jack,4,Proposition #2,,DEM,Yes,25,5,12,8
Jack,4,Proposition #2,,DEM,No,4,2,2,0
Jack,4,Proposition #3,,DEM,Over Votes,0,0,0,0
Jack,4,Proposition #3,,DEM,Under Votes,2,1,1,0
Jack,4,Proposition #3,,DEM,Yes,26,6,12,8
Jack,4,Proposition #3,,DEM,No,2,0,2,0
Jack,4,Proposition #4,,DEM,Over Votes,0,0,0,0
Jack,4,Proposition #4,,DEM,Under Votes,1,0,1,0
Jack,4,Proposition #4,,DEM,Yes,28,7,13,8
Jack,4,Proposition #4,,DEM,No,1,0,1,0
Jack,4,Proposition #5,,DEM,Over Votes,0,0,0,0
Jack,4,Proposition #5,,DEM,Under Votes,1,0,1,0
Jack,4,Proposition #5,,DEM,Yes,28,7,13,8
Jack,4,Proposition #5,,DEM,No,1,0,1,0
Jack,4,Proposition #6,,DEM,Over Votes,0,0,0,0
Jack,4,Proposition #6,,DEM,Under Votes,2,0,2,0
Jack,4,Proposition #6,,DEM,Yes,28,7,13,8
Jack,4,Proposition #6,,DEM,No,0,0,0,0
Jack,4,Proposition #7,,DEM,Over Votes,0,0,0,0
Jack,4,Proposition #7,,DEM,Under Votes,2,0,2,0
Jack,4,Proposition #7,,DEM,Yes,27,7,12,8
Jack,4,Proposition #7,,DEM,No,1,0,1,0
Jack,4,Proposition #8,,DEM,Over Votes,0,0,0,0
Jack,4,Proposition #8,,DEM,Under Votes,2,0,2,0
Jack,4,Proposition #8,,DEM,Yes,27,7,12,8
Jack,4,Proposition #8,,DEM,No,1,0,1,0
Jack,4,Proposition #9,,DEM,Over Votes,0,0,0,0
Jack,4,Proposition #9,,DEM,Under Votes,3,1,2,0
Jack,4,Proposition #9,,DEM,Yes,24,4,12,8
Jack,4,Proposition #9,,DEM,No,3,2,1,0
Jack,4,Proposition #10,,DEM,Over Votes,0,0,0,0
Jack,4,Proposition #10,,DEM,Under Votes,4,0,3,1
Jack,4,Proposition #10,,DEM,Yes,25,6,12,7
Jack,4,Proposition #10,,DEM,No,1,1,0,0
Jack,4,Proposition #11,,DEM,Over Votes,0,0,0,0
Jack,4,Proposition #11,,DEM,Under Votes,3,0,3,0
Jack,4,Proposition #11,,DEM,Yes,22,4,10,8
Jack,4,Proposition #11,,DEM,No,5,3,2,0
Jack,4,Proposition 1,,REP,Over Votes,0,0,0,0
Jack,4,Proposition 1,,REP,Under Votes,9,6,3,0
Jack,4,Proposition 1,,REP,Yes,315,204,92,19
Jack,4,Proposition 1,,REP,No,36,20,16,0
Jack,4,Proposition 2,,REP,Over Votes,0,0,0,0
Jack,4,Proposition 2,,REP,Under Votes,15,11,4,0
Jack,4,Proposition 2,,REP,Yes,298,192,88,18
Jack,4,Proposition 2,,REP,No,47,27,19,1
Jack,4,Proposition 3,,REP,Over Votes,0,0,0,0
Jack,4,Proposition 3,,REP,Under Votes,20,12,8,0
Jack,4,Proposition 3,,REP,Yes,319,207,95,17
Jack,4,Proposition 3,,REP,No,21,11,8,2
Jack,4,Proposition 4,,REP,Over Votes,0,0,0,0
Jack,4,Proposition 4,,REP,Under Votes,14,8,5,1
Jack,4,Proposition 4,,REP,Yes,337,219,100,18
Jack,4,Proposition 4,,REP,No,9,3,6,0
Jack,4,Proposition 5,,REP,Over Votes,0,0,0,0
Jack,4,Proposition 5,,REP,Under Votes,12,9,3,0
Jack,4,Proposition 5,,REP,Yes,317,201,99,17
Jack,4,Proposition 5,,REP,No,31,20,9,2
Jack,4,Proposition 6,,REP,Over Votes,0,0,0,0
Jack,4,Proposition 6,,REP,Under Votes,10,7,3,0
Jack,4,Proposition 6,,REP,Yes,332,212,101,19
Jack,4,Proposition 6,,REP,No,18,11,7,0
Jack,4,Proposition 7,,REP,Over Votes,0,0,0,0
Jack,4,Proposition 7,,REP,Under Votes,11,8,3,0
Jack,4,Proposition 7,,REP,Yes,348,221,108,19
Jack,4,Proposition 7,,REP,No,1,1,0,0
Jack,4,Proposition 8,,REP,Over Votes,0,0,0,0
Jack,4,Proposition 8,,REP,Under Votes,13,9,4,0
Jack,4,Proposition 8,,REP,Yes,346,220,107,19
Jack,4,Proposition 8,,REP,No,1,1,0,0
Jack,4,Proposition 9,,REP,Over Votes,0,0,0,0
Jack,4,Proposition 9,,REP,Under Votes,11,7,4,0
Jack,4,Proposition 9,,REP,Yes,330,210,102,18
Jack,4,Proposition 9,,REP,No,19,13,5,1
Jack,4,Proposition 10,,REP,Over Votes,0,0,0,0
Jack,4,Proposition 10,,REP,Under Votes,19,14,5,0
Jack,4,Proposition 10,,REP,Yes,322,202,102,18
Jack,4,Proposition 10,,REP,No,19,14,4,1
Jack,5,Registered Voters,,,,654,,,
Jack,5,Ballots Cast,,REP,,267,,,
Jack,5,Ballots Cast,,DEM,,16,,,
Jack,5,President,,DEM,Over Votes,0,0,0,0
Jack,5,President,,DEM,Under Votes,0,0,0,0
Jack,5,President,,DEM,Marianne Williamson,0,0,0,0
Jack,5,President,,DEM,Julian Castro,0,0,0,0
Jack,5,President,,DEM,Elizabeth Warren,1,0,1,0
Jack,5,President,,DEM,Michael Bennet,0,0,0,0
Jack,5,President,,DEM,Amy Klobuchar,0,0,0,0
Jack,5,President,,DEM,Joseph R. Biden,8,2,6,0
Jack,5,President,,DEM,John K. Delaney,0,0,0,0
Jack,5,President,,DEM,Deval Patrick,0,0,0,0
Jack,5,President,,DEM,Bernie Sanders,1,0,1,0
Jack,5,President,,DEM,Tom Steyer,0,0,0,0
Jack,5,President,,DEM,Tulsi Gabbard,0,0,0,0
Jack,5,President,,DEM,Michael R. Bloomberg,6,2,3,1
Jack,5,President,,DEM,Pete Buttigieg,0,0,0,0
Jack,5,President,,DEM,Robby Wells,0,0,0,0
Jack,5,President,,DEM,"Roque ""Rocky"" De La Fuente",0,0,0,0
Jack,5,President,,DEM,Cory Booker,0,0,0,0
Jack,5,President,,DEM,Andrew Yang,0,0,0,0
Jack,5,U.S. Senate,,DEM,Over Votes,0,0,0,0
Jack,5,U.S. Senate,,DEM,Under Votes,2,0,1,1
Jack,5,U.S. Senate,,DEM,D.R. Hunter,0,0,0,0
Jack,5,U.S. Senate,,DEM,"Mary ""MJ"" Hegar",3,2,1,0
Jack,5,U.S. Senate,,DEM,Adrian Ocegueda,0,0,0,0
Jack,5,U.S. Senate,,DEM,Royce West,2,1,1,0
Jack,5,U.S. Senate,,DEM,Amanda K. Edwards,5,0,5,0
Jack,5,U.S. Senate,,DEM,Jack Daniel Foster Jr,2,0,2,0
Jack,5,U.S. Senate,,DEM,Sema Hernandez,0,0,0,0
Jack,5,U.S. Senate,,DEM,Chris Bell,2,1,1,0
Jack,5,U.S. Senate,,DEM,"Annie ""Mam"" Garcia",0,0,0,0
Jack,5,U.S. Senate,,DEM,Cristina Tzintzun Ramirez,0,0,0,0
Jack,5,U.S. Senate,,DEM,Victor Hugo Harris,0,0,0,0
Jack,5,U.S. Senate,,DEM,Michael Cooper,0,0,0,0
Jack,5,U.S. House,13,DEM,Over Votes,0,0,0,0
Jack,5,U.S. House,13,DEM,Under Votes,2,1,0,1
Jack,5,U.S. House,13,DEM,Timothy W. Gassaway,5,2,3,0
Jack,5,U.S. House,13,DEM,Gus Trujillo,3,0,3,0
Jack,5,U.S. House,13,DEM,Greg Sagan,6,1,5,0
Jack,5,Railroad Commissioner,,DEM,Over Votes,0,0,0,0
Jack,5,Railroad Commissioner,,DEM,Under Votes,3,1,1,1
Jack,5,Railroad Commissioner,,DEM,"Roberto R. ""Beto"" Alonzo",1,0,1,0
Jack,5,Railroad Commissioner,,DEM,Kelly Stone,6,1,5,0
Jack,5,Railroad Commissioner,,DEM,Mark Watson,4,2,2,0
Jack,5,Railroad Commissioner,,DEM,Chrysta Castaeda,2,0,2,0
Jack,5,"Chief Justice, Supreme Court",,DEM,Over Votes,0,0,0,0
Jack,5,"Chief Justice, Supreme Court",,DEM,Under Votes,3,1,1,1
Jack,5,"Chief Justice, Supreme Court",,DEM,Amy Clark Meachum,10,2,8,0
Jack,5,"Chief Justice, Supreme Court",,DEM,Jerry Zimmerer,3,1,2,0
Jack,5,"Justice, Supreme Court, Place 6 Unexpired Term",,DEM,Over Votes,0,0,0,0
Jack,5,"Justice, Supreme Court, Place 6 Unexpired Term",,DEM,Under Votes,3,1,1,1
Jack,5,"Justice, Supreme Court, Place 6 Unexpired Term",,DEM,Larry Praeger,4,2,2,0
Jack,5,"Justice, Supreme Court, Place 6 Unexpired Term",,DEM,Kathy Cheng,9,1,8,0
Jack,5,"Justice, Supreme Court, Place 7",,DEM,Over Votes,0,0,0,0
Jack,5,"Justice, Supreme Court, Place 7",,DEM,Under Votes,3,1,1,1
Jack,5,"Justice, Supreme Court, Place 7",,DEM,Brandy Voss,3,0,3,0
Jack,5,"Justice, Supreme Court, Place 7",,DEM,Staci Williams,10,3,7,0
Jack,5,"Justice, Supreme Court, Place 8",,DEM,Over Votes,0,0,0,0
Jack,5,"Justice, Supreme Court, Place 8",,DEM,Under Votes,3,1,1,1
Jack,5,"Justice, Supreme Court, Place 8",,DEM,Gisela D. Triana,5,0,5,0
Jack,5,"Justice, Supreme Court, Place 8",,DEM,Peter Kelly,8,3,5,0
Jack,5,"Judge, Court of Criminal Appeals, Place 3",,DEM,Over Votes,0,0,0,0
Jack,5,"Judge, Court of Criminal Appeals, Place 3",,DEM,Under Votes,3,1,1,1
Jack,5,"Judge, Court of Criminal Appeals, Place 3",,DEM,Dan Wood,3,1,2,0
Jack,5,"Judge, Court of Criminal Appeals, Place 3",,DEM,Elizabeth Davis Frizell,9,2,7,0
Jack,5,"Judge, Court of Criminal Appeals, Place 3",,DEM,William Pieratt Demond,1,0,1,0
Jack,5,"Judge, Court of Criminal Appeals, Place 4",,DEM,Over Votes,0,0,0,0
Jack,5,"Judge, Court of Criminal Appeals, Place 4",,DEM,Under Votes,3,1,1,1
Jack,5,"Judge, Court of Criminal Appeals, Place 4",,DEM,Tina Clinton,10,3,7,0
Jack,5,"Judge, Court of Criminal Appeals, Place 4",,DEM,Steven Miears,3,0,3,0
Jack,5,"Judge, Court of Criminal Appeals, Place 9",,DEM,Over Votes,0,0,0,0
Jack,5,"Judge, Court of Criminal Appeals, Place 9",,DEM,Under Votes,2,1,1,0
Jack,5,"Judge, Court of Criminal Appeals, Place 9",,DEM,Brandon Birmingham,14,3,10,1
Jack,5,"Member, State Board of Education",14,DEM,Over Votes,0,0,0,0
Jack,5,"Member, State Board of Education",14,DEM,Under Votes,2,1,1,0
Jack,5,"Member, State Board of Education",14,DEM,Greg Alvord,14,3,10,1
Jack,5,State Representative,68,DEM,Over Votes,0,0,0,0
Jack,5,State Representative,68,DEM,Under Votes,2,1,1,0
Jack,5,State Representative,68,DEM,Patsy Ledbetter,14,3,10,1
Jack,5,"Justice, 2nd Court of Appeals District, Place 6",,DEM,Over Votes,0,0,0,0
Jack,5,"Justice, 2nd Court of Appeals District, Place 6",,DEM,Under Votes,2,1,1,0
Jack,5,"Justice, 2nd Court of Appeals District, Place 6",,DEM,Delonia A. Watson,14,3,10,1
Jack,5,County Chairman,,DEM,Over Votes,0,0,0,0
Jack,5,County Chairman,,DEM,Under Votes,3,2,1,0
Jack,5,County Chairman,,DEM,John Barry IV,13,2,10,1
Jack,5,Registered Voters,,,,654,,,
Jack,5,Ballots Cast,,REP,,267,,,
Jack,5,Ballots Cast,,DEM,,16,,,
Jack,5,President,,REP,Over Votes,0,0,0,0
Jack,5,President,,REP,Under Votes,0,0,0,0
Jack,5,President,,REP,Joe Walsh,0,0,0,0
Jack,5,President,,REP,"Roque ""Rocky"" De La Fuente Guerra",0,0,0,0
Jack,5,President,,REP,Donald J. Trump,261,84,156,21
Jack,5,President,,REP,Bill Weld,0,0,0,0
Jack,5,President,,REP,Matthew John Matern,0,0,0,0
Jack,5,President,,REP,Zoltan G. Istvan,0,0,0,0
Jack,5,President,,REP,Bob Ely,0,0,0,0
Jack,5,President,,REP,Uncommitted,6,0,5,1
Jack,5,U.S. Senate,,REP,Over Votes,0,0,0,0
Jack,5,U.S. Senate,,REP,Under Votes,26,5,17,4
Jack,5,U.S. Senate,,REP,Mark Yancey,22,10,10,2
Jack,5,U.S. Senate,,REP,John Anthony Castro,11,2,9,0
Jack,5,U.S. Senate,,REP,John Cornyn,156,49,91,16
Jack,5,U.S. Senate,,REP,Virgil Bierschwale,2,0,2,0
Jack,5,U.S. Senate,,REP,Dwayne Stovall,50,18,32,0
Jack,5,U.S. House,13,REP,Over Votes,0,0,0,0
Jack,5,U.S. House,13,REP,Under Votes,43,12,29,2
Jack,5,U.S. House,13,REP,Chris Ekstrom,48,9,29,10
Jack,5,U.S. House,13,REP,Elaine Hays,25,16,9,0
Jack,5,U.S. House,13,REP,Monique Worthy,2,1,1,0
Jack,5,U.S. House,13,REP,Diane Knowlton,7,1,6,0
Jack,5,U.S. House,13,REP,Matt McArthur,24,7,16,1
Jack,5,U.S. House,13,REP,Jamie Culley,1,0,1,0
Jack,5,U.S. House,13,REP,Josh Winegarner,80,31,42,7
Jack,5,U.S. House,13,REP,"Cartherine ""I Swear"" Carr",1,1,0,0
Jack,5,U.S. House,13,REP,Jason Foglesong,0,0,0,0
Jack,5,U.S. House,13,REP,Asusena Resndiz,2,0,2,0
Jack,5,U.S. House,13,REP,Vance Snider II,5,2,2,1
Jack,5,U.S. House,13,REP,Lee Harvey,6,2,4,0
Jack,5,U.S. House,13,REP,Mark Neese,2,0,2,0
Jack,5,U.S. House,13,REP,Richard Herman,2,0,2,0
Jack,5,U.S. House,13,REP,Ronny Jackson,19,2,16,1
Jack,5,Railroad Commissioner,,REP,Over Votes,0,0,0,0
Jack,5,Railroad Commissioner,,REP,Under Votes,51,10,33,8
Jack,5,Railroad Commissioner,,REP,Ryan Sitton,93,31,56,6
Jack,5,Railroad Commissioner,,REP,"James ""Jim"" Wright",123,43,72,8
Jack,5,"Chief Justice, Supreme Court",,REP,Over Votes,0,0,0,0
Jack,5,"Chief Justice, Supreme Court",,REP,Under Votes,49,11,31,7
Jack,5,"Chief Justice, Supreme Court",,REP,Nathan Hecht,218,73,130,15
Jack,5,"Justice, Supreme Court, Place 6 Unexpired Term",,REP,Over Votes,0,0,0,0
Jack,5,"Justice, Supreme Court, Place 6 Unexpired Term",,REP,Under Votes,57,12,38,7
Jack,5,"Justice, Supreme Court, Place 6 Unexpired Term",,REP,Jane Bland,210,72,123,15
Jack,5,"Justice, Supreme Court, Place 7",,REP,Over Votes,0,0,0,0
Jack,5,"Justice, Supreme Court, Place 7",,REP,Under Votes,55,12,36,7
Jack,5,"Justice, Supreme Court, Place 7",,REP,Jeff Boyd,212,72,125,15
Jack,5,"Justice, Supreme Court, Place 8",,REP,Over Votes,0,0,0,0
Jack,5,"Justice, Supreme Court, Place 8",,REP,Under Votes,59,13,39,7
Jack,5,"Justice, Supreme Court, Place 8",,REP,Brett Busby,208,71,122,15
Jack,5,"Judge, Court of Criminal Appeals, Place 3",,REP,Over Votes,0,0,0,0
Jack,5,"Judge, Court of Criminal Appeals, Place 3",,REP,Under Votes,55,12,37,6
Jack,5,"Judge, Court of Criminal Appeals, Place 3",,REP,Bert Richardson,132,49,71,12
Jack,5,"Judge, Court of Criminal Appeals, Place 3",,REP,Over Votes,0,0,0,0
Jack,5,"Judge, Court of Criminal Appeals, Place 3",,REP,Under Votes,55,12,37,6
Jack,5,"Judge, Court of Criminal Appeals, Place 3",,REP,Gina Parker,80,23,53,4
Jack,5,"Judge, Court of Criminal Appeals, Place 4",,REP,Over Votes,0,0,0,0
Jack,5,"Judge, Court of Criminal Appeals, Place 4",,REP,Under Votes,61,13,39,9
Jack,5,"Judge, Court of Criminal Appeals, Place 4",,REP,Kevin Patrick Yeary,206,71,122,13
Jack,5,"Judge, Court of Criminal Appeals, Place 9",,REP,Over Votes,0,0,0,0
Jack,5,"Judge, Court of Criminal Appeals, Place 9",,REP,Under Votes,60,12,40,8
Jack,5,"Judge, Court of Criminal Appeals, Place 9",,REP,David Newell,207,72,121,14
Jack,5,"Member, State Board of Education",14,REP,Over Votes,0,0,0,0
Jack,5,"Member, State Board of Education",14,REP,Under Votes,55,13,38,4
Jack,5,"Member, State Board of Education",14,REP,Maria Y. Berry,92,38,48,6
Jack,5,"Member, State Board of Education",14,REP,Sue Melton-Malone,120,33,75,12
Jack,5,State Representative,68,REP,Over Votes,0,0,0,0
Jack,5,State Representative,68,REP,Under Votes,49,11,33,5
Jack,5,State Representative,68,REP,Drew Springer,218,73,128,17
Jack,5,"Justice, 2nd Court of Appeals District, Place 2",,REP,Over Votes,0,0,0,0
Jack,5,"Justice, 2nd Court of Appeals District, Place 2",,REP,Under Votes,60,11,42,7
Jack,5,"Justice, 2nd Court of Appeals District, Place 2",,REP,Dana Womack,207,73,119,15
Jack,5,"Justice, 2nd Court of Appeals District, Place 6",,REP,Over Votes,0,0,0,0
Jack,5,"Justice, 2nd Court of Appeals District, Place 6",,REP,Under Votes,63,13,43,7
Jack,5,"Justice, 2nd Court of Appeals District, Place 6",,REP,Mike Wallach,204,71,118,15
Jack,5,"Justice, 2nd Court of Appeals District, Place 7",,REP,Over Votes,0,0,0,0
Jack,5,"Justice, 2nd Court of Appeals District, Place 7",,REP,Under Votes,62,15,41,6
Jack,5,"Justice, 2nd Court of Appeals District, Place 7",,REP,John P. Chupp,36,14,20,2
Jack,5,"Justice, 2nd Court of Appeals District, Place 7",,REP,Brian Walker,130,44,74,12
Jack,5,"Justice, 2nd Court of Appeals District, Place 7",,REP,Elizabeth Beach,39,11,26,2
Jack,5,"District Attorney, 271st Judicial District",,REP,Over Votes,0,0,0,0
Jack,5,"District Attorney, 271st Judicial District",,REP,Under Votes,53,9,37,7
Jack,5,"District Attorney, 271st Judicial District",,REP,Greg Lowery,214,75,124,15
Jack,5,County Attorney,,REP,Over Votes,0,0,0,0
Jack,5,County Attorney,,REP,Under Votes,55,13,37,5
Jack,5,County Attorney,,REP,Brad Dixon,212,71,124,17
Jack,5,Sheriff,,REP,Over Votes,0,0,0,0
Jack,5,Sheriff,,REP,Under Votes,5,3,2,0
Jack,5,Sheriff,,REP,Robert Charles (R. C.) Langford,80,33,41,6
Jack,5,Sheriff,,REP,Tom Spurlock,182,48,118,16
Jack,5,County Tax Assessor-Collector,,REP,Over Votes,0,0,0,0
Jack,5,County Tax Assessor-Collector,,REP,Under Votes,30,7,20,3
Jack,5,County Tax Assessor-Collector,,REP,Sharon Robinson,237,77,141,19
Jack,5,"County Commissioner, Precinct 3",,REP,"Henry D. Birdwell, Jr.",246,77,147,22
Jack,5,Constable,,REP,Over Votes,0,0,0,0
Jack,5,Constable,,REP,Under Votes,38,8,25,5
Jack,5,Constable,,REP,Clyde E. Watson,229,76,136,17
Jack,5,County Chairman,,REP,Over Votes,0,0,0,0
Jack,5,County Chairman,,REP,Under Votes,43,10,31,2
Jack,5,County Chairman,,REP,Sharon Van Baale,224,74,130,20
Jack,5,Proposition #1,,DEM,Over Votes,0,0,0,0
Jack,5,Proposition #1,,DEM,Under Votes,1,0,1,0
Jack,5,Proposition #1,,DEM,Yes,11,3,8,0
Jack,5,Proposition #1,,DEM,No,4,1,2,1
Jack,5,Proposition #2,,DEM,Over Votes,0,0,0,0
Jack,5,Proposition #2,,DEM,Under Votes,0,0,0,0
Jack,5,Proposition #2,,DEM,Yes,13,3,10,0
Jack,5,Proposition #2,,DEM,No,3,1,1,1
Jack,5,Proposition #3,,DEM,Over Votes,0,0,0,0
Jack,5,Proposition #3,,DEM,Under Votes,1,0,1,0
Jack,5,Proposition #3,,DEM,Yes,14,4,10,0
Jack,5,Proposition #3,,DEM,No,1,0,0,1
Jack,5,Proposition #4,,DEM,Over Votes,0,0,0,0
Jack,5,Proposition #4,,DEM,Under Votes,2,0,2,0
Jack,5,Proposition #4,,DEM,Yes,11,3,8,0
Jack,5,Proposition #4,,DEM,No,3,1,1,1
Jack,5,Proposition #5,,DEM,Over Votes,0,0,0,0
Jack,5,Proposition #5,,DEM,Under Votes,1,0,1,0
Jack,5,Proposition #5,,DEM,Yes,12,3,9,0
Jack,5,Proposition #5,,DEM,No,3,1,1,1
Jack,5,Proposition #6,,DEM,Over Votes,0,0,0,0
Jack,5,Proposition #6,,DEM,Under Votes,1,0,1,0
Jack,5,Proposition #6,,DEM,Yes,13,4,9,0
Jack,5,Proposition #6,,DEM,No,2,0,1,1
Jack,5,Proposition #7,,DEM,Over Votes,0,0,0,0
Jack,5,Proposition #7,,DEM,Under Votes,2,0,2,0
Jack,5,Proposition #7,,DEM,Yes,12,4,8,0
Jack,5,Proposition #7,,DEM,No,2,0,1,1
Jack,5,Proposition #8,,DEM,Over Votes,0,0,0,0
Jack,5,Proposition #8,,DEM,Under Votes,1,0,1,0
Jack,5,Proposition #8,,DEM,Yes,13,4,9,0
Jack,5,Proposition #8,,DEM,No,2,0,1,1
Jack,5,Proposition #9,,DEM,Over Votes,0,0,0,0
Jack,5,Proposition #9,,DEM,Under Votes,2,0,1,1
Jack,5,Proposition #9,,DEM,Yes,12,3,9,0
Jack,5,Proposition #9,,DEM,No,2,1,1,0
Jack,5,Proposition #10,,DEM,Over Votes,0,0,0,0
Jack,5,Proposition #10,,DEM,Under Votes,1,0,1,0
Jack,5,Proposition #10,,DEM,Yes,13,3,10,0
Jack,5,Proposition #10,,DEM,No,2,1,0,1
Jack,5,Proposition #11,,DEM,Over Votes,0,0,0,0
Jack,5,Proposition #11,,DEM,Under Votes,2,0,1,1
Jack,5,Proposition #11,,DEM,Yes,14,4,10,0
Jack,5,Proposition #11,,DEM,No,0,0,0,0
Jack,5,Proposition 1,,REP,Over Votes,0,0,0,0
Jack,5,Proposition 1,,REP,Under Votes,12,5,5,2
Jack,5,Proposition 1,,REP,Yes,219,66,137,16
Jack,5,Proposition 1,,REP,No,36,13,19,4
Jack,5,Proposition 2,,REP,Over Votes,0,0,0,0
Jack,5,Proposition 2,,REP,Under Votes,9,1,6,2
Jack,5,Proposition 2,,REP,Yes,230,77,134,19
Jack,5,Proposition 2,,REP,No,28,6,21,1
Jack,5,Proposition 3,,REP,Over Votes,0,0,0,0
Jack,5,Proposition 3,,REP,Under Votes,12,1,11,0
Jack,5,Proposition 3,,REP,Yes,245,79,146,20
Jack,5,Proposition 3,,REP,No,10,4,4,2
Jack,5,Proposition 4,,REP,Over Votes,0,0,0,0
Jack,5,Proposition 4,,REP,Under Votes,10,1,9,0
Jack,5,Proposition 4,,REP,Yes,249,83,145,21
Jack,5,Proposition 4,,REP,No,8,0,7,1
Jack,5,Proposition 5,,REP,Over Votes,0,0,0,0
Jack,5,Proposition 5,,REP,Under Votes,13,1,10,2
Jack,5,Proposition 5,,REP,Yes,228,75,135,18
Jack,5,Proposition 5,,REP,No,26,8,16,2
Jack,5,Proposition 6,,REP,Over Votes,0,0,0,0
Jack,5,Proposition 6,,REP,Under Votes,11,1,8,2
Jack,5,Proposition 6,,REP,Yes,240,77,143,20
Jack,5,Proposition 6,,REP,No,16,6,10,0
Jack,5,Proposition 7,,REP,Over Votes,0,0,0,0
Jack,5,Proposition 7,,REP,Under Votes,9,1,7,1
Jack,5,Proposition 7,,REP,Yes,257,83,153,21
Jack,5,Proposition 7,,REP,No,1,0,1,0
Jack,5,Proposition 8,,REP,Over Votes,0,0,0,0
Jack,5,Proposition 8,,REP,Under Votes,16,3,13,0
Jack,5,Proposition 8,,REP,Yes,250,81,148,21
Jack,5,Proposition 8,,REP,No,1,0,0,1
Jack,5,Proposition 9,,REP,Over Votes,0,0,0,0
Jack,5,Proposition 9,,REP,Under Votes,15,2,13,0
Jack,5,Proposition 9,,REP,Yes,239,76,141,22
Jack,5,Proposition 9,,REP,No,13,6,7,0
Jack,5,Proposition 10,,REP,Over Votes,0,0,0,0
Jack,5,Proposition 10,,REP,Under Votes,10,0,9,1
Jack,5,Proposition 10,,REP,Yes,241,76,147,18
Jack,5,Proposition 10,,REP,No,16,8,5,3
Jack,6,Registered Voters,,,,1178,,,
Jack,6,Ballots Cast,,REP,,434,,,
Jack,6,Ballots Cast,,DEM,,46,,,
Jack,6,President,,DEM,Over Votes,0,0,0,0
Jack,6,President,,DEM,Under Votes,1,1,0,0
Jack,6,President,,DEM,Marianne Williamson,0,0,0,0
Jack,6,President,,DEM,Julian Castro,0,0,0,0
Jack,6,President,,DEM,Elizabeth Warren,3,1,1,1
Jack,6,President,,DEM,Michael Bennet,0,0,0,0
Jack,6,President,,DEM,Amy Klobuchar,0,0,0,0
Jack,6,President,,DEM,Joseph R. Biden,19,11,5,3
Jack,6,President,,DEM,John K. Delaney,0,0,0,0
Jack,6,President,,DEM,Deval Patrick,0,0,0,0
Jack,6,President,,DEM,Bernie Sanders,11,6,5,0
Jack,6,President,,DEM,Tom Steyer,2,2,0,0
Jack,6,President,,DEM,Tulsi Gabbard,0,0,0,0
Jack,6,President,,DEM,Michael R. Bloomberg,9,5,3,1
Jack,6,President,,DEM,Pete Buttigieg,1,1,0,0
Jack,6,President,,DEM,Robby Wells,0,0,0,0
Jack,6,President,,DEM,"Roque ""Rocky"" De La Fuente",0,0,0,0
Jack,6,President,,DEM,Cory Booker,0,0,0,0
Jack,6,President,,DEM,Andrew Yang,0,0,0,0
Jack,6,U.S. Senate,,DEM,Over Votes,0,0,0,0
Jack,6,U.S. Senate,,DEM,Under Votes,7,3,4,0
Jack,6,U.S. Senate,,DEM,D.R. Hunter,2,2,0,0
Jack,6,U.S. Senate,,DEM,"Mary ""MJ"" Hegar",12,8,1,3
Jack,6,U.S. Senate,,DEM,Adrian Ocegueda,1,1,0,0
Jack,6,U.S. Senate,,DEM,Royce West,7,4,2,1
Jack,6,U.S. Senate,,DEM,Amanda K. Edwards,3,1,2,0
Jack,6,U.S. Senate,,DEM,Jack Daniel Foster Jr,2,1,1,0
Jack,6,U.S. Senate,,DEM,Sema Hernandez,5,3,2,0
Jack,6,U.S. Senate,,DEM,Chris Bell,3,3,0,0
Jack,6,U.S. Senate,,DEM,"Annie ""Mam"" Garcia",1,1,0,0
Jack,6,U.S. Senate,,DEM,Cristina Tzintzun Ramirez,2,0,2,0
Jack,6,U.S. Senate,,DEM,Victor Hugo Harris,0,0,0,0
Jack,6,U.S. Senate,,DEM,Michael Cooper,1,0,0,1
Jack,6,U.S. House,13,DEM,Over Votes,0,0,0,0
Jack,6,U.S. House,13,DEM,Under Votes,6,1,5,0
Jack,6,U.S. House,13,DEM,Timothy W. Gassaway,14,10,3,1
Jack,6,U.S. House,13,DEM,Gus Trujillo,11,7,2,2
Jack,6,U.S. House,13,DEM,Greg Sagan,15,9,4,2
Jack,6,Railroad Commissioner,,DEM,Over Votes,0,0,0,0
Jack,6,Railroad Commissioner,,DEM,Under Votes,7,2,5,0
Jack,6,Railroad Commissioner,,DEM,"Roberto R. ""Beto"" Alonzo",7,6,1,0
Jack,6,Railroad Commissioner,,DEM,Kelly Stone,9,5,2,2
Jack,6,Railroad Commissioner,,DEM,Mark Watson,11,8,2,1
Jack,6,Railroad Commissioner,,DEM,Chrysta Castaeda,12,6,4,2
Jack,6,"Chief Justice, Supreme Court",,DEM,Over Votes,0,0,0,0
Jack,6,"Chief Justice, Supreme Court",,DEM,Under Votes,5,2,3,0
Jack,6,"Chief Justice, Supreme Court",,DEM,Amy Clark Meachum,37,24,8,5
Jack,6,"Chief Justice, Supreme Court",,DEM,Jerry Zimmerer,4,1,3,0
Jack,6,"Justice, Supreme Court, Place 6 Unexpired Term",,DEM,Over Votes,0,0,0,0
Jack,6,"Justice, Supreme Court, Place 6 Unexpired Term",,DEM,Under Votes,5,1,4,0
Jack,6,"Justice, Supreme Court, Place 6 Unexpired Term",,DEM,Larry Praeger,15,10,3,2
Jack,6,"Justice, Supreme Court, Place 6 Unexpired Term",,DEM,Kathy Cheng,26,16,7,3
Jack,6,"Justice, Supreme Court, Place 7",,DEM,Over Votes,0,0,0,0
Jack,6,"Justice, Supreme Court, Place 7",,DEM,Under Votes,5,1,4,0
Jack,6,"Justice, Supreme Court, Place 7",,DEM,Brandy Voss,11,8,2,1
Jack,6,"Justice, Supreme Court, Place 7",,DEM,Staci Williams,30,18,8,4
Jack,6,"Justice, Supreme Court, Place 8",,DEM,Over Votes,0,0,0,0
Jack,6,"Justice, Supreme Court, Place 8",,DEM,Under Votes,6,2,4,0
Jack,6,"Justice, Supreme Court, Place 8",,DEM,Gisela D. Triana,19,9,7,3
Jack,6,"Justice, Supreme Court, Place 8",,DEM,Peter Kelly,21,16,3,2
Jack,6,"Judge, Court of Criminal Appeals, Place 3",,DEM,Over Votes,0,0,0,0
Jack,6,"Judge, Court of Criminal Appeals, Place 3",,DEM,Under Votes,5,1,4,0
Jack,6,"Judge, Court of Criminal Appeals, Place 3",,DEM,Dan Wood,9,9,0,0
Jack,6,"Judge, Court of Criminal Appeals, Place 3",,DEM,Elizabeth Davis Frizell,28,14,9,5
Jack,6,"Judge, Court of Criminal Appeals, Place 3",,DEM,William Pieratt Demond,4,3,1,0
Jack,6,"Judge, Court of Criminal Appeals, Place 4",,DEM,Over Votes,0,0,0,0
Jack,6,"Judge, Court of Criminal Appeals, Place 4",,DEM,Under Votes,6,2,4,0
Jack,6,"Judge, Court of Criminal Appeals, Place 4",,DEM,Tina Clinton,29,17,8,4
Jack,6,"Judge, Court of Criminal Appeals, Place 4",,DEM,Steven Miears,11,8,2,1
Jack,6,"Judge, Court of Criminal Appeals, Place 9",,DEM,Over Votes,0,0,0,0
Jack,6,"Judge, Court of Criminal Appeals, Place 9",,DEM,Under Votes,9,2,7,0
Jack,6,"Judge, Court of Criminal Appeals, Place 9",,DEM,Brandon Birmingham,37,25,7,5
Jack,6,"Member, State Board of Education",14,DEM,Over Votes,0,0,0,0
Jack,6,"Member, State Board of Education",14,DEM,Under Votes,10,2,8,0
Jack,6,"Member, State Board of Education",14,DEM,Greg Alvord,36,25,6,5
Jack,6,State Representative,68,DEM,Over Votes,0,0,0,0
Jack,6,State Representative,68,DEM,Under Votes,10,3,7,0
Jack,6,State Representative,68,DEM,Patsy Ledbetter,36,24,7,5
Jack,6,"Justice, 2nd Court of Appeals District, Place 6",,DEM,Over Votes,0,0,0,0
Jack,6,"Justice, 2nd Court of Appeals District, Place 6",,DEM,Under Votes,10,3,7,0
Jack,6,"Justice, 2nd Court of Appeals District, Place 6",,DEM,Delonia A. Watson,36,24,7,5
Jack,6,County Chairman,,DEM,Over Votes,0,0,0,0
Jack,6,County Chairman,,DEM,Under Votes,13,5,8,0
Jack,6,County Chairman,,DEM,John Barry IV,33,22,6,5
Jack,6,Registered Voters,,,,1178,,,
Jack,6,Ballots Cast,,REP,,434,,,
Jack,6,Ballots Cast,,DEM,,46,,,
Jack,6,President,,REP,Over Votes,0,0,0,0
Jack,6,President,,REP,Under Votes,4,1,2,1
Jack,6,President,,REP,Joe Walsh,3,2,0,1
Jack,6,President,,REP,"Roque ""Rocky"" De La Fuente Guerra",3,2,1,0
Jack,6,President,,REP,Donald J. Trump,414,224,158,32
Jack,6,President,,REP,Bill Weld,1,0,1,0
Jack,6,President,,REP,Matthew John Matern,0,0,0,0
Jack,6,President,,REP,Zoltan G. Istvan,0,0,0,0
Jack,6,President,,REP,Bob Ely,0,0,0,0
Jack,6,President,,REP,Uncommitted,9,3,4,2
Jack,6,U.S. Senate,,REP,Over Votes,0,0,0,0
Jack,6,U.S. Senate,,REP,Under Votes,46,26,18,2
Jack,6,U.S. Senate,,REP,Mark Yancey,39,15,23,1
Jack,6,U.S. Senate,,REP,John Anthony Castro,21,7,12,2
Jack,6,U.S. Senate,,REP,John Cornyn,284,159,97,28
Jack,6,U.S. Senate,,REP,Virgil Bierschwale,6,2,4,0
Jack,6,U.S. Senate,,REP,Dwayne Stovall,38,23,12,3
Jack,6,U.S. House,13,REP,Over Votes,0,0,0,0
Jack,6,U.S. House,13,REP,Under Votes,61,31,21,9
Jack,6,U.S. House,13,REP,Chris Ekstrom,88,44,38,6
Jack,6,U.S. House,13,REP,Elaine Hays,48,33,13,2
Jack,6,U.S. House,13,REP,Monique Worthy,3,1,2,0
Jack,6,U.S. House,13,REP,Diane Knowlton,13,6,6,1
Jack,6,U.S. House,13,REP,Matt McArthur,18,11,6,1
Jack,6,U.S. House,13,REP,Jamie Culley,3,1,2,0
Jack,6,U.S. House,13,REP,Josh Winegarner,133,83,43,7
Jack,6,U.S. House,13,REP,"Cartherine ""I Swear"" Carr",3,2,1,0
Jack,6,U.S. House,13,REP,Jason Foglesong,1,1,0,0
Jack,6,U.S. House,13,REP,Asusena Resndiz,0,0,0,0
Jack,6,U.S. House,13,REP,Vance Snider II,7,5,2,0
Jack,6,U.S. House,13,REP,Lee Harvey,6,2,1,3
Jack,6,U.S. House,13,REP,Mark Neese,6,3,2,1
Jack,6,U.S. House,13,REP,Richard Herman,4,3,1,0
Jack,6,U.S. House,13,REP,Ronny Jackson,40,6,28,6
Jack,6,Railroad Commissioner,,REP,Over Votes,0,0,0,0
Jack,6,Railroad Commissioner,,REP,Under Votes,79,43,27,9
Jack,6,Railroad Commissioner,,REP,Ryan Sitton,152,83,53,16
Jack,6,Railroad Commissioner,,REP,"James ""Jim"" Wright",203,106,86,11
Jack,6,"Chief Justice, Supreme Court",,REP,Over Votes,0,0,0,0
Jack,6,"Chief Justice, Supreme Court",,REP,Under Votes,92,55,29,8
Jack,6,"Chief Justice, Supreme Court",,REP,Nathan Hecht,342,177,137,28
Jack,6,"Justice, Supreme Court, Place 6 Unexpired Term",,REP,Over Votes,0,0,0,0
Jack,6,"Justice, Supreme Court, Place 6 Unexpired Term",,REP,Under Votes,87,49,28,10
Jack,6,"Justice, Supreme Court, Place 6 Unexpired Term",,REP,Jane Bland,347,183,138,26
Jack,6,"Justice, Supreme Court, Place 7",,REP,Over Votes,0,0,0,0
Jack,6,"Justice, Supreme Court, Place 7",,REP,Under Votes,96,58,28,10
Jack,6,"Justice, Supreme Court, Place 7",,REP,Jeff Boyd,338,174,138,26
Jack,6,"Justice, Supreme Court, Place 8",,REP,Over Votes,0,0,0,0
Jack,6,"Justice, Supreme Court, Place 8",,REP,Under Votes,96,57,29,10
Jack,6,"Justice, Supreme Court, Place 8",,REP,Brett Busby,338,175,137,26
Jack,6,"Judge, Court of Criminal Appeals, Place 3",,REP,Over Votes,1,0,0,1
Jack,6,"Judge, Court of Criminal Appeals, Place 3",,REP,Under Votes,102,53,36,13
Jack,6,"Judge, Court of Criminal Appeals, Place 3",,REP,Bert Richardson,203,103,84,16
Jack,6,"Judge, Court of Criminal Appeals, Place 3",,REP,Over Votes,1,0,0,1
Jack,6,"Judge, Court of Criminal Appeals, Place 3",,REP,Under Votes,102,53,36,13
Jack,6,"Judge, Court of Criminal Appeals, Place 3",,REP,Gina Parker,128,76,46,6
Jack,6,"Judge, Court of Criminal Appeals, Place 4",,REP,Over Votes,0,0,0,0
Jack,6,"Judge, Court of Criminal Appeals, Place 4",,REP,Under Votes,108,64,33,11
Jack,6,"Judge, Court of Criminal Appeals, Place 4",,REP,Kevin Patrick Yeary,326,168,133,25
Jack,6,"Judge, Court of Criminal Appeals, Place 9",,REP,Over Votes,0,0,0,0
Jack,6,"Judge, Court of Criminal Appeals, Place 9",,REP,Under Votes,108,62,33,13
Jack,6,"Judge, Court of Criminal Appeals, Place 9",,REP,David Newell,326,170,133,23
Jack,6,"Member, State Board of Education",14,REP,Over Votes,0,0,0,0
Jack,6,"Member, State Board of Education",14,REP,Under Votes,106,51,39,16
Jack,6,"Member, State Board of Education",14,REP,Maria Y. Berry,133,85,38,10
Jack,6,"Member, State Board of Education",14,REP,Sue Melton-Malone,195,96,89,10
Jack,6,State Representative,68,REP,Over Votes,0,0,0,0
Jack,6,State Representative,68,REP,Under Votes,69,38,24,7
Jack,6,State Representative,68,REP,Drew Springer,365,194,142,29
Jack,6,"Justice, 2nd Court of Appeals District, Place 2",,REP,Over Votes,0,0,0,0
Jack,6,"Justice, 2nd Court of Appeals District, Place 2",,REP,Under Votes,103,59,33,11
Jack,6,"Justice, 2nd Court of Appeals District, Place 2",,REP,Dana Womack,331,173,133,25
Jack,6,"Justice, 2nd Court of Appeals District, Place 6",,REP,Over Votes,0,0,0,0
Jack,6,"Justice, 2nd Court of Appeals District, Place 6",,REP,Under Votes,103,57,35,11
Jack,6,"Justice, 2nd Court of Appeals District, Place 6",,REP,Mike Wallach,331,175,131,25
Jack,6,"Justice, 2nd Court of Appeals District, Place 7",,REP,Over Votes,0,0,0,0
Jack,6,"Justice, 2nd Court of Appeals District, Place 7",,REP,Under Votes,117,61,42,14
Jack,6,"Justice, 2nd Court of Appeals District, Place 7",,REP,John P. Chupp,74,42,28,4
Jack,6,"Justice, 2nd Court of Appeals District, Place 7",,REP,Brian Walker,179,95,72,12
Jack,6,"Justice, 2nd Court of Appeals District, Place 7",,REP,Elizabeth Beach,64,34,24,6
Jack,6,"District Attorney, 271st Judicial District",,REP,Over Votes,0,0,0,0
Jack,6,"District Attorney, 271st Judicial District",,REP,Under Votes,91,50,32,9
Jack,6,"District Attorney, 271st Judicial District",,REP,Greg Lowery,343,182,134,27
Jack,6,County Attorney,,REP,Over Votes,0,0,0,0
Jack,6,County Attorney,,REP,Under Votes,66,35,25,6
Jack,6,County Attorney,,REP,Brad Dixon,368,197,141,30
Jack,6,Sheriff,,REP,Over Votes,0,0,0,0
Jack,6,Sheriff,,REP,Under Votes,12,3,9,0
Jack,6,Sheriff,,REP,Robert Charles (R. C.) Langford,178,96,69,13
Jack,6,Sheriff,,REP,Tom Spurlock,244,133,88,23
Jack,6,County Tax Assessor-Collector,,REP,Over Votes,0,0,0,0
Jack,6,County Tax Assessor-Collector,,REP,Under Votes,44,24,17,3
Jack,6,County Tax Assessor-Collector,,REP,Sharon Robinson,390,208,149,33
Jack,6,Constable,,REP,Over Votes,0,0,0,0
Jack,6,Constable,,REP,Under Votes,52,28,18,6
Jack,6,Constable,,REP,Clyde E. Watson,382,204,148,30
Jack,6,County Chairman,,REP,Over Votes,0,0,0,0
Jack,6,County Chairman,,REP,Under Votes,57,33,20,4
Jack,6,County Chairman,,REP,Sharon Van Baale,377,199,146,32
Jack,6,Proposition #1,,DEM,Over Votes,0,0,0,0
Jack,6,Proposition #1,,DEM,Under Votes,2,2,0,0
Jack,6,Proposition #1,,DEM,Yes,39,24,11,4
Jack,6,Proposition #1,,DEM,No,5,1,3,1
Jack,6,Proposition #2,,DEM,Over Votes,0,0,0,0
Jack,6,Proposition #2,,DEM,Under Votes,2,2,0,0
Jack,6,Proposition #2,,DEM,Yes,42,24,13,5
Jack,6,Proposition #2,,DEM,No,2,1,1,0
Jack,6,Proposition #3,,DEM,Over Votes,0,0,0,0
Jack,6,Proposition #3,,DEM,Under Votes,1,1,0,0
Jack,6,Proposition #3,,DEM,Yes,44,26,13,5
Jack,6,Proposition #3,,DEM,No,1,0,1,0
Jack,6,Proposition #4,,DEM,Over Votes,0,0,0,0
Jack,6,Proposition #4,,DEM,Under Votes,3,1,2,0
Jack,6,Proposition #4,,DEM,Yes,40,24,11,5
Jack,6,Proposition #4,,DEM,No,3,2,1,0
Jack,6,Proposition #5,,DEM,Over Votes,0,0,0,0
Jack,6,Proposition #5,,DEM,Under Votes,4,1,3,0
Jack,6,Proposition #5,,DEM,Yes,42,26,11,5
Jack,6,Proposition #5,,DEM,No,0,0,0,0
Jack,6,Proposition #6,,DEM,Over Votes,0,0,0,0
Jack,6,Proposition #6,,DEM,Under Votes,1,1,0,0
Jack,6,Proposition #6,,DEM,Yes,45,26,14,5
Jack,6,Proposition #6,,DEM,No,0,0,0,0
Jack,6,Proposition #7,,DEM,Over Votes,0,0,0,0
Jack,6,Proposition #7,,DEM,Under Votes,3,1,2,0
Jack,6,Proposition #7,,DEM,Yes,41,25,11,5
Jack,6,Proposition #7,,DEM,No,2,1,1,0
Jack,6,Proposition #8,,DEM,Over Votes,0,0,0,0
Jack,6,Proposition #8,,DEM,Under Votes,2,1,1,0
Jack,6,Proposition #8,,DEM,Yes,44,26,13,5
Jack,6,Proposition #8,,DEM,No,0,0,0,0
Jack,6,Proposition #9,,DEM,Over Votes,0,0,0,0
Jack,6,Proposition #9,,DEM,Under Votes,5,2,3,0
Jack,6,Proposition #9,,DEM,Yes,41,25,11,5
Jack,6,Proposition #9,,DEM,No,0,0,0,0
Jack,6,Proposition #10,,DEM,Over Votes,0,0,0,0
Jack,6,Proposition #10,,DEM,Under Votes,2,1,1,0
Jack,6,Proposition #10,,DEM,Yes,42,25,12,5
Jack,6,Proposition #10,,DEM,No,2,1,1,0
Jack,6,Proposition #11,,DEM,Over Votes,0,0,0,0
Jack,6,Proposition #11,,DEM,Under Votes,2,1,1,0
Jack,6,Proposition #11,,DEM,Yes,40,24,12,4
Jack,6,Proposition #11,,DEM,No,4,2,1,1
Jack,6,Proposition 1,,REP,Over Votes,0,0,0,0
Jack,6,Proposition 1,,REP,Under Votes,13,6,5,2
Jack,6,Proposition 1,,REP,Yes,371,202,138,31
Jack,6,Proposition 1,,REP,No,50,24,23,3
Jack,6,Proposition 2,,REP,Over Votes,0,0,0,0
Jack,6,Proposition 2,,REP,Under Votes,16,8,6,2
Jack,6,Proposition 2,,REP,Yes,344,185,129,30
Jack,6,Proposition 2,,REP,No,74,39,31,4
Jack,6,Proposition 3,,REP,Over Votes,0,0,0,0
Jack,6,Proposition 3,,REP,Under Votes,25,15,9,1
Jack,6,Proposition 3,,REP,Yes,386,206,148,32
Jack,6,Proposition 3,,REP,No,23,11,9,3
Jack,6,Proposition 4,,REP,Over Votes,0,0,0,0
Jack,6,Proposition 4,,REP,Under Votes,28,16,8,4
Jack,6,Proposition 4,,REP,Yes,392,210,152,30
Jack,6,Proposition 4,,REP,No,14,6,6,2
Jack,6,Proposition 5,,REP,Over Votes,0,0,0,0
Jack,6,Proposition 5,,REP,Under Votes,23,10,9,4
Jack,6,Proposition 5,,REP,Yes,385,207,147,31
Jack,6,Proposition 5,,REP,No,26,15,10,1
Jack,6,Proposition 6,,REP,Over Votes,0,0,0,0
Jack,6,Proposition 6,,REP,Under Votes,20,10,7,3
Jack,6,Proposition 6,,REP,Yes,390,207,150,33
Jack,6,Proposition 6,,REP,No,24,15,9,0
Jack,6,Proposition 7,,REP,Over Votes,0,0,0,0
Jack,6,Proposition 7,,REP,Under Votes,15,7,6,2
Jack,6,Proposition 7,,REP,Yes,415,224,157,34
Jack,6,Proposition 7,,REP,No,4,1,3,0
Jack,6,Proposition 8,,REP,Over Votes,0,0,0,0
Jack,6,Proposition 8,,REP,Under Votes,25,15,8,2
Jack,6,Proposition 8,,REP,Yes,404,214,156,34
Jack,6,Proposition 8,,REP,No,5,3,2,0
Jack,6,Proposition 9,,REP,Over Votes,0,0,0,0
Jack,6,Proposition 9,,REP,Under Votes,22,12,6,4
Jack,6,Proposition 9,,REP,Yes,394,208,155,31
Jack,6,Proposition 9,,REP,No,18,12,5,1
Jack,6,Proposition 10,,REP,Over Votes,0,0,0,0
Jack,6,Proposition 10,,REP,Under Votes,24,16,8,0
Jack,6,Proposition 10,,REP,Yes,381,196,150,35
Jack,6,Proposition 10,,REP,No,29,20,8,1