county,precinct,office,district,Candidate,party,votes,election_day,early_voting,mail,provisional,Limited
Kleberg,11,Registered Voters,,,,1701,,,,,
Kleberg,12,Registered Voters,,,,1262,,,,,
Kleberg,13.14,Registered Voters,,,,1799,,,,,
Kleberg,21,Registered Voters,,,,448,,,,,
Kleberg,22.23,Registered Voters,,,,2160,,,,,
Kleberg,24,Registered Voters,,,,1268,,,,,
Kleberg,31,Registered Voters,,,,1285,,,,,
Kleberg,32,Registered Voters,,,,1114,,,,,
Kleberg,33.34,Registered Voters,,,,1246,,,,,
Kleberg,35,Registered Voters,,,,1070,,,,,
Kleberg,41.42,Registered Voters,,,,1472,,,,,
Kleberg,43,Registered Voters,,,,1508,,,,,
Kleberg,44,Registered Voters,,,,520,,,,,
Kleberg,45,Registered Voters,,,,817,,,,,
Kleberg,Total,Registered Voters,,,,17670,,,,,
Kleberg,11,Ballots Cast,,,REP,155,71,76,7,1,0
Kleberg,12,Ballots Cast,,,REP,135,78,50,7,0,0
Kleberg,13.14,Ballots Cast,,,REP,121,46,66,9,0,0
Kleberg,21,Ballots Cast,,,REP,10,4,5,1,0,0
Kleberg,22.23,Ballots Cast,,,REP,141,80,53,8,0,0
Kleberg,24,Ballots Cast,,,REP,92,56,31,5,0,0
Kleberg,31,Ballots Cast,,,REP,133,69,56,8,0,0
Kleberg,32,Ballots Cast,,,REP,75,37,32,6,0,0
Kleberg,33.34,Ballots Cast,,,REP,248,184,57,7,0,0
Kleberg,35,Ballots Cast,,,REP,112,76,35,1,0,0
Kleberg,41.42,Ballots Cast,,,REP,24,11,9,4,0,0
Kleberg,43,Ballots Cast,,,REP,84,51,32,1,0,0
Kleberg,44,Ballots Cast,,,REP,24,11,12,1,0,0
Kleberg,45,Ballots Cast,,,REP,22,14,8,0,0,0
Kleberg,Total,Ballots Cast,,,REP,1376,788,522,65,1,0
Kleberg,11,Ballots Cast,,,DEM,135,72,47,14,0,2
Kleberg,12,Ballots Cast,,,DEM,90,51,30,9,0,0
Kleberg,13.14,Ballots Cast,,,DEM,218,96,91,31,0,0
Kleberg,21,Ballots Cast,,,DEM,46,22,17,7,0,0
Kleberg,22.23,Ballots Cast,,,DEM,199,110,72,17,0,0
Kleberg,24,Ballots Cast,,,DEM,113,71,29,13,0,0
Kleberg,31,Ballots Cast,,,DEM,114,60,46,8,0,0
Kleberg,32,Ballots Cast,,,DEM,106,62,37,7,0,0
Kleberg,33.34,Ballots Cast,,,DEM,125,84,34,7,0,0
Kleberg,35,Ballots Cast,,,DEM,102,66,27,9,0,0
Kleberg,41.42,Ballots Cast,,,DEM,234,99,99,36,0,0
Kleberg,43,Ballots Cast,,,DEM,204,92,93,19,0,0
Kleberg,44,Ballots Cast,,,DEM,50,17,25,8,0,0
Kleberg,45,Ballots Cast,,,DEM,172,76,67,28,1,0
Kleberg,Total,Ballots Cast,,,DEM,1908,978,714,213,1,2
Kleberg,11,U.S. Senate,,Geraldine Sam,REP,2,1,1,0,0,0
Kleberg,12,U.S. Senate,,Geraldine Sam,REP,5,2,3,0,0,0
Kleberg,13.14,U.S. Senate,,Geraldine Sam,REP,5,0,5,0,0,0
Kleberg,21,U.S. Senate,,Geraldine Sam,REP,1,0,1,0,0,0
Kleberg,22.23,U.S. Senate,,Geraldine Sam,REP,3,2,1,0,0,0
Kleberg,24,U.S. Senate,,Geraldine Sam,REP,4,3,0,1,0,0
Kleberg,31,U.S. Senate,,Geraldine Sam,REP,3,1,2,0,0,0
Kleberg,32,U.S. Senate,,Geraldine Sam,REP,3,0,3,0,0,0
Kleberg,33.34,U.S. Senate,,Geraldine Sam,REP,5,4,1,0,0,0
Kleberg,35,U.S. Senate,,Geraldine Sam,REP,1,1,0,0,0,0
Kleberg,41.42,U.S. Senate,,Geraldine Sam,REP,0,0,0,0,0,0
Kleberg,43,U.S. Senate,,Geraldine Sam,REP,5,3,2,0,0,0
Kleberg,44,U.S. Senate,,Geraldine Sam,REP,0,0,0,0,0,0
Kleberg,45,U.S. Senate,,Geraldine Sam,REP,0,0,0,0,0,0
Kleberg,Total,U.S. Senate,,Geraldine Sam,REP,37,17,19,1,0,0
Kleberg,11,U.S. Senate,,Ted Cruz,REP,133,60,65,7,1,0
Kleberg,12,U.S. Senate,,Ted Cruz,REP,108,66,36,6,0,0
Kleberg,13.14,U.S. Senate,,Ted Cruz,REP,93,37,49,7,0,0
Kleberg,21,U.S. Senate,,Ted Cruz,REP,9,4,4,1,0,0
Kleberg,22.23,U.S. Senate,,Ted Cruz,REP,124,68,48,8,0,0
Kleberg,24,U.S. Senate,,Ted Cruz,REP,76,43,30,3,0,0
Kleberg,31,U.S. Senate,,Ted Cruz,REP,117,60,49,8,0,0
Kleberg,32,U.S. Senate,,Ted Cruz,REP,64,32,27,5,0,0
Kleberg,33.34,U.S. Senate,,Ted Cruz,REP,206,156,43,7,0,0
Kleberg,35,U.S. Senate,,Ted Cruz,REP,96,62,33,1,0,0
Kleberg,41.42,U.S. Senate,,Ted Cruz,REP,18,8,6,4,0,0
Kleberg,43,U.S. Senate,,Ted Cruz,REP,71,44,26,1,0,0
Kleberg,44,U.S. Senate,,Ted Cruz,REP,15,7,7,1,0,0
Kleberg,45,U.S. Senate,,Ted Cruz,REP,15,8,7,0,0,0
Kleberg,Total,U.S. Senate,,Ted Cruz,REP,1145,655,430,59,1,0
Kleberg,11,U.S. Senate,,Bruce Jacobson. Jr.,REP,8,4,4,0,0,0
Kleberg,12,U.S. Senate,,Bruce Jacobson. Jr.,REP,4,2,2,0,0,0
Kleberg,13.14,U.S. Senate,,Bruce Jacobson. Jr.,REP,6,2,2,2,0,0
Kleberg,21,U.S. Senate,,Bruce Jacobson. Jr.,REP,0,0,0,0,0,0
Kleberg,22.23,U.S. Senate,,Bruce Jacobson. Jr.,REP,5,4,1,0,0,0
Kleberg,24,U.S. Senate,,Bruce Jacobson. Jr.,REP,5,4,0,1,0,0
Kleberg,31,U.S. Senate,,Bruce Jacobson. Jr.,REP,4,2,2,0,0,0
Kleberg,32,U.S. Senate,,Bruce Jacobson. Jr.,REP,5,2,2,1,0,0
Kleberg,33.34,U.S. Senate,,Bruce Jacobson. Jr.,REP,7,4,3,0,0,0
Kleberg,35,U.S. Senate,,Bruce Jacobson. Jr.,REP,5,5,0,0,0,0
Kleberg,41.42,U.S. Senate,,Bruce Jacobson. Jr.,REP,0,0,0,0,0,0
Kleberg,43,U.S. Senate,,Bruce Jacobson. Jr.,REP,1,1,0,0,0,0
Kleberg,44,U.S. Senate,,Bruce Jacobson. Jr.,REP,3,1,2,0,0,0
Kleberg,45,U.S. Senate,,Bruce Jacobson. Jr.,REP,0,0,0,0,0,0
Kleberg,Total,U.S. Senate,,Bruce Jacobson. Jr.,REP,53,31,18,4,0,0
Kleberg,11,U.S. Senate,,Mary Miller,REP,5,2,3,0,0,0
Kleberg,12,U.S. Senate,,Mary Miller,REP,4,4,3,1,0,0
Kleberg,13.14,U.S. Senate,,Mary Miller,REP,8,4,4,0,0,0
Kleberg,21,U.S. Senate,,Mary Miller,REP,0,0,0,0,0,0
Kleberg,22.23,U.S. Senate,,Mary Miller,REP,6,5,1,0,0,0
Kleberg,24,U.S. Senate,,Mary Miller,REP,4,3,1,0,0,0
Kleberg,31,U.S. Senate,,Mary Miller,REP,4,3,1,0,0,0
Kleberg,32,U.S. Senate,,Mary Miller,REP,0,0,0,0,0,0
Kleberg,33.34,U.S. Senate,,Mary Miller,REP,12,9,3,0,0,0
Kleberg,35,U.S. Senate,,Mary Miller,REP,2,2,0,0,0,0
Kleberg,41.42,U.S. Senate,,Mary Miller,REP,0,0,0,0,0,0
Kleberg,43,U.S. Senate,,Mary Miller,REP,1,0,1,0,0,0
Kleberg,44,U.S. Senate,,Mary Miller,REP,3,2,1,0,0,0
Kleberg,45,U.S. Senate,,Mary Miller,REP,1,1,0,0,0,0
Kleberg,Total,U.S. Senate,,Mary Miller,REP,50,35,18,1,0,0
Kleberg,11,U.S. Senate,,Stefano de Stefano,REP,1,1,0,0,0,0
Kleberg,12,U.S. Senate,,Stefano de Stefano,REP,5,3,2,0,0,0
Kleberg,13.14,U.S. Senate,,Stefano de Stefano,REP,0,0,0,0,0,0
Kleberg,21,U.S. Senate,,Stefano de Stefano,REP,0,0,0,0,0,0
Kleberg,22.23,U.S. Senate,,Stefano de Stefano,REP,2,1,1,0,0,0
Kleberg,24,U.S. Senate,,Stefano de Stefano,REP,0,0,0,0,0,0
Kleberg,31,U.S. Senate,,Stefano de Stefano,REP,1,0,1,0,0,0
Kleberg,32,U.S. Senate,,Stefano de Stefano,REP,0,0,0,0,0,0
Kleberg,33.34,U.S. Senate,,Stefano de Stefano,REP,8,5,3,0,0,0
Kleberg,35,U.S. Senate,,Stefano de Stefano,REP,3,3,0,0,0,0
Kleberg,41.42,U.S. Senate,,Stefano de Stefano,REP,1,0,1,0,0,0
Kleberg,43,U.S. Senate,,Stefano de Stefano,REP,1,0,1,0,0,0
Kleberg,44,U.S. Senate,,Stefano de Stefano,REP,0,0,0,0,0,0
Kleberg,45,U.S. Senate,,Stefano de Stefano,REP,0,0,0,0,0,0
Kleberg,Total,U.S. Senate,,Stefano de Stefano,REP,22,13,9,0,0,0
Kleberg,11,U.S. House,34,Rey Gonzalez,REP,113,57,48,7,1,0
Kleberg,12,U.S. House,34,Rey Gonzalez,REP,97,58,33,6,0,0
Kleberg,13.14,U.S. House,34,Rey Gonzalez,REP,92,36,49,7,0,0
Kleberg,21,U.S. House,34,Rey Gonzalez,REP,8,3,4,1,0,0
Kleberg,22.23,U.S. House,34,Rey Gonzalez,REP,106,61,39,6,0,0
Kleberg,24,U.S. House,34,Rey Gonzalez,REP,72,45,23,4,0,0
Kleberg,31,U.S. House,34,Rey Gonzalez,REP,89,45,36,8,0,0
Kleberg,32,U.S. House,34,Rey Gonzalez,REP,54,24,25,5,0,0
Kleberg,33.34,U.S. House,34,Rey Gonzalez,REP,172,124,42,6,0,0
Kleberg,35,U.S. House,34,Rey Gonzalez,REP,81,58,23,0,0,0
Kleberg,41.42,U.S. House,34,Rey Gonzalez,REP,14,5,5,4,0,0
Kleberg,43,U.S. House,34,Rey Gonzalez,REP,68,41,26,1,0,0
Kleberg,44,U.S. House,34,Rey Gonzalez,REP,16,8,7,1,0,0
Kleberg,45,U.S. House,34,Rey Gonzalez,REP,13,9,4,0,0,0
Kleberg,Total,U.S. House,34,Rey Gonzalez,REP,995,574,364,56,1,0
Kleberg,11,Governor,,SECEDE Kilgore,REP,1,0,1,0,0,0
Kleberg,12,Governor,,SECEDE Kilgore,REP,5,3,2,0,0,0
Kleberg,13.14,Governor,,SECEDE Kilgore,REP,4,1,3,0,0,0
Kleberg,21,Governor,,SECEDE Kilgore,REP,0,0,0,0,0,0
Kleberg,22.23,Governor,,SECEDE Kilgore,REP,1,1,0,0,0,0
Kleberg,24,Governor,,SECEDE Kilgore,REP,2,2,0,0,0,0
Kleberg,31,Governor,,SECEDE Kilgore,REP,0,0,0,0,0,0
Kleberg,32,Governor,,SECEDE Kilgore,REP,0,0,0,0,0,0
Kleberg,33.34,Governor,,SECEDE Kilgore,REP,0,0,0,0,0,0
Kleberg,35,Governor,,SECEDE Kilgore,REP,2,2,0,0,0,0
Kleberg,41.42,Governor,,SECEDE Kilgore,REP,0,0,0,0,0,0
Kleberg,43,Governor,,SECEDE Kilgore,REP,1,0,1,0,0,0
Kleberg,44,Governor,,SECEDE Kilgore,REP,1,0,0,1,0,0
Kleberg,45,Governor,,SECEDE Kilgore,REP,0,0,0,0,0,0
Kleberg,Total,Governor,,SECEDE Kilgore,REP,17,9,7,1,0,0
Kleberg,11,Governor,,Barbara Krueger,REP,10,5,5,0,0,0
Kleberg,12,Governor,,Barbara Krueger,REP,11,4,7,0,0,0
Kleberg,13.14,Governor,,Barbara Krueger,REP,6,2,4,0,0,0
Kleberg,21,Governor,,Barbara Krueger,REP,0,0,0,0,0,0
Kleberg,22.23,Governor,,Barbara Krueger,REP,12,5,7,0,0,0
Kleberg,24,Governor,,Barbara Krueger,REP,2,2,0,0,0,0
Kleberg,31,Governor,,Barbara Krueger,REP,13,7,6,0,0,0
Kleberg,32,Governor,,Barbara Krueger,REP,4,2,2,0,0,0
Kleberg,33.34,Governor,,Barbara Krueger,REP,19,16,3,0,0,0
Kleberg,35,Governor,,Barbara Krueger,REP,7,3,4,0,0,0
Kleberg,41.42,Governor,,Barbara Krueger,REP,1,0,1,0,0,0
Kleberg,43,Governor,,Barbara Krueger,REP,3,1,2,0,0,0
Kleberg,44,Governor,,Barbara Krueger,REP,2,1,1,0,0,0
Kleberg,45,Governor,,Barbara Krueger,REP,2,2,0,0,0,0
Kleberg,Total,Governor,,Barbara Krueger,REP,92,50,42,0,0,0
Kleberg,11,Governor,,Greg Abbott,REP,141,65,68,7,1,0
Kleberg,12,Governor,,Greg Abbott,REP,116,71,38,7,0,0
Kleberg,13.14,Governor,,Greg Abbott,REP,105,40,56,9,0,0
Kleberg,21,Governor,,Greg Abbott,REP,10,4,5,1,0,0
Kleberg,22.23,Governor,,Greg Abbott,REP,127,73,46,8,0,0
Kleberg,24,Governor,,Greg Abbott,REP,86,50,31,5,0,0
Kleberg,31,Governor,,Greg Abbott,REP,119,62,49,8,0,0
Kleberg,32,Governor,,Greg Abbott,REP,68,32,30,6,0,0
Kleberg,33.34,Governor,,Greg Abbott,REP,219,161,51,7,0,0
Kleberg,35,Governor,,Greg Abbott,REP,99,70,28,1,0,0
Kleberg,41.42,Governor,,Greg Abbott,REP,21,10,7,4,0,0
Kleberg,43,Governor,,Greg Abbott,REP,77,48,28,1,0,0
Kleberg,44,Governor,,Greg Abbott,REP,19,9,10,0,0,0
Kleberg,45,Governor,,Greg Abbott,REP,16,9,7,0,0,0
Kleberg,Total,Governor,,Greg Abbott,REP,1223,704,454,64,1,0
Kleberg,11,Lieutenant Governor,,Scott Milder,REP,24,9,15,0,0,0
Kleberg,12,Lieutenant Governor,,Scott Milder,REP,27,14,13,0,0,0
Kleberg,13.14,Lieutenant Governor,,Scott Milder,REP,16,5,11,0,0,0
Kleberg,21,Lieutenant Governor,,Scott Milder,REP,2,0,1,1,0,0
Kleberg,22.23,Lieutenant Governor,,Scott Milder,REP,18,9,8,1,0,0
Kleberg,24,Lieutenant Governor,,Scott Milder,REP,16,13,3,0,0,0
Kleberg,31,Lieutenant Governor,,Scott Milder,REP,23,6,15,2,0,0
Kleberg,32,Lieutenant Governor,,Scott Milder,REP,10,4,4,2,0,0
Kleberg,33.34,Lieutenant Governor,,Scott Milder,REP,47,38,9,0,0,0
Kleberg,35,Lieutenant Governor,,Scott Milder,REP,17,12,5,0,0,0
Kleberg,41.42,Lieutenant Governor,,Scott Milder,REP,5,1,1,3,0,0
Kleberg,43,Lieutenant Governor,,Scott Milder,REP,13,7,6,0,0,0
Kleberg,44,Lieutenant Governor,,Scott Milder,REP,3,0,2,1,0,0
Kleberg,45,Lieutenant Governor,,Scott Milder,REP,1,1,0,0,0,0
Kleberg,Total,Lieutenant Governor,,Scott Milder,REP,222,119,93,10,0,0
Kleberg,11,Lieutenant Governor,,Dan Patrick,REP,121,59,54,7,1,0
Kleberg,12,Lieutenant Governor,,Dan Patrick,REP,96,56,33,7,0,0
Kleberg,13.14,Lieutenant Governor,,Dan Patrick,REP,90,38,43,9,0,0
Kleberg,21,Lieutenant Governor,,Dan Patrick,REP,8,4,4,0,0,0
Kleberg,22.23,Lieutenant Governor,,Dan Patrick,REP,109,62,40,7,0,0
Kleberg,24,Lieutenant Governor,,Dan Patrick,REP,63,35,23,5,0,0
Kleberg,31,Lieutenant Governor,,Dan Patrick,REP,103,59,38,6,0,0
Kleberg,32,Lieutenant Governor,,Dan Patrick,REP,59,28,27,4,0,0
Kleberg,33.34,Lieutenant Governor,,Dan Patrick,REP,177,129,41,7,0,0
Kleberg,35,Lieutenant Governor,,Dan Patrick,REP,86,57,28,1,0,0
Kleberg,41.42,Lieutenant Governor,,Dan Patrick,REP,13,6,6,1,0,0
Kleberg,43,Lieutenant Governor,,Dan Patrick,REP,62,39,22,1,0,0
Kleberg,44,Lieutenant Governor,,Dan Patrick,REP,16,9,7,0,0,0
Kleberg,45,Lieutenant Governor,,Dan Patrick,REP,15,9,6,0,0,0
Kleberg,Total,Lieutenant Governor,,Dan Patrick,REP,1018,590,372,55,1,0
Kleberg,11,Attorney General,,Ken Paxton,REP,124,58,58,7,1,0
Kleberg,12,Attorney General,,Ken Paxton,REP,102,61,35,6,0,0
Kleberg,13.14,Attorney General,,Ken Paxton,REP,95,38,49,8,0,0
Kleberg,21,Attorney General,,Ken Paxton,REP,9,3,5,1,0,0
Kleberg,22.23,Attorney General,,Ken Paxton,REP,114,66,41,7,0,0
Kleberg,24,Attorney General,,Ken Paxton,REP,70,42,24,4,0,0
Kleberg,31,Attorney General,,Ken Paxton,REP,102,53,41,8,0,0
Kleberg,32,Attorney General,,Ken Paxton,REP,56,24,27,5,0,0
Kleberg,33.34,Attorney General,,Ken Paxton,REP,182,136,40,6,0,0
Kleberg,35,Attorney General,,Ken Paxton,REP,86,59,26,1,0,0
Kleberg,41.42,Attorney General,,Ken Paxton,REP,16,7,5,4,0,0
Kleberg,43,Attorney General,,Ken Paxton,REP,67,42,24,1,0,0
Kleberg,44,Attorney General,,Ken Paxton,REP,18,8,9,1,0,0
Kleberg,45,Attorney General,,Ken Paxton,REP,13,8,5,0,0,0
Kleberg,Total,Attorney General,,Ken Paxton,REP,1054,605,389,59,1,0
Kleberg,11,Comptroller of Public Accounts,,Glenn Hegar,REP,117,58,51,7,1,0
Kleberg,12,Comptroller of Public Accounts,,Glenn Hegar,REP,97,59,32,6,0,0
Kleberg,13.14,Comptroller of Public Accounts,,Glenn Hegar,REP,88,34,46,8,0,0
Kleberg,21,Comptroller of Public Accounts,,Glenn Hegar,REP,8,3,4,1,0,0
Kleberg,22.23,Comptroller of Public Accounts,,Glenn Hegar,REP,103,58,39,6,0,0
Kleberg,24,Comptroller of Public Accounts,,Glenn Hegar,REP,69,41,24,4,0,0
Kleberg,31,Comptroller of Public Accounts,,Glenn Hegar,REP,98,49,41,8,0,0
Kleberg,32,Comptroller of Public Accounts,,Glenn Hegar,REP,56,25,26,5,0,0
Kleberg,33.34,Comptroller of Public Accounts,,Glenn Hegar,REP,175,132,37,6,0,0
Kleberg,35,Comptroller of Public Accounts,,Glenn Hegar,REP,82,55,26,1,0,0
Kleberg,41.42,Comptroller of Public Accounts,,Glenn Hegar,REP,15,7,4,4,0,0
Kleberg,43,Comptroller of Public Accounts,,Glenn Hegar,REP,66,42,23,1,0,0
Kleberg,44,Comptroller of Public Accounts,,Glenn Hegar,REP,17,8,8,1,0,0
Kleberg,45,Comptroller of Public Accounts,,Glenn Hegar,REP,13,9,4,0,0,0
Kleberg,Total,Comptroller of Public Accounts,,Glenn Hegar,REP,1004,580,365,58,1,0
Kleberg,11,Commissioner of the General Land Office,,George P. Bush,REP,88,37,47,4,0,0
Kleberg,12,Commissioner of the General Land Office,,George P. Bush,REP,65,51,29,5,0,0
Kleberg,13.14,Commissioner of the General Land Office,,George P. Bush,REP,82,31,43,8,0,0
Kleberg,21,Commissioner of the General Land Office,,George P. Bush,REP,8,4,3,1,0,0
Kleberg,22.23,Commissioner of the General Land Office,,George P. Bush,REP,88,55,29,4,0,0
Kleberg,24,Commissioner of the General Land Office,,George P. Bush,REP,62,37,21,4,0,0
Kleberg,31,Commissioner of the General Land Office,,George P. Bush,REP,90,47,36,7,0,0
Kleberg,32,Commissioner of the General Land Office,,George P. Bush,REP,50,24,23,3,0,0
Kleberg,33.34,Commissioner of the General Land Office,,George P. Bush,REP,160,122,34,4,0,0
Kleberg,35,Commissioner of the General Land Office,,George P. Bush,REP,74,51,22,1,0,0
Kleberg,41.42,Commissioner of the General Land Office,,George P. Bush,REP,12,5,3,4,0,0
Kleberg,43,Commissioner of the General Land Office,,George P. Bush,REP,54,32,21,1,0,0
Kleberg,44,Commissioner of the General Land Office,,George P. Bush,REP,16,6,9,1,0,0
Kleberg,45,Commissioner of the General Land Office,,George P. Bush,REP,14,9,5,0,0,0
Kleberg,Total,Commissioner of the General Land Office,,George P. Bush,REP,863,511,325,47,0,0
Kleberg,11,Commissioner of the General Land Office,,Jerry Patterson,REP,42,21,18,3,0,0
Kleberg,12,Commissioner of the General Land Office,,Jerry Patterson,REP,30,18,10,2,0,0
Kleberg,13.14,Commissioner of the General Land Office,,Jerry Patterson,REP,20,8,11,1,0,0
Kleberg,21,Commissioner of the General Land Office,,Jerry Patterson,REP,1,0,1,0,0,0
Kleberg,22.23,Commissioner of the General Land Office,,Jerry Patterson,REP,32,13,16,3,0,0
Kleberg,24,Commissioner of the General Land Office,,Jerry Patterson,REP,16,9,7,0,0,0
Kleberg,31,Commissioner of the General Land Office,,Jerry Patterson,REP,30,14,15,1,0,0
Kleberg,32,Commissioner of the General Land Office,,Jerry Patterson,REP,12,6,4,2,0,0
Kleberg,33.34,Commissioner of the General Land Office,,Jerry Patterson,REP,48,29,16,3,0,0
Kleberg,35,Commissioner of the General Land Office,,Jerry Patterson,REP,14,10,4,0,0,0
Kleberg,41.42,Commissioner of the General Land Office,,Jerry Patterson,REP,1,1,0,0,0,0
Kleberg,43,Commissioner of the General Land Office,,Jerry Patterson,REP,16,11,5,0,0,0
Kleberg,44,Commissioner of the General Land Office,,Jerry Patterson,REP,6,4,2,0,0,0
Kleberg,45,Commissioner of the General Land Office,,Jerry Patterson,REP,1,0,1,0,0,0
Kleberg,Total,Commissioner of the General Land Office,,Jerry Patterson,REP,269,144,110,15,0,0
Kleberg,11,Commissioner of the General Land Office,,Rick Range,REP,4,2,2,0,0,0
Kleberg,12,Commissioner of the General Land Office,,Rick Range,REP,9,6,0,0,0,0
Kleberg,13.14,Commissioner of the General Land Office,,Rick Range,REP,5,1,4,0,0,0
Kleberg,21,Commissioner of the General Land Office,,Rick Range,REP,0,0,0,0,0,0
Kleberg,22.23,Commissioner of the General Land Office,,Rick Range,REP,7,4,3,0,0,0
Kleberg,24,Commissioner of the General Land Office,,Rick Range,REP,4,4,0,0,0,0
Kleberg,31,Commissioner of the General Land Office,,Rick Range,REP,2,1,1,0,0,0
Kleberg,32,Commissioner of the General Land Office,,Rick Range,REP,4,2,1,1,0,0
Kleberg,33.34,Commissioner of the General Land Office,,Rick Range,REP,11,11,0,0,0,0
Kleberg,35,Commissioner of the General Land Office,,Rick Range,REP,3,2,1,0,0,0
Kleberg,41.42,Commissioner of the General Land Office,,Rick Range,REP,3,2,1,0,0,0
Kleberg,43,Commissioner of the General Land Office,,Rick Range,REP,3,2,1,0,0,0
Kleberg,44,Commissioner of the General Land Office,,Rick Range,REP,0,0,0,0,0,0
Kleberg,45,Commissioner of the General Land Office,,Rick Range,REP,1,1,0,0,0,0
Kleberg,Total,Commissioner of the General Land Office,,Rick Range,REP,56,38,14,1,0,0
Kleberg,11,Commissioner of the General Land Office,,Davey Edwards,REP,11,6,4,0,1,0
Kleberg,12,Commissioner of the General Land Office,,Davey Edwards,REP,4,2,2,0,0,0
Kleberg,13.14,Commissioner of the General Land Office,,Davey Edwards,REP,5,2,3,0,0,0
Kleberg,21,Commissioner of the General Land Office,,Davey Edwards,REP,1,0,1,0,0,0
Kleberg,22.23,Commissioner of the General Land Office,,Davey Edwards,REP,6,3,3,0,0,0
Kleberg,24,Commissioner of the General Land Office,,Davey Edwards,REP,2,1,1,0,0,0
Kleberg,31,Commissioner of the General Land Office,,Davey Edwards,REP,4,2,2,0,0,0
Kleberg,32,Commissioner of the General Land Office,,Davey Edwards,REP,2,0,2,0,0,0
Kleberg,33.34,Commissioner of the General Land Office,,Davey Edwards,REP,9,8,1,0,0,0
Kleberg,35,Commissioner of the General Land Office,,Davey Edwards,REP,8,3,5,0,0,0
Kleberg,41.42,Commissioner of the General Land Office,,Davey Edwards,REP,1,0,1,0,0,0
Kleberg,43,Commissioner of the General Land Office,,Davey Edwards,REP,8,3,5,0,0,0
Kleberg,44,Commissioner of the General Land Office,,Davey Edwards,REP,0,0,0,0,0,0
Kleberg,45,Commissioner of the General Land Office,,Davey Edwards,REP,3,2,1,0,0,0
Kleberg,Total,Commissioner of the General Land Office,,Davey Edwards,REP,64,32,31,0,1,0
Kleberg,11,Commissioner of Agriculture,,Sid Miller,REP,71,33,33,4,1,0
Kleberg,12,Commissioner of Agriculture,,Sid Miller,REP,69,42,25,2,0,0
Kleberg,13.14,Commissioner of Agriculture,,Sid Miller,REP,46,17,24,5,0,0
Kleberg,21,Commissioner of Agriculture,,Sid Miller,REP,6,2,3,1,0,0
Kleberg,22.23,Commissioner of Agriculture,,Sid Miller,REP,52,26,22,4,0,0
Kleberg,24,Commissioner of Agriculture,,Sid Miller,REP,38,26,11,1,0,0
Kleberg,31,Commissioner of Agriculture,,Sid Miller,REP,61,32,25,4,0,0
Kleberg,32,Commissioner of Agriculture,,Sid Miller,REP,32,16,13,3,0,0
Kleberg,33.34,Commissioner of Agriculture,,Sid Miller,REP,111,90,19,2,0,0
Kleberg,35,Commissioner of Agriculture,,Sid Miller,REP,52,34,18,0,0,0
Kleberg,41.42,Commissioner of Agriculture,,Sid Miller,REP,9,3,4,2,0,0
Kleberg,43,Commissioner of Agriculture,,Sid Miller,REP,45,27,18,0,0,0
Kleberg,44,Commissioner of Agriculture,,Sid Miller,REP,7,3,3,1,0,0
Kleberg,45,Commissioner of Agriculture,,Sid Miller,REP,7,5,2,0,0,0
Kleberg,Total,Commissioner of Agriculture,,Sid Miller,REP,606,356,220,29,1,0
Kleberg,11,Commissioner of Agriculture,,Jim Hogan,REP,46,22,22,2,0,0
Kleberg,12,Commissioner of Agriculture,,Jim Hogan,REP,34,17,14,3,0,0
Kleberg,13.14,Commissioner of Agriculture,,Jim Hogan,REP,41,16,24,1,0,0
Kleberg,21,Commissioner of Agriculture,,Jim Hogan,REP,2,2,0,0,0,0
Kleberg,22.23,Commissioner of Agriculture,,Jim Hogan,REP,42,26,15,1,0,0
Kleberg,24,Commissioner of Agriculture,,Jim Hogan,REP,25,11,11,3,0,0
Kleberg,31,Commissioner of Agriculture,,Jim Hogan,REP,34,20,13,1,0,0
Kleberg,32,Commissioner of Agriculture,,Jim Hogan,REP,24,7,15,2,0,0
Kleberg,33.34,Commissioner of Agriculture,,Jim Hogan,REP,52,39,10,3,0,0
Kleberg,35,Commissioner of Agriculture,,Jim Hogan,REP,21,13,8,0,0,0
Kleberg,41.42,Commissioner of Agriculture,,Jim Hogan,REP,3,1,1,1,0,0
Kleberg,43,Commissioner of Agriculture,,Jim Hogan,REP,22,15,7,0,0,0
Kleberg,44,Commissioner of Agriculture,,Jim Hogan,REP,7,2,5,0,0,0
Kleberg,45,Commissioner of Agriculture,,Jim Hogan,REP,4,1,3,0,0,0
Kleberg,Total,Commissioner of Agriculture,,Jim Hogan,REP,357,192,148,17,0,0
Kleberg,11,Commissioner of Agriculture,,Trey Blocker,REP,21,11,9,1,0,0
Kleberg,12,Commissioner of Agriculture,,Trey Blocker,REP,18,13,3,2,0,0
Kleberg,13.14,Commissioner of Agriculture,,Trey Blocker,REP,13,6,4,3,0,0
Kleberg,21,Commissioner of Agriculture,,Trey Blocker,REP,0,0,0,0,0,0
Kleberg,22.23,Commissioner of Agriculture,,Trey Blocker,REP,24,15,8,1,0,0
Kleberg,24,Commissioner of Agriculture,,Trey Blocker,REP,14,11,3,0,0,0
Kleberg,31,Commissioner of Agriculture,,Trey Blocker,REP,23,8,12,3,0,0
Kleberg,32,Commissioner of Agriculture,,Trey Blocker,REP,6,4,1,1,0,0
Kleberg,33.34,Commissioner of Agriculture,,Trey Blocker,REP,39,26,13,0,0,0
Kleberg,35,Commissioner of Agriculture,,Trey Blocker,REP,16,12,3,1,0,0
Kleberg,41.42,Commissioner of Agriculture,,Trey Blocker,REP,6,4,1,1,0,0
Kleberg,43,Commissioner of Agriculture,,Trey Blocker,REP,8,5,2,1,0,0
Kleberg,44,Commissioner of Agriculture,,Trey Blocker,REP,3,2,1,0,0,0
Kleberg,45,Commissioner of Agriculture,,Trey Blocker,REP,4,3,1,0,0,0
Kleberg,Total,Commissioner of Agriculture,,Trey Blocker,REP,195,120,61,14,0,0
Kleberg,11,Railroad Commissioner,,Christi Craddick,REP,88,38,43,7,0,0
Kleberg,12,Railroad Commissioner,,Christi Craddick,REP,79,49,25,5,0,0
Kleberg,13.14,Railroad Commissioner,,Christi Craddick,REP,55,21,27,7,0,0
Kleberg,21,Railroad Commissioner,,Christi Craddick,REP,3,0,2,1,0,0
Kleberg,22.23,Railroad Commissioner,,Christi Craddick,REP,76,43,28,5,0,0
Kleberg,24,Railroad Commissioner,,Christi Craddick,REP,44,27,14,3,0,0
Kleberg,31,Railroad Commissioner,,Christi Craddick,REP,84,44,37,3,0,0
Kleberg,32,Railroad Commissioner,,Christi Craddick,REP,39,18,17,4,0,0
Kleberg,33.34,Railroad Commissioner,,Christi Craddick,REP,136,104,27,5,0,0
Kleberg,35,Railroad Commissioner,,Christi Craddick,REP,58,39,19,0,0,0
Kleberg,41.42,Railroad Commissioner,,Christi Craddick,REP,8,4,2,2,0,0
Kleberg,43,Railroad Commissioner,,Christi Craddick,REP,46,29,16,1,0,0
Kleberg,44,Railroad Commissioner,,Christi Craddick,REP,11,4,6,1,0,0
Kleberg,45,Railroad Commissioner,,Christi Craddick,REP,6,3,3,0,0,0
Kleberg,Total,Railroad Commissioner,,Christi Craddick,REP,733,423,266,44,0,0
Kleberg,11,Railroad Commissioner,,Weston Martinez,REP,46,26,19,0,1,0
Kleberg,12,Railroad Commissioner,,Weston Martinez,REP,39,22,16,1,0,0
Kleberg,13.14,Railroad Commissioner,,Weston Martinez,REP,50,19,29,2,0,0
Kleberg,21,Railroad Commissioner,,Weston Martinez,REP,6,4,2,0,0,0
Kleberg,22.23,Railroad Commissioner,,Weston Martinez,REP,48,26,20,2,0,0
Kleberg,24,Railroad Commissioner,,Weston Martinez,REP,36,22,13,1,0,0
Kleberg,31,Railroad Commissioner,,Weston Martinez,REP,32,14,13,5,0,0
Kleberg,32,Railroad Commissioner,,Weston Martinez,REP,29,15,13,1,0,0
Kleberg,33.34,Railroad Commissioner,,Weston Martinez,REP,72,54,16,2,0,0
Kleberg,35,Railroad Commissioner,,Weston Martinez,REP,37,25,11,1,0,0
Kleberg,41.42,Railroad Commissioner,,Weston Martinez,REP,12,5,5,2,0,0
Kleberg,43,Railroad Commissioner,,Weston Martinez,REP,31,18,13,0,0,0
Kleberg,44,Railroad Commissioner,,Weston Martinez,REP,8,4,4,0,0,0
Kleberg,45,Railroad Commissioner,,Weston Martinez,REP,8,6,2,0,0,0
Kleberg,Total,Railroad Commissioner,,Weston Martinez,REP,454,260,176,17,1,0
Kleberg,11,State Representative,43,J.M. Lozano,REP,132,64,60,7,1,0
Kleberg,12,State Representative,43,J.M. Lozano,REP,114,68,40,6,0,0
Kleberg,13.14,State Representative,43,J.M. Lozano,REP,106,40,58,8,0,0
Kleberg,21,State Representative,43,J.M. Lozano,REP,9,4,1,0,0,0
Kleberg,22.23,State Representative,43,J.M. Lozano,REP,118,66,45,7,0,0
Kleberg,24,State Representative,43,J.M. Lozano,REP,81,51,26,4,0,0
Kleberg,31,State Representative,43,J.M. Lozano,REP,107,54,45,8,0,0
Kleberg,32,State Representative,43,J.M. Lozano,REP,58,28,26,4,0,0
Kleberg,33.34,State Representative,43,J.M. Lozano,REP,188,140,41,7,0,0
Kleberg,35,State Representative,43,J.M. Lozano,REP,96,65,30,1,0,0
Kleberg,41.42,State Representative,43,J.M. Lozano,REP,15,6,5,4,0,0
Kleberg,43,State Representative,43,J.M. Lozano,REP,72,45,26,1,0,0
Kleberg,44,State Representative,43,J.M. Lozano,REP,22,10,11,1,0,0
Kleberg,45,State Representative,43,J.M. Lozano,REP,14,8,6,0,0,0
Kleberg,Total,State Representative,43,J.M. Lozano,REP,1132,649,420,58,1,0
Kleberg,11,U.S. Senate,,Sema Hernandez,DEM,49,28,15,6,0,0
Kleberg,12,U.S. Senate,,Sema Hernandez,DEM,45,24,16,5,0,0
Kleberg,13.14,U.S. Senate,,Sema Hernandez,DEM,93,40,42,11,0,0
Kleberg,21,U.S. Senate,,Sema Hernandez,DEM,27,12,9,6,0,0
Kleberg,22.23,U.S. Senate,,Sema Hernandez,DEM,80,50,25,5,0,0
Kleberg,24,U.S. Senate,,Sema Hernandez,DEM,41,25,12,4,0,0
Kleberg,31,U.S. Senate,,Sema Hernandez,DEM,50,25,20,5,0,0
Kleberg,32,U.S. Senate,,Sema Hernandez,DEM,41,22,15,4,0,0
Kleberg,33.34,U.S. Senate,,Sema Hernandez,DEM,57,39,13,5,0,0
Kleberg,35,U.S. Senate,,Sema Hernandez,DEM,40,20,17,3,0,0
Kleberg,41.42,U.S. Senate,,Sema Hernandez,DEM,123,54,47,22,0,0
Kleberg,43,U.S. Senate,,Sema Hernandez,DEM,86,41,36,9,0,0
Kleberg,44,U.S. Senate,,Sema Hernandez,DEM,24,9,13,2,0,0
Kleberg,45,U.S. Senate,,Sema Hernandez,DEM,79,41,27,10,1,0
Kleberg,Total,U.S. Senate,,Sema Hernandez,DEM,835,430,307,97,1,0
Kleberg,11,U.S. Senate,,Edward Kimbrough .,DEM,15,7,6,2,0,0
Kleberg,12,U.S. Senate,,Edward Kimbrough .,DEM,4,1,2,1,0,0
Kleberg,13.14,U.S. Senate,,Edward Kimbrough .,DEM,19,9,6,4,0,0
Kleberg,21,U.S. Senate,,Edward Kimbrough .,DEM,3,0,3,0,0,0
Kleberg,22.23,U.S. Senate,,Edward Kimbrough .,DEM,12,3,8,1,0,0
Kleberg,24,U.S. Senate,,Edward Kimbrough .,DEM,8,6,0,2,0,0
Kleberg,31,U.S. Senate,,Edward Kimbrough .,DEM,10,4,4,2,0,0
Kleberg,32,U.S. Senate,,Edward Kimbrough .,DEM,20,11,8,1,0,0
Kleberg,33.34,U.S. Senate,,Edward Kimbrough .,DEM,13,8,3,2,0,0
Kleberg,35,U.S. Senate,,Edward Kimbrough .,DEM,10,9,0,1,0,0
Kleberg,41.42,U.S. Senate,,Edward Kimbrough .,DEM,18,7,7,4,0,0
Kleberg,43,U.S. Senate,,Edward Kimbrough .,DEM,17,6,9,2,0,0
Kleberg,44,U.S. Senate,,Edward Kimbrough .,DEM,7,1,4,2,0,0
Kleberg,45,U.S. Senate,,Edward Kimbrough .,DEM,11,2,7,2,0,0
Kleberg,Total,U.S. Senate,,Edward Kimbrough .,DEM,167,74,67,26,0,0
Kleberg,11,U.S. Senate,,Beto O'Rourke,DEM,56,31,18,5,0,2
Kleberg,12,U.S. Senate,,Beto O'Rourke,DEM,33,21,11,1,0,0
Kleberg,13.14,U.S. Senate,,Beto O'Rourke,DEM,85,39,33,13,0,0
Kleberg,21,U.S. Senate,,Beto O'Rourke,DEM,9,7,2,0,0,0
Kleberg,22.23,U.S. Senate,,Beto O'Rourke,DEM,92,52,32,8,0,0
Kleberg,24,U.S. Senate,,Beto O'Rourke,DEM,58,36,15,7,0,0
Kleberg,31,U.S. Senate,,Beto O'Rourke,DEM,41,21,19,1,0,0
Kleberg,32,U.S. Senate,,Beto O'Rourke,DEM,33,23,8,2,0,0
Kleberg,33.34,U.S. Senate,,Beto O'Rourke,DEM,42,27,15,0,0,0
Kleberg,35,U.S. Senate,,Beto O'Rourke,DEM,35,23,8,4,0,0
Kleberg,41.42,U.S. Senate,,Beto O'Rourke,DEM,44,17,21,6,0,0
Kleberg,43,U.S. Senate,,Beto O'Rourke,DEM,56,30,22,4,0,0
Kleberg,44,U.S. Senate,,Beto O'Rourke,DEM,17,6,7,4,0,0
Kleberg,45,U.S. Senate,,Beto O'Rourke,DEM,55,25,17,13,0,0
Kleberg,Total,U.S. Senate,,Beto O'Rourke,DEM,656,358,228,68,0,2
Kleberg,11,U.S. House,34,Filemon B. Vela,DEM,104,60,30,12,0,2
Kleberg,12,U.S. House,34,Filemon B. Vela,DEM,76,42,26,8,0,0
Kleberg,13.14,U.S. House,34,Filemon B. Vela,DEM,187,82,79,26,0,0
Kleberg,21,U.S. House,34,Filemon B. Vela,DEM,32,13,13,6,0,0
Kleberg,22.23,U.S. House,34,Filemon B. Vela,DEM,164,90,60,14,0,0
Kleberg,24,U.S. House,34,Filemon B. Vela,DEM,98,60,25,13,0,0
Kleberg,31,U.S. House,34,Filemon B. Vela,DEM,88,44,36,8,0,0
Kleberg,32,U.S. House,34,Filemon B. Vela,DEM,79,46,27,6,0,0
Kleberg,33.34,U.S. House,34,Filemon B. Vela,DEM,100,65,29,6,0,0
Kleberg,35,U.S. House,34,Filemon B. Vela,DEM,74,45,22,7,0,0
Kleberg,41.42,U.S. House,34,Filemon B. Vela,DEM,170,71,67,32,0,0
Kleberg,43,U.S. House,34,Filemon B. Vela,DEM,140,65,59,16,0,0
Kleberg,44,U.S. House,34,Filemon B. Vela,DEM,41,15,22,4,0,0
Kleberg,45,U.S. House,34,Filemon B. Vela,DEM,122,61,38,22,1,0
Kleberg,Total,U.S. House,34,Filemon B. Vela,DEM,1475,759,533,180,1,2
Kleberg,11,Governor,,Tom Wakely,DEM,7,6,1,0,0,0
Kleberg,12,Governor,,Tom Wakely,DEM,1,0,0,1,0,0
Kleberg,13.14,Governor,,Tom Wakely,DEM,6,3,3,0,0,0
Kleberg,21,Governor,,Tom Wakely,DEM,3,2,0,1,0,0
Kleberg,22.23,Governor,,Tom Wakely,DEM,10,7,2,1,0,0
Kleberg,24,Governor,,Tom Wakely,DEM,6,5,0,1,0,0
Kleberg,31,Governor,,Tom Wakely,DEM,4,3,1,0,0,0
Kleberg,32,Governor,,Tom Wakely,DEM,7,6,1,0,0,0
Kleberg,33.34,Governor,,Tom Wakely,DEM,12,6,4,2,0,0
Kleberg,35,Governor,,Tom Wakely,DEM,8,4,3,1,0,0
Kleberg,41.42,Governor,,Tom Wakely,DEM,9,6,2,1,0,0
Kleberg,43,Governor,,Tom Wakely,DEM,5,2,2,1,0,0
Kleberg,44,Governor,,Tom Wakely,DEM,1,1,0,0,0,0
Kleberg,45,Governor,,Tom Wakely,DEM,3,3,0,0,0,0
Kleberg,Total,Governor,,Tom Wakely,DEM,82,54,19,9,0,0
Kleberg,11,Governor,,Joe Mumbach,DEM,1,0,1,0,0,0
Kleberg,12,Governor,,Joe Mumbach,DEM,1,1,0,0,0,0
Kleberg,13.14,Governor,,Joe Mumbach,DEM,7,3,4,0,0,0
Kleberg,21,Governor,,Joe Mumbach,DEM,0,0,0,0,0,0
Kleberg,22.23,Governor,,Joe Mumbach,DEM,3,1,2,0,0,0
Kleberg,24,Governor,,Joe Mumbach,DEM,2,2,0,0,0,0
Kleberg,31,Governor,,Joe Mumbach,DEM,4,1,3,0,0,0
Kleberg,32,Governor,,Joe Mumbach,DEM,4,3,1,0,0,0
Kleberg,33.34,Governor,,Joe Mumbach,DEM,0,0,0,0,0,0
Kleberg,35,Governor,,Joe Mumbach,DEM,5,3,2,0,0,0
Kleberg,41.42,Governor,,Joe Mumbach,DEM,4,2,1,1,0,0
Kleberg,43,Governor,,Joe Mumbach,DEM,4,1,2,1,0,0
Kleberg,44,Governor,,Joe Mumbach,DEM,1,0,1,0,0,0
Kleberg,45,Governor,,Joe Mumbach,DEM,4,3,1,0,0,0
Kleberg,Total,Governor,,Joe Mumbach,DEM,40,20,18,2,0,0
Kleberg,11,Governor,,James Jolly Clark,DEM,4,1,3,0,0,0
Kleberg,12,Governor,,James Jolly Clark,DEM,1,1,0,0,0,0
Kleberg,13.14,Governor,,James Jolly Clark,DEM,3,2,1,0,0,0
Kleberg,21,Governor,,James Jolly Clark,DEM,0,0,0,0,0,0
Kleberg,22.23,Governor,,James Jolly Clark,DEM,2,1,0,1,0,0
Kleberg,24,Governor,,James Jolly Clark,DEM,4,3,1,0,0,0
Kleberg,31,Governor,,James Jolly Clark,DEM,2,1,1,0,0,0
Kleberg,32,Governor,,James Jolly Clark,DEM,3,2,1,0,0,0
Kleberg,33.34,Governor,,James Jolly Clark,DEM,2,1,1,0,0,0
Kleberg,35,Governor,,James Jolly Clark,DEM,3,3,0,0,0,0
Kleberg,41.42,Governor,,James Jolly Clark,DEM,5,5,0,0,0,0
Kleberg,43,Governor,,James Jolly Clark,DEM,1,1,0,0,0,0
Kleberg,44,Governor,,James Jolly Clark,DEM,1,1,0,0,0,0
Kleberg,45,Governor,,James Jolly Clark,DEM,3,1,1,1,0,0
Kleberg,Total,Governor,,James Jolly Clark,DEM,34,23,9,2,0,0
Kleberg,11,Governor,,Grady Yarbrough,DEM,8,5,3,0,0,0
Kleberg,12,Governor,,Grady Yarbrough,DEM,7,5,2,0,0,0
Kleberg,13.14,Governor,,Grady Yarbrough,DEM,15,8,5,2,0,0
Kleberg,21,Governor,,Grady Yarbrough,DEM,2,2,0,0,0,0
Kleberg,22.23,Governor,,Grady Yarbrough,DEM,12,6,3,3,0,0
Kleberg,24,Governor,,Grady Yarbrough,DEM,6,4,1,1,0,0
Kleberg,31,Governor,,Grady Yarbrough,DEM,8,5,1,2,0,0
Kleberg,32,Governor,,Grady Yarbrough,DEM,11,6,5,0,0,0
Kleberg,33.34,Governor,,Grady Yarbrough,DEM,11,9,2,0,0,0
Kleberg,35,Governor,,Grady Yarbrough,DEM,5,5,0,0,0,0
Kleberg,41.42,Governor,,Grady Yarbrough,DEM,15,5,7,3,0,0
Kleberg,43,Governor,,Grady Yarbrough,DEM,14,7,7,0,0,0
Kleberg,44,Governor,,Grady Yarbrough,DEM,8,3,5,0,0,0
Kleberg,45,Governor,,Grady Yarbrough,DEM,13,4,5,4,0,0
Kleberg,Total,Governor,,Grady Yarbrough,DEM,135,74,46,15,0,0
Kleberg,11,Governor,,Jeffrey Payne,DEM,3,3,0,0,0,0
Kleberg,12,Governor,,Jeffrey Payne,DEM,2,0,2,0,0,0
Kleberg,13.14,Governor,,Jeffrey Payne,DEM,8,6,2,0,0,0
Kleberg,21,Governor,,Jeffrey Payne,DEM,0,0,0,0,0,0
Kleberg,22.23,Governor,,Jeffrey Payne,DEM,5,3,2,0,0,0
Kleberg,24,Governor,,Jeffrey Payne,DEM,2,1,0,1,0,0
Kleberg,31,Governor,,Jeffrey Payne,DEM,7,4,2,1,0,0
Kleberg,32,Governor,,Jeffrey Payne,DEM,2,2,0,0,0,0
Kleberg,33.34,Governor,,Jeffrey Payne,DEM,3,2,1,0,0,0
Kleberg,35,Governor,,Jeffrey Payne,DEM,5,4,1,0,0,0
Kleberg,41.42,Governor,,Jeffrey Payne,DEM,0,0,0,0,0,0
Kleberg,43,Governor,,Jeffrey Payne,DEM,7,5,2,0,0,0
Kleberg,44,Governor,,Jeffrey Payne,DEM,3,2,1,0,0,0
Kleberg,45,Governor,,Jeffrey Payne,DEM,0,0,0,0,0,0
Kleberg,Total,Governor,,Jeffrey Payne,DEM,47,32,13,2,0,0
Kleberg,11,Governor,,Andrew White,DEM,15,11,2,2,0,0
Kleberg,12,Governor,,Andrew White,DEM,7,6,1,0,0,0
Kleberg,13.14,Governor,,Andrew White,DEM,13,7,5,1,0,0
Kleberg,21,Governor,,Andrew White,DEM,1,0,1,0,0,0
Kleberg,22.23,Governor,,Andrew White,DEM,13,6,5,2,0,0
Kleberg,24,Governor,,Andrew White,DEM,6,3,1,2,0,0
Kleberg,31,Governor,,Andrew White,DEM,14,7,6,1,0,0
Kleberg,32,Governor,,Andrew White,DEM,8,3,4,1,0,0
Kleberg,33.34,Governor,,Andrew White,DEM,8,1,6,1,0,0
Kleberg,35,Governor,,Andrew White,DEM,5,3,2,0,0,0
Kleberg,41.42,Governor,,Andrew White,DEM,8,2,3,3,0,0
Kleberg,43,Governor,,Andrew White,DEM,6,3,3,0,0,0
Kleberg,44,Governor,,Andrew White,DEM,4,1,1,2,0,0
Kleberg,45,Governor,,Andrew White,DEM,7,2,2,3,0,0
Kleberg,Total,Governor,,Andrew White,DEM,115,55,42,18,0,0
Kleberg,11,Governor,,Lupe Valdez,DEM,62,30,20,10,0,2
Kleberg,12,Governor,,Lupe Valdez,DEM,46,26,16,4,0,0
Kleberg,13.14,Governor,,Lupe Valdez,DEM,118,47,49,22,0,0
Kleberg,21,Governor,,Lupe Valdez,DEM,32,13,14,5,0,0
Kleberg,22.23,Governor,,Lupe Valdez,DEM,126,74,44,8,0,0
Kleberg,24,Governor,,Lupe Valdez,DEM,69,41,21,7,0,0
Kleberg,31,Governor,,Lupe Valdez,DEM,47,18,25,4,0,0
Kleberg,32,Governor,,Lupe Valdez,DEM,51,32,16,3,0,0
Kleberg,33.34,Governor,,Lupe Valdez,DEM,63,45,14,4,0,0
Kleberg,35,Governor,,Lupe Valdez,DEM,44,25,15,4,0,0
Kleberg,41.42,Governor,,Lupe Valdez,DEM,120,51,47,22,0,0
Kleberg,43,Governor,,Lupe Valdez,DEM,99,45,41,13,0,0
Kleberg,44,Governor,,Lupe Valdez,DEM,24,8,11,5,0,0
Kleberg,45,Governor,,Lupe Valdez,DEM,95,47,34,13,1,0
Kleberg,Total,Governor,,Lupe Valdez,DEM,996,502,367,124,1,2
Kleberg,11,Governor,,Cedric Davis. Sr.,DEM,3,0,3,0,0,0
Kleberg,12,Governor,,Cedric Davis. Sr.,DEM,3,0,3,0,0,0
Kleberg,13.14,Governor,,Cedric Davis. Sr.,DEM,4,3,1,0,0,0
Kleberg,21,Governor,,Cedric Davis. Sr.,DEM,0,0,0,0,0,0
Kleberg,22.23,Governor,,Cedric Davis. Sr.,DEM,3,2,1,0,0,0
Kleberg,24,Governor,,Cedric Davis. Sr.,DEM,1,1,0,0,0,0
Kleberg,31,Governor,,Cedric Davis. Sr.,DEM,4,4,0,0,0,0
Kleberg,32,Governor,,Cedric Davis. Sr.,DEM,5,1,3,1,0,0
Kleberg,33.34,Governor,,Cedric Davis. Sr.,DEM,0,0,0,0,0,0
Kleberg,35,Governor,,Cedric Davis. Sr.,DEM,4,1,1,2,0,0
Kleberg,41.42,Governor,,Cedric Davis. Sr.,DEM,2,1,1,0,0,0
Kleberg,43,Governor,,Cedric Davis. Sr.,DEM,4,2,2,0,0,0
Kleberg,44,Governor,,Cedric Davis. Sr.,DEM,1,0,1,0,0,0
Kleberg,45,Governor,,Cedric Davis. Sr.,DEM,2,0,2,0,0,0
Kleberg,Total,Governor,,Cedric Davis. Sr.,DEM,36,15,18,3,0,0
Kleberg,11,Governor,,Adrian Ocegueda,DEM,9,7,2,0,0,0
Kleberg,12,Governor,,Adrian Ocegueda,DEM,8,4,2,2,0,0
Kleberg,13.14,Governor,,Adrian Ocegueda,DEM,12,5,7,0,0,0
Kleberg,21,Governor,,Adrian Ocegueda,DEM,1,1,0,0,0,0
Kleberg,22.23,Governor,,Adrian Ocegueda,DEM,2,1,0,1,0,0
Kleberg,24,Governor,,Adrian Ocegueda,DEM,6,3,2,1,0,0
Kleberg,31,Governor,,Adrian Ocegueda,DEM,3,2,1,0,0,0
Kleberg,32,Governor,,Adrian Ocegueda,DEM,6,3,2,1,0,0
Kleberg,33.34,Governor,,Adrian Ocegueda,DEM,10,7,3,0,0,0
Kleberg,35,Governor,,Adrian Ocegueda,DEM,3,1,1,1,0,0
Kleberg,41.42,Governor,,Adrian Ocegueda,DEM,14,3,9,2,0,0
Kleberg,43,Governor,,Adrian Ocegueda,DEM,4,2,2,0,0,0
Kleberg,44,Governor,,Adrian Ocegueda,DEM,3,0,3,0,0,0
Kleberg,45,Governor,,Adrian Ocegueda,DEM,9,5,2,2,0,0
Kleberg,Total,Governor,,Adrian Ocegueda,DEM,90,44,36,10,0,0
Kleberg,11,Lieutenant Governor,,Michael Cooper,DEM,58,36,17,4,0,1
Kleberg,12,Lieutenant Governor,,Michael Cooper,DEM,40,23,12,5,0,0
Kleberg,13.14,Lieutenant Governor,,Michael Cooper,DEM,101,45,41,15,0,0
Kleberg,21,Lieutenant Governor,,Michael Cooper,DEM,24,13,6,5,0,0
Kleberg,22.23,Lieutenant Governor,,Michael Cooper,DEM,74,44,22,8,0,0
Kleberg,24,Lieutenant Governor,,Michael Cooper,DEM,54,38,8,8,0,0
Kleberg,31,Lieutenant Governor,,Michael Cooper,DEM,45,22,20,3,0,0
Kleberg,32,Lieutenant Governor,,Michael Cooper,DEM,43,27,15,1,0,0
Kleberg,33.34,Lieutenant Governor,,Michael Cooper,DEM,56,32,18,6,0,0
Kleberg,35,Lieutenant Governor,,Michael Cooper,DEM,43,21,16,6,0,0
Kleberg,41.42,Lieutenant Governor,,Michael Cooper,DEM,94,37,37,20,0,0
Kleberg,43,Lieutenant Governor,,Michael Cooper,DEM,81,44,30,7,0,0
Kleberg,44,Lieutenant Governor,,Michael Cooper,DEM,33,12,18,3,0,0
Kleberg,45,Lieutenant Governor,,Michael Cooper,DEM,71,37,24,10,0,0
Kleberg,Total,Lieutenant Governor,,Michael Cooper,DEM,817,431,284,101,0,1
Kleberg,11,Lieutenant Governor,,Mike Collier,DEM,41,23,12,5,0,1
Kleberg,12,Lieutenant Governor,,Mike Collier,DEM,29,15,12,2,0,0
Kleberg,13.14,Lieutenant Governor,,Mike Collier,DEM,75,35,30,10,0,0
Kleberg,21,Lieutenant Governor,,Mike Collier,DEM,11,3,8,0,0,0
Kleberg,22.23,Lieutenant Governor,,Mike Collier,DEM,86,44,36,6,0,0
Kleberg,24,Lieutenant Governor,,Mike Collier,DEM,41,23,13,5,0,0
Kleberg,31,Lieutenant Governor,,Mike Collier,DEM,43,21,18,4,0,0
Kleberg,32,Lieutenant Governor,,Mike Collier,DEM,45,25,16,4,0,0
Kleberg,33.34,Lieutenant Governor,,Mike Collier,DEM,47,37,10,0,0,0
Kleberg,35,Lieutenant Governor,,Mike Collier,DEM,34,25,8,1,0,0
Kleberg,41.42,Lieutenant Governor,,Mike Collier,DEM,68,33,24,11,0,0
Kleberg,43,Lieutenant Governor,,Mike Collier,DEM,58,23,29,6,0,0
Kleberg,44,Lieutenant Governor,,Mike Collier,DEM,11,4,4,4,0,0
Kleberg,45,Lieutenant Governor,,Mike Collier,DEM,58,26,20,11,1,0
Kleberg,Total,Lieutenant Governor,,Mike Collier,DEM,647,337,240,69,1,1
Kleberg,11,Attorney General,,Justin Nelson,DEM,95,58,26,9,0,2
Kleberg,12,Attorney General,,Justin Nelson,DEM,59,35,19,5,0,0
Kleberg,13.14,Attorney General,,Justin Nelson,DEM,155,71,61,23,0,0
Kleberg,21,Attorney General,,Justin Nelson,DEM,27,11,11,5,0,0
Kleberg,22.23,Attorney General,,Justin Nelson,DEM,141,79,49,13,0,0
Kleberg,24,Attorney General,,Justin Nelson,DEM,84,52,21,11,0,0
Kleberg,31,Attorney General,,Justin Nelson,DEM,74,38,30,6,0,0
Kleberg,32,Attorney General,,Justin Nelson,DEM,71,39,28,4,0,0
Kleberg,33.34,Attorney General,,Justin Nelson,DEM,85,56,23,6,0,0
Kleberg,35,Attorney General,,Justin Nelson,DEM,68,39,21,8,0,0
Kleberg,41.42,Attorney General,,Justin Nelson,DEM,141,58,54,29,0,0
Kleberg,43,Attorney General,,Justin Nelson,DEM,114,54,47,13,0,0
Kleberg,44,Attorney General,,Justin Nelson,DEM,35,13,20,2,0,0
Kleberg,45,Attorney General,,Justin Nelson,DEM,113,54,39,19,1,0
Kleberg,Total,Attorney General,,Justin Nelson,DEM,1262,657,449,153,1,2
Kleberg,11,Comptroller of Public Accounts,,Tim Mahoney,DEM,59,35,15,7,2,0
Kleberg,12,Comptroller of Public Accounts,,Tim Mahoney,DEM,35,19,13,3,0,0
Kleberg,13.14,Comptroller of Public Accounts,,Tim Mahoney,DEM,97,40,43,14,0,0
Kleberg,21,Comptroller of Public Accounts,,Tim Mahoney,DEM,22,11,7,4,0,0
Kleberg,22.23,Comptroller of Public Accounts,,Tim Mahoney,DEM,82,54,23,5,0,0
Kleberg,24,Comptroller of Public Accounts,,Tim Mahoney,DEM,53,31,16,6,0,0
Kleberg,31,Comptroller of Public Accounts,,Tim Mahoney,DEM,52,29,20,3,0,0
Kleberg,32,Comptroller of Public Accounts,,Tim Mahoney,DEM,49,31,16,2,0,0
Kleberg,33.34,Comptroller of Public Accounts,,Tim Mahoney,DEM,60,43,14,3,0,0
Kleberg,35,Comptroller of Public Accounts,,Tim Mahoney,DEM,51,33,13,5,0,0
Kleberg,41.42,Comptroller of Public Accounts,,Tim Mahoney,DEM,106,42,41,23,0,0
Kleberg,43,Comptroller of Public Accounts,,Tim Mahoney,DEM,79,40,34,5,0,0
Kleberg,44,Comptroller of Public Accounts,,Tim Mahoney,DEM,24,1,13,0,0,0
Kleberg,45,Comptroller of Public Accounts,,Tim Mahoney,DEM,74,35,27,12,0,0
Kleberg,Total,Comptroller of Public Accounts,,Tim Mahoney,DEM,843,444,295,92,2,0
Kleberg,11,Comptroller of Public Accounts,,Joi Chevalier,DEM,41,25,12,4,0,0
Kleberg,12,Comptroller of Public Accounts,,Joi Chevalier,DEM,35,19,12,4,0,0
Kleberg,13.14,Comptroller of Public Accounts,,Joi Chevalier,DEM,76,36,30,10,0,0
Kleberg,21,Comptroller of Public Accounts,,Joi Chevalier,DEM,12,5,6,1,0,0
Kleberg,22.23,Comptroller of Public Accounts,,Joi Chevalier,DEM,79,39,33,7,0,0
Kleberg,24,Comptroller of Public Accounts,,Joi Chevalier,DEM,38,25,6,7,0,0
Kleberg,31,Comptroller of Public Accounts,,Joi Chevalier,DEM,35,15,17,3,0,0
Kleberg,32,Comptroller of Public Accounts,,Joi Chevalier,DEM,40,22,14,4,0,0
Kleberg,33.34,Comptroller of Public Accounts,,Joi Chevalier,DEM,42,27,11,4,0,0
Kleberg,35,Comptroller of Public Accounts,,Joi Chevalier,DEM,26,13,10,3,0,0
Kleberg,41.42,Comptroller of Public Accounts,,Joi Chevalier,DEM,49,25,17,7,0,0
Kleberg,43,Comptroller of Public Accounts,,Joi Chevalier,DEM,53,25,21,7,0,0
Kleberg,44,Comptroller of Public Accounts,,Joi Chevalier,DEM,18,8,0,0,0,0
Kleberg,45,Comptroller of Public Accounts,,Joi Chevalier,DEM,54,27,15,11,1,0
Kleberg,Total,Comptroller of Public Accounts,,Joi Chevalier,DEM,598,311,204,72,1,0
Kleberg,11,Commissioner of the General Land Office,,Tex Mergan .,DEM,22,11,6,3,0,2
Kleberg,12,Commissioner of the General Land Office,,Tex Mergan .,DEM,15,5,9,1,0,0
Kleberg,13.14,Commissioner of the General Land Office,,Tex Mergan .,DEM,24,12,9,3,0,0
Kleberg,21,Commissioner of the General Land Office,,Tex Mergan .,DEM,5,3,1,1,0,0
Kleberg,22.23,Commissioner of the General Land Office,,Tex Mergan .,DEM,22,12,7,3,0,0
Kleberg,24,Commissioner of the General Land Office,,Tex Mergan .,DEM,19,15,1,3,0,0
Kleberg,31,Commissioner of the General Land Office,,Tex Mergan .,DEM,12,8,4,0,0,0
Kleberg,32,Commissioner of the General Land Office,,Tex Mergan .,DEM,21,13,7,1,0,0
Kleberg,33.34,Commissioner of the General Land Office,,Tex Mergan .,DEM,29,18,9,2,0,0
Kleberg,35,Commissioner of the General Land Office,,Tex Mergan .,DEM,14,8,4,2,0,0
Kleberg,41.42,Commissioner of the General Land Office,,Tex Mergan .,DEM,17,8,4,5,0,0
Kleberg,43,Commissioner of the General Land Office,,Tex Mergan .,DEM,16,7,8,1,0,0
Kleberg,44,Commissioner of the General Land Office,,Tex Mergan .,DEM,11,5,0,0,0,0
Kleberg,45,Commissioner of the General Land Office,,Tex Mergan .,DEM,10,5,3,2,0,0
Kleberg,Total,Commissioner of the General Land Office,,Tex Mergan .,DEM,237,130,72,27,0,2
Kleberg,11,Commissioner of the General Land Office,,Miguel  Suazo,DEM,87,54,24,9,0,0
Kleberg,12,Commissioner of the General Land Office,,Miguel  Suazo,DEM,66,40,20,6,0,0
Kleberg,13.14,Commissioner of the General Land Office,,Miguel  Suazo,DEM,164,71,69,24,0,0
Kleberg,21,Commissioner of the General Land Office,,Miguel  Suazo,DEM,31,12,14,5,0,0
Kleberg,22.23,Commissioner of the General Land Office,,Miguel  Suazo,DEM,147,84,51,12,0,0
Kleberg,24,Commissioner of the General Land Office,,Miguel  Suazo,DEM,82,46,26,10,0,0
Kleberg,31,Commissioner of the General Land Office,,Miguel  Suazo,DEM,78,37,35,6,0,0
Kleberg,32,Commissioner of the General Land Office,,Miguel  Suazo,DEM,74,43,26,5,0,0
Kleberg,33.34,Commissioner of the General Land Office,,Miguel  Suazo,DEM,76,52,19,5,0,0
Kleberg,35,Commissioner of the General Land Office,,Miguel  Suazo,DEM,66,38,22,6,0,0
Kleberg,41.42,Commissioner of the General Land Office,,Miguel  Suazo,DEM,158,64,66,28,0,0
Kleberg,43,Commissioner of the General Land Office,,Miguel  Suazo,DEM,132,65,54,13,0,0
Kleberg,44,Commissioner of the General Land Office,,Miguel  Suazo,DEM,32,18,0,0,0,0
Kleberg,45,Commissioner of the General Land Office,,Miguel  Suazo,DEM,127,61,43,22,1,0
Kleberg,Total,Commissioner of the General Land Office,,Miguel  Suazo,DEM,1320,685,469,151,1,0
Kleberg,11,Commissioner of Agriculture,,Kim Olson,DEM,89,55,23,9,0,2
Kleberg,12,Commissioner of Agriculture,,Kim Olson,DEM,63,36,21,6,0,0
Kleberg,13.14,Commissioner of Agriculture,,Kim Olson,DEM,151,68,61,22,0,0
Kleberg,21,Commissioner of Agriculture,,Kim Olson,DEM,27,10,12,5,0,0
Kleberg,22.23,Commissioner of Agriculture,,Kim Olson,DEM,144,82,48,14,0,0
Kleberg,24,Commissioner of Agriculture,,Kim Olson,DEM,77,48,18,11,0,0
Kleberg,31,Commissioner of Agriculture,,Kim Olson,DEM,76,39,31,6,0,0
Kleberg,32,Commissioner of Agriculture,,Kim Olson,DEM,76,43,28,5,0,0
Kleberg,33.34,Commissioner of Agriculture,,Kim Olson,DEM,86,60,22,4,0,0
Kleberg,35,Commissioner of Agriculture,,Kim Olson,DEM,66,37,22,7,0,0
Kleberg,41.42,Commissioner of Agriculture,,Kim Olson,DEM,143,58,55,30,0,0
Kleberg,43,Commissioner of Agriculture,,Kim Olson,DEM,119,58,48,13,0,0
Kleberg,44,Commissioner of Agriculture,,Kim Olson,DEM,39,13,22,4,0,0
Kleberg,45,Commissioner of Agriculture,,Kim Olson,DEM,108,54,34,19,1,0
Kleberg,Total,Commissioner of Agriculture,,Kim Olson,DEM,1264,661,445,155,1,2
Kleberg,11,Railroad Commissioner,,Chris Spellmon,DEM,36,24,8,3,0,1
Kleberg,12,Railroad Commissioner,,Chris Spellmon,DEM,23,11,9,3,0,0
Kleberg,13.14,Railroad Commissioner,,Chris Spellmon,DEM,57,29,23,5,0,0
Kleberg,21,Railroad Commissioner,,Chris Spellmon,DEM,14,4,5,5,0,0
Kleberg,22.23,Railroad Commissioner,,Chris Spellmon,DEM,52,28,17,7,0,0
Kleberg,24,Railroad Commissioner,,Chris Spellmon,DEM,34,21,7,6,0,0
Kleberg,31,Railroad Commissioner,,Chris Spellmon,DEM,34,17,15,2,0,0
Kleberg,32,Railroad Commissioner,,Chris Spellmon,DEM,32,18,13,1,0,0
Kleberg,33.34,Railroad Commissioner,,Chris Spellmon,DEM,47,27,17,3,0,0
Kleberg,35,Railroad Commissioner,,Chris Spellmon,DEM,25,14,8,3,0,0
Kleberg,41.42,Railroad Commissioner,,Chris Spellmon,DEM,57,26,19,12,0,0
Kleberg,43,Railroad Commissioner,,Chris Spellmon,DEM,31,19,10,2,0,0
Kleberg,44,Railroad Commissioner,,Chris Spellmon,DEM,19,8,10,1,0,0
Kleberg,45,Railroad Commissioner,,Chris Spellmon,DEM,32,15,10,7,0,0
Kleberg,Total,Railroad Commissioner,,Chris Spellmon,DEM,493,261,171,60,0,1
Kleberg,11,Railroad Commissioner,,Roman McAllen,DEM,65,36,21,7,0,1
Kleberg,12,Railroad Commissioner,,Roman McAllen,DEM,50,29,17,4,0,0
Kleberg,13.14,Railroad Commissioner,,Roman McAllen,DEM,115,48,50,17,0,0
Kleberg,21,Railroad Commissioner,,Roman McAllen,DEM,21,11,9,1,0,0
Kleberg,22.23,Railroad Commissioner,,Roman McAllen,DEM,104,60,38,6,0,0
Kleberg,24,Railroad Commissioner,,Roman McAllen,DEM,60,37,16,7,0,0
Kleberg,31,Railroad Commissioner,,Roman McAllen,DEM,47,24,20,3,0,0
Kleberg,32,Railroad Commissioner,,Roman McAllen,DEM,56,34,17,5,0,0
Kleberg,33.34,Railroad Commissioner,,Roman McAllen,DEM,56,41,11,4,0,0
Kleberg,35,Railroad Commissioner,,Roman McAllen,DEM,52,30,17,5,0,0
Kleberg,41.42,Railroad Commissioner,,Roman McAllen,DEM,100,41,41,18,0,0
Kleberg,43,Railroad Commissioner,,Roman McAllen,DEM,102,46,47,9,0,0
Kleberg,44,Railroad Commissioner,,Roman McAllen,DEM,23,5,12,6,0,0
Kleberg,45,Railroad Commissioner,,Roman McAllen,DEM,95,46,33,15,1,0
Kleberg,Total,Railroad Commissioner,,Roman McAllen,DEM,946,488,349,107,1,1
Kleberg,11,State Representative,43,Dee Ann Torres Miller,DEM,84,53,23,8,0,0
Kleberg,12,State Representative,43,Dee Ann Torres Miller,DEM,59,33,20,6,0,0
Kleberg,13.14,State Representative,43,Dee Ann Torres Miller,DEM,153,70,59,24,0,0
Kleberg,21,State Representative,43,Dee Ann Torres Miller,DEM,26,12,9,5,0,0
Kleberg,22.23,State Representative,43,Dee Ann Torres Miller,DEM,139,79,47,13,0,0
Kleberg,24,State Representative,43,Dee Ann Torres Miller,DEM,81,46,24,11,0,0
Kleberg,31,State Representative,43,Dee Ann Torres Miller,DEM,74,36,32,6,0,0
Kleberg,32,State Representative,43,Dee Ann Torres Miller,DEM,73,42,25,6,0,0
Kleberg,33.34,State Representative,43,Dee Ann Torres Miller,DEM,82,54,22,6,0,0
Kleberg,35,State Representative,43,Dee Ann Torres Miller,DEM,65,36,21,8,0,0
Kleberg,41.42,State Representative,43,Dee Ann Torres Miller,DEM,135,53,54,28,0,0
Kleberg,43,State Representative,43,Dee Ann Torres Miller,DEM,110,51,48,11,0,0
Kleberg,44,State Representative,43,Dee Ann Torres Miller,DEM,36,13,21,2,0,0
Kleberg,45,State Representative,43,Dee Ann Torres Miller,DEM,108,55,32,21,0,0
Kleberg,Total,State Representative,43,Dee Ann Torres Miller,DEM,1225,633,437,155,0,0
