county,precinct,office,district,party,candidate,votes,election_day,early_voting
Wheeler,1,Ballots Cast,,,,148,79,69
Wheeler,1,Straight Party,,REP,Republican Party,83,42,41
Wheeler,1,Straight Party,,,Over Votes,0,0,0
Wheeler,1,Straight Party,,,Under Votes,64,37,27
Wheeler,1,Straight Party,,DEM,Democratic Party,1,0,1
Wheeler,1,Straight Party,,LIB,Libertarian Party,0,0,0
Wheeler,1,U.S. Senate,,REP,Ted Cruz,143,77,66
Wheeler,1,U.S. Senate,,,Over Votes,0,0,0
Wheeler,1,U.S. Senate,,,Under Votes,2,1,1
Wheeler,1,U.S. Senate,,DEM,Beto O'Rourke,3,1,2
Wheeler,1,U.S. Senate,,LIB,Neal M. Dikeman,0,0,0
Wheeler,1,U.S. House,13,REP,Mac Thornberry,138,74,64
Wheeler,1,U.S. House,13,,Over Votes,0,0,0
Wheeler,1,U.S. House,13,,Under Votes,2,2,0
Wheeler,1,U.S. House,13,DEM,Greg Sagan,5,1,4
Wheeler,1,U.S. House,13,LIB,Calvin DeWeese,3,2,1
Wheeler,1,Governor,,REP,Greg Abbott,142,77,65
Wheeler,1,Governor,,,Over Votes,0,0,0
Wheeler,1,Governor,,,Under Votes,2,1,1
Wheeler,1,Governor,,DEM,Lupe Valdez,4,1,3
Wheeler,1,Governor,,LIB,Mark Jay Tippetts,0,0,0
Wheeler,1,Lieutenant Governor,,REP,Dan Patrick,123,66,57
Wheeler,1,Lieutenant Governor,,,Over Votes,0,0,0
Wheeler,1,Lieutenant Governor,,,Under Votes,3,1,2
Wheeler,1,Lieutenant Governor,,DEM,Mike Collier,18,8,10
Wheeler,1,Lieutenant Governor,,LIB,Kerry Douglas McKennon,4,4,0
Wheeler,1,Attorney General,,REP,Ken Paxton,139,75,64
Wheeler,1,Attorney General,,,Over Votes,0,0,0
Wheeler,1,Attorney General,,,Under Votes,1,1,0
Wheeler,1,Attorney General,,DEM,Justin Nelson,6,2,4
Wheeler,1,Attorney General,,LIB,Michael Ray Harris,2,1,1
Wheeler,1,Comptroller of Public Accounts,,REP,Glenn Hegar,141,77,64
Wheeler,1,Comptroller of Public Accounts,,,Over Votes,0,0,0
Wheeler,1,Comptroller of Public Accounts,,,Under Votes,1,1,0
Wheeler,1,Comptroller of Public Accounts,,DEM,Joi Chevalier,2,0,2
Wheeler,1,Comptroller of Public Accounts,,LIB,Ben Sanders,4,1,3
Wheeler,1,Commissioner of the General Land Office,,REP,George P. Bush,137,76,61
Wheeler,1,Commissioner of the General Land Office,,,Over Votes,0,0,0
Wheeler,1,Commissioner of the General Land Office,,,Under Votes,4,1,3
Wheeler,1,Commissioner of the General Land Office,,DEM,Miguel Suazo,5,1,4
Wheeler,1,Commissioner of the General Land Office,,LIB,Matt Piña,2,1,1
Wheeler,1,Commissioner of Agriculture,,REP,Sid Miller,138,75,63
Wheeler,1,Commissioner of Agriculture,,,Over Votes,0,0,0
Wheeler,1,Commissioner of Agriculture,,,Under Votes,2,2,0
Wheeler,1,Commissioner of Agriculture,,DEM,Kim Olson,6,1,5
Wheeler,1,Commissioner of Agriculture,,LIB,Richard Carpenter,2,1,1
Wheeler,1,Railroad Commissioner,,REP,Christi Craddick,140,75,65
Wheeler,1,Railroad Commissioner,,,Over Votes,0,0,0
Wheeler,1,Railroad Commissioner,,,Under Votes,2,2,0
Wheeler,1,Railroad Commissioner,,DEM,Roman McAllen,5,1,4
Wheeler,1,Railroad Commissioner,,LIB,Mike Wright,1,1,0
Wheeler,1,"Justice, Supreme Court, Place 2",,REP,Jimmy Blacklock,141,76,65
Wheeler,1,"Justice, Supreme Court, Place 2",,,Over Votes,0,0,0
Wheeler,1,"Justice, Supreme Court, Place 2",,,Under Votes,2,2,0
Wheeler,1,"Justice, Supreme Court, Place 2",,DEM,Steven Kirkland,5,1,4
Wheeler,1,"Justice, Supreme Court, Place 4",,REP,John Devine,142,76,66
Wheeler,1,"Justice, Supreme Court, Place 4",,,Over Votes,0,0,0
Wheeler,1,"Justice, Supreme Court, Place 4",,,Under Votes,3,3,0
Wheeler,1,"Justice, Supreme Court, Place 4",,DEM,R.K. Sandill,3,0,3
Wheeler,1,"Justice, Supreme Court, Place 6",,REP,Jeff Brown,142,77,65
Wheeler,1,"Justice, Supreme Court, Place 6",,,Over Votes,0,0,0
Wheeler,1,"Justice, Supreme Court, Place 6",,,Under Votes,2,2,0
Wheeler,1,"Justice, Supreme Court, Place 6",,DEM,Kathy Cheng,4,0,4
Wheeler,1,"Presiding Judge, Court of Criminal Appeals",,REP,Sharon Keller,141,76,65
Wheeler,1,"Presiding Judge, Court of Criminal Appeals",,,Over Votes,0,0,0
Wheeler,1,"Presiding Judge, Court of Criminal Appeals",,,Under Votes,2,2,0
Wheeler,1,"Presiding Judge, Court of Criminal Appeals",,DEM,Maria T. (Terri) Jackson,2,0,2
Wheeler,1,"Presiding Judge, Court of Criminal Appeals",,LIB,William Bryan Strange III,3,1,2
Wheeler,1,"Judge, Court of Criminal Appeals, Place 7",,REP,Barbara Parker Hervey,142,76,66
Wheeler,1,"Judge, Court of Criminal Appeals, Place 7",,,Over Votes,0,0,0
Wheeler,1,"Judge, Court of Criminal Appeals, Place 7",,,Under Votes,2,2,0
Wheeler,1,"Judge, Court of Criminal Appeals, Place 7",,DEM,Ramona Franklin,4,1,3
Wheeler,1,"Judge, Court of Criminal Appeals, Place 8",,REP,Michelle Slaughter,142,76,66
Wheeler,1,"Judge, Court of Criminal Appeals, Place 8",,,Over Votes,0,0,0
Wheeler,1,"Judge, Court of Criminal Appeals, Place 8",,,Under Votes,3,2,1
Wheeler,1,"Judge, Court of Criminal Appeals, Place 8",,LIB,Mark Ash,3,1,2
Wheeler,1,State Senator,No. 31,REP,Kel Seliger,138,75,63
Wheeler,1,State Senator,No. 31,,Over Votes,0,0,0
Wheeler,1,State Senator,No. 31,,Under Votes,4,2,2
Wheeler,1,State Senator,No. 31,LIB,Jack B. Westbrook,6,2,4
Wheeler,1,State Representative,No. 68,REP,Drew Springer,142,77,65
Wheeler,1,State Representative,No. 68,,Over Votes,0,0,0
Wheeler,1,State Representative,No. 68,,Under Votes,6,2,4
Wheeler,1,"Justice, 7th Court of Appeals District, Place No. 2",,REP,Judy Parker,142,77,65
Wheeler,1,"Justice, 7th Court of Appeals District, Place No. 2",,,Over Votes,0,0,0
Wheeler,1,"Justice, 7th Court of Appeals District, Place No. 2",,,Under Votes,6,2,4
Wheeler,1,"Justice, 7th Court of Appeals District, Place No. 3",,REP,Pat Pirtle,142,77,65
Wheeler,1,"Justice, 7th Court of Appeals District, Place No. 3",,,Over Votes,0,0,0
Wheeler,1,"Justice, 7th Court of Appeals District, Place No. 3",,,Under Votes,6,2,4
Wheeler,1,"District Judge, 31st Judicial District",,REP,Steven R. Emmert,143,77,66
Wheeler,1,"District Judge, 31st Judicial District",,,Over Votes,0,0,0
Wheeler,1,"District Judge, 31st Judicial District",,,Under Votes,5,2,3
Wheeler,1,County Judge,,REP,Jerry Dan Hefley,142,77,65
Wheeler,1,County Judge,,,Over Votes,0,0,0
Wheeler,1,County Judge,,,Under Votes,6,2,4
Wheeler,1,District Clerk,,REP,Sherri Jones,143,76,67
Wheeler,1,District Clerk,,,Over Votes,0,0,0
Wheeler,1,District Clerk,,,Under Votes,5,3,2
Wheeler,1,County Clerk,,REP,Margaret Dorman,143,76,67
Wheeler,1,County Clerk,,,Over Votes,0,0,0
Wheeler,1,County Clerk,,,Under Votes,5,3,2
Wheeler,1,County Treasurer,,REP,Renee Warren,144,77,67
Wheeler,1,County Treasurer,,,Over Votes,0,0,0
Wheeler,1,County Treasurer,,,Under Votes,4,2,2
Wheeler,1,"Justice of the Peace, Precinct No. 1",,REP,Mark Brown,143,76,67
Wheeler,1,"Justice of the Peace, Precinct No. 1",,,Over Votes,0,0,0
Wheeler,1,"Justice of the Peace, Precinct No. 1",,,Under Votes,5,3,2
Wheeler,2,Ballots Cast,,,,306,119,187
Wheeler,2,Straight Party,,REP,Republican Party,145,54,91
Wheeler,2,Straight Party,,,Over Votes,0,0,0
Wheeler,2,Straight Party,,,Under Votes,139,58,81
Wheeler,2,Straight Party,,DEM,Democratic Party,10,7,3
Wheeler,2,Straight Party,,LIB,Libertarian Party,0,0,0
Wheeler,2,U.S. Senate,,REP,Ted Cruz,283,107,176
Wheeler,2,U.S. Senate,,,Over Votes,0,0,0
Wheeler,2,U.S. Senate,,,Under Votes,6,2,4
Wheeler,2,U.S. Senate,,DEM,Beto O'Rourke,17,10,7
Wheeler,2,U.S. Senate,,LIB,Neal M. Dikeman,0,0,0
Wheeler,2,U.S. House,13,REP,Mac Thornberry,284,108,176
Wheeler,2,U.S. House,13,,Over Votes,0,0,0
Wheeler,2,U.S. House,13,,Under Votes,5,2,3
Wheeler,2,U.S. House,13,DEM,Greg Sagan,13,8,5
Wheeler,2,U.S. House,13,LIB,Calvin DeWeese,4,1,3
Wheeler,2,Governor,,REP,Greg Abbott,280,105,175
Wheeler,2,Governor,,,Over Votes,0,0,0
Wheeler,2,Governor,,,Under Votes,4,2,2
Wheeler,2,Governor,,DEM,Lupe Valdez,19,10,9
Wheeler,2,Governor,,LIB,Mark Jay Tippetts,3,2,1
Wheeler,2,Lieutenant Governor,,REP,Dan Patrick,221,84,137
Wheeler,2,Lieutenant Governor,,,Over Votes,0,0,0
Wheeler,2,Lieutenant Governor,,,Under Votes,13,4,9
Wheeler,2,Lieutenant Governor,,DEM,Mike Collier,55,25,30
Wheeler,2,Lieutenant Governor,,LIB,Kerry Douglas McKennon,15,6,9
Wheeler,2,Attorney General,,REP,Ken Paxton,269,104,165
Wheeler,2,Attorney General,,,Over Votes,0,0,0
Wheeler,2,Attorney General,,,Under Votes,11,4,7
Wheeler,2,Attorney General,,DEM,Justin Nelson,18,8,10
Wheeler,2,Attorney General,,LIB,Michael Ray Harris,7,3,4
Wheeler,2,Comptroller of Public Accounts,,REP,Glenn Hegar,274,103,171
Wheeler,2,Comptroller of Public Accounts,,,Over Votes,0,0,0
Wheeler,2,Comptroller of Public Accounts,,,Under Votes,10,4,6
Wheeler,2,Comptroller of Public Accounts,,DEM,Joi Chevalier,15,9,6
Wheeler,2,Comptroller of Public Accounts,,LIB,Ben Sanders,5,3,2
Wheeler,2,Commissioner of the General Land Office,,REP,George P. Bush,267,101,166
Wheeler,2,Commissioner of the General Land Office,,,Over Votes,0,0,0
Wheeler,2,Commissioner of the General Land Office,,,Under Votes,8,3,5
Wheeler,2,Commissioner of the General Land Office,,DEM,Miguel Suazo,15,9,6
Wheeler,2,Commissioner of the General Land Office,,LIB,Matt Piña,13,6,7
Wheeler,2,Commissioner of Agriculture,,REP,Sid Miller,274,105,169
Wheeler,2,Commissioner of Agriculture,,,Over Votes,0,0,0
Wheeler,2,Commissioner of Agriculture,,,Under Votes,9,2,7
Wheeler,2,Commissioner of Agriculture,,DEM,Kim Olson,16,10,6
Wheeler,2,Commissioner of Agriculture,,LIB,Richard Carpenter,5,2,3
Wheeler,2,Railroad Commissioner,,REP,Christi Craddick,273,104,169
Wheeler,2,Railroad Commissioner,,,Over Votes,0,0,0
Wheeler,2,Railroad Commissioner,,,Under Votes,10,3,7
Wheeler,2,Railroad Commissioner,,DEM,Roman McAllen,15,8,7
Wheeler,2,Railroad Commissioner,,LIB,Mike Wright,6,4,2
Wheeler,2,"Justice, Supreme Court, Place 2",,REP,Jimmy Blacklock,276,106,170
Wheeler,2,"Justice, Supreme Court, Place 2",,,Over Votes,0,0,0
Wheeler,2,"Justice, Supreme Court, Place 2",,,Under Votes,11,4,7
Wheeler,2,"Justice, Supreme Court, Place 2",,DEM,Steven Kirkland,16,9,7
Wheeler,2,"Justice, Supreme Court, Place 4",,REP,John Devine,274,105,169
Wheeler,2,"Justice, Supreme Court, Place 4",,,Over Votes,0,0,0
Wheeler,2,"Justice, Supreme Court, Place 4",,,Under Votes,12,5,7
Wheeler,2,"Justice, Supreme Court, Place 4",,DEM,R.K. Sandill,16,9,7
Wheeler,2,"Justice, Supreme Court, Place 6",,REP,Jeff Brown,278,107,171
Wheeler,2,"Justice, Supreme Court, Place 6",,,Over Votes,0,0,0
Wheeler,2,"Justice, Supreme Court, Place 6",,,Under Votes,11,4,7
Wheeler,2,"Justice, Supreme Court, Place 6",,DEM,Kathy Cheng,14,8,6
Wheeler,2,"Presiding Judge, Court of Criminal Appeals",,REP,Sharon Keller,273,104,169
Wheeler,2,"Presiding Judge, Court of Criminal Appeals",,,Over Votes,0,0,0
Wheeler,2,"Presiding Judge, Court of Criminal Appeals",,,Under Votes,10,3,7
Wheeler,2,"Presiding Judge, Court of Criminal Appeals",,DEM,Maria T. (Terri) Jackson,14,9,5
Wheeler,2,"Presiding Judge, Court of Criminal Appeals",,LIB,William Bryan Strange III,6,3,3
Wheeler,2,"Judge, Court of Criminal Appeals, Place 7",,REP,Barbara Parker Hervey,277,106,171
Wheeler,2,"Judge, Court of Criminal Appeals, Place 7",,,Over Votes,0,0,0
Wheeler,2,"Judge, Court of Criminal Appeals, Place 7",,,Under Votes,11,4,7
Wheeler,2,"Judge, Court of Criminal Appeals, Place 7",,DEM,Ramona Franklin,15,9,6
Wheeler,2,"Judge, Court of Criminal Appeals, Place 8",,REP,Michelle Slaughter,276,106,170
Wheeler,2,"Judge, Court of Criminal Appeals, Place 8",,,Over Votes,0,0,0
Wheeler,2,"Judge, Court of Criminal Appeals, Place 8",,,Under Votes,20,9,11
Wheeler,2,"Judge, Court of Criminal Appeals, Place 8",,LIB,Mark Ash,8,4,4
Wheeler,2,State Senator,No. 31,REP,Kel Seliger,285,111,174
Wheeler,2,State Senator,No. 31,,Over Votes,0,0,0
Wheeler,2,State Senator,No. 31,,Under Votes,13,4,9
Wheeler,2,State Senator,No. 31,LIB,Jack B. Westbrook,8,4,4
Wheeler,2,State Representative,No. 68,REP,Drew Springer,281,105,176
Wheeler,2,State Representative,No. 68,,Over Votes,0,0,0
Wheeler,2,State Representative,No. 68,,Under Votes,23,14,9
Wheeler,2,"Justice, 7th Court of Appeals District, Place No. 2",,REP,Judy Parker,278,104,174
Wheeler,2,"Justice, 7th Court of Appeals District, Place No. 2",,,Over Votes,0,0,0
Wheeler,2,"Justice, 7th Court of Appeals District, Place No. 2",,,Under Votes,25,15,10
Wheeler,2,"Justice, 7th Court of Appeals District, Place No. 3",,REP,Pat Pirtle,275,103,172
Wheeler,2,"Justice, 7th Court of Appeals District, Place No. 3",,,Over Votes,0,0,0
Wheeler,2,"Justice, 7th Court of Appeals District, Place No. 3",,,Under Votes,28,16,12
Wheeler,2,"District Judge, 31st Judicial District",,REP,Steven R. Emmert,282,110,172
Wheeler,2,"District Judge, 31st Judicial District",,,Over Votes,0,0,0
Wheeler,2,"District Judge, 31st Judicial District",,,Under Votes,21,9,12
Wheeler,2,County Judge,,REP,Jerry Dan Hefley,263,101,162
Wheeler,2,County Judge,,,Over Votes,0,0,0
Wheeler,2,County Judge,,,Under Votes,40,18,22
Wheeler,2,District Clerk,,REP,Sherri Jones,284,110,174
Wheeler,2,District Clerk,,,Over Votes,0,0,0
Wheeler,2,District Clerk,,,Under Votes,22,9,13
Wheeler,2,County Clerk,,REP,Margaret Dorman,284,109,175
Wheeler,2,County Clerk,,,Over Votes,0,0,0
Wheeler,2,County Clerk,,,Under Votes,22,10,12
Wheeler,2,County Treasurer,,REP,Renee Warren,282,109,173
Wheeler,2,County Treasurer,,,Over Votes,0,0,0
Wheeler,2,County Treasurer,,,Under Votes,23,10,13
Wheeler,2,"Justice of the Peace, Precinct No. 1",,REP,Mark Brown,289,109,180
Wheeler,2,"Justice of the Peace, Precinct No. 1",,,Over Votes,0,0,0
Wheeler,2,"Justice of the Peace, Precinct No. 1",,,Under Votes,17,10,7
Wheeler,3,Ballots Cast,,,,303,128,175
Wheeler,3,Straight Party,,REP,Republican Party,169,64,105
Wheeler,3,Straight Party,,,Over Votes,0,0,0
Wheeler,3,Straight Party,,,Under Votes,109,59,50
Wheeler,3,Straight Party,,DEM,Democratic Party,16,5,11
Wheeler,3,Straight Party,,LIB,Libertarian Party,0,0,0
Wheeler,3,U.S. Senate,,REP,Ted Cruz,266,115,151
Wheeler,3,U.S. Senate,,,Over Votes,0,0,0
Wheeler,3,U.S. Senate,,,Under Votes,7,2,5
Wheeler,3,U.S. Senate,,DEM,Beto O'Rourke,29,11,18
Wheeler,3,U.S. Senate,,LIB,Neal M. Dikeman,0,0,0
Wheeler,3,U.S. House,13,REP,Mac Thornberry,273,117,156
Wheeler,3,U.S. House,13,,Over Votes,0,0,0
Wheeler,3,U.S. House,13,,Under Votes,2,1,1
Wheeler,3,U.S. House,13,DEM,Greg Sagan,25,8,17
Wheeler,3,U.S. House,13,LIB,Calvin DeWeese,3,2,1
Wheeler,3,Governor,,REP,Greg Abbott,271,116,155
Wheeler,3,Governor,,,Over Votes,0,0,0
Wheeler,3,Governor,,,Under Votes,2,1,1
Wheeler,3,Governor,,DEM,Lupe Valdez,27,9,18
Wheeler,3,Governor,,LIB,Mark Jay Tippetts,2,2,0
Wheeler,3,Lieutenant Governor,,REP,Dan Patrick,236,97,139
Wheeler,3,Lieutenant Governor,,,Over Votes,0,0,0
Wheeler,3,Lieutenant Governor,,,Under Votes,6,4,2
Wheeler,3,Lieutenant Governor,,DEM,Mike Collier,53,23,30
Wheeler,3,Lieutenant Governor,,LIB,Kerry Douglas McKennon,7,4,3
Wheeler,3,Attorney General,,REP,Ken Paxton,261,112,149
Wheeler,3,Attorney General,,,Over Votes,0,0,0
Wheeler,3,Attorney General,,,Under Votes,6,3,3
Wheeler,3,Attorney General,,DEM,Justin Nelson,33,12,21
Wheeler,3,Attorney General,,LIB,Michael Ray Harris,2,1,1
Wheeler,3,Comptroller of Public Accounts,,REP,Glenn Hegar,267,116,151
Wheeler,3,Comptroller of Public Accounts,,,Over Votes,0,0,0
Wheeler,3,Comptroller of Public Accounts,,,Under Votes,6,2,4
Wheeler,3,Comptroller of Public Accounts,,DEM,Joi Chevalier,25,8,17
Wheeler,3,Comptroller of Public Accounts,,LIB,Ben Sanders,3,2,1
Wheeler,3,Commissioner of the General Land Office,,REP,George P. Bush,261,110,151
Wheeler,3,Commissioner of the General Land Office,,,Over Votes,0,0,0
Wheeler,3,Commissioner of the General Land Office,,,Under Votes,6,2,4
Wheeler,3,Commissioner of the General Land Office,,DEM,Miguel Suazo,26,10,16
Wheeler,3,Commissioner of the General Land Office,,LIB,Matt Piña,9,6,3
Wheeler,3,Commissioner of Agriculture,,REP,Sid Miller,259,110,149
Wheeler,3,Commissioner of Agriculture,,,Over Votes,0,0,0
Wheeler,3,Commissioner of Agriculture,,,Under Votes,5,3,2
Wheeler,3,Commissioner of Agriculture,,DEM,Kim Olson,33,12,21
Wheeler,3,Commissioner of Agriculture,,LIB,Richard Carpenter,3,3,0
Wheeler,3,Railroad Commissioner,,REP,Christi Craddick,268,117,151
Wheeler,3,Railroad Commissioner,,,Over Votes,0,0,0
Wheeler,3,Railroad Commissioner,,,Under Votes,6,1,5
Wheeler,3,Railroad Commissioner,,DEM,Roman McAllen,25,9,16
Wheeler,3,Railroad Commissioner,,LIB,Mike Wright,1,1,0
Wheeler,3,"Justice, Supreme Court, Place 2",,REP,Jimmy Blacklock,269,117,152
Wheeler,3,"Justice, Supreme Court, Place 2",,,Over Votes,0,0,0
Wheeler,3,"Justice, Supreme Court, Place 2",,,Under Votes,4,1,3
Wheeler,3,"Justice, Supreme Court, Place 2",,DEM,Steven Kirkland,27,10,17
Wheeler,3,"Justice, Supreme Court, Place 4",,REP,John Devine,270,118,152
Wheeler,3,"Justice, Supreme Court, Place 4",,,Over Votes,0,0,0
Wheeler,3,"Justice, Supreme Court, Place 4",,,Under Votes,4,1,3
Wheeler,3,"Justice, Supreme Court, Place 4",,DEM,R.K. Sandill,26,9,17
Wheeler,3,"Justice, Supreme Court, Place 6",,REP,Jeff Brown,269,117,152
Wheeler,3,"Justice, Supreme Court, Place 6",,,Over Votes,0,0,0
Wheeler,3,"Justice, Supreme Court, Place 6",,,Under Votes,4,1,3
Wheeler,3,"Justice, Supreme Court, Place 6",,DEM,Kathy Cheng,27,10,17
Wheeler,3,"Presiding Judge, Court of Criminal Appeals",,REP,Sharon Keller,267,117,150
Wheeler,3,"Presiding Judge, Court of Criminal Appeals",,,Over Votes,0,0,0
Wheeler,3,"Presiding Judge, Court of Criminal Appeals",,,Under Votes,3,0,3
Wheeler,3,"Presiding Judge, Court of Criminal Appeals",,DEM,Maria T. (Terri) Jackson,27,9,18
Wheeler,3,"Presiding Judge, Court of Criminal Appeals",,LIB,William Bryan Strange III,3,2,1
Wheeler,3,"Judge, Court of Criminal Appeals, Place 7",,REP,Barbara Parker Hervey,267,116,151
Wheeler,3,"Judge, Court of Criminal Appeals, Place 7",,,Over Votes,0,0,0
Wheeler,3,"Judge, Court of Criminal Appeals, Place 7",,,Under Votes,7,2,5
Wheeler,3,"Judge, Court of Criminal Appeals, Place 7",,DEM,Ramona Franklin,26,10,16
Wheeler,3,"Judge, Court of Criminal Appeals, Place 8",,REP,Michelle Slaughter,270,119,151
Wheeler,3,"Judge, Court of Criminal Appeals, Place 8",,,Over Votes,0,0,0
Wheeler,3,"Judge, Court of Criminal Appeals, Place 8",,,Under Votes,17,7,10
Wheeler,3,"Judge, Court of Criminal Appeals, Place 8",,LIB,Mark Ash,11,2,9
Wheeler,3,State Senator,No. 31,REP,Kel Seliger,276,118,158
Wheeler,3,State Senator,No. 31,,Over Votes,0,0,0
Wheeler,3,State Senator,No. 31,,Under Votes,11,5,6
Wheeler,3,State Senator,No. 31,LIB,Jack B. Westbrook,12,5,7
Wheeler,3,State Representative,No. 68,REP,Drew Springer,275,121,154
Wheeler,3,State Representative,No. 68,,Over Votes,0,0,0
Wheeler,3,State Representative,No. 68,,Under Votes,21,7,14
Wheeler,3,"Justice, 7th Court of Appeals District, Place No. 2",,REP,Judy Parker,268,118,150
Wheeler,3,"Justice, 7th Court of Appeals District, Place No. 2",,,Over Votes,0,0,0
Wheeler,3,"Justice, 7th Court of Appeals District, Place No. 2",,,Under Votes,27,10,17
Wheeler,3,"Justice, 7th Court of Appeals District, Place No. 3",,REP,Pat Pirtle,271,118,153
Wheeler,3,"Justice, 7th Court of Appeals District, Place No. 3",,,Over Votes,0,0,0
Wheeler,3,"Justice, 7th Court of Appeals District, Place No. 3",,,Under Votes,26,10,16
Wheeler,3,"District Judge, 31st Judicial District",,REP,Steven R. Emmert,280,123,157
Wheeler,3,"District Judge, 31st Judicial District",,,Over Votes,0,0,0
Wheeler,3,"District Judge, 31st Judicial District",,,Under Votes,16,5,11
Wheeler,3,County Judge,,REP,Jerry Dan Hefley,274,118,156
Wheeler,3,County Judge,,,Over Votes,0,0,0
Wheeler,3,County Judge,,,Under Votes,22,10,12
Wheeler,3,District Clerk,,REP,Sherri Jones,281,122,159
Wheeler,3,District Clerk,,,Over Votes,0,0,0
Wheeler,3,District Clerk,,,Under Votes,16,6,10
Wheeler,3,County Clerk,,REP,Margaret Dorman,279,119,160
Wheeler,3,County Clerk,,,Over Votes,0,0,0
Wheeler,3,County Clerk,,,Under Votes,20,9,11
Wheeler,3,County Treasurer,,REP,Renee Warren,276,120,156
Wheeler,3,County Treasurer,,,Over Votes,0,0,0
Wheeler,3,County Treasurer,,,Under Votes,20,8,12
Wheeler,3,"County Commissioner, Precinct No. 2",,REP,Bob Hink,277,121,156
Wheeler,3,"County Commissioner, Precinct No. 2",,,Over Votes,0,0,0
Wheeler,3,"County Commissioner, Precinct No. 2",,,Under Votes,19,7,12
Wheeler,3,"Justice of the Peace, Precinct No. 1",,REP,Mark Brown,281,123,158
Wheeler,3,"Justice of the Peace, Precinct No. 1",,,Over Votes,0,0,0
Wheeler,3,"Justice of the Peace, Precinct No. 1",,,Under Votes,16,5,11
Wheeler,4,Ballots Cast,,,,105,60,45
Wheeler,4,Straight Party,,REP,Republican Party,43,28,15
Wheeler,4,Straight Party,,,Over Votes,0,0,0
Wheeler,4,Straight Party,,,Under Votes,52,26,26
Wheeler,4,Straight Party,,DEM,Democratic Party,7,6,1
Wheeler,4,Straight Party,,LIB,Libertarian Party,0,0,0
Wheeler,4,U.S. Senate,,REP,Ted Cruz,94,52,42
Wheeler,4,U.S. Senate,,,Over Votes,0,0,0
Wheeler,4,U.S. Senate,,,Under Votes,0,0,0
Wheeler,4,U.S. Senate,,DEM,Beto O'Rourke,11,8,3
Wheeler,4,U.S. Senate,,LIB,Neal M. Dikeman,0,0,0
Wheeler,4,U.S. House,13,REP,Mac Thornberry,88,47,41
Wheeler,4,U.S. House,13,,Over Votes,0,0,0
Wheeler,4,U.S. House,13,,Under Votes,2,2,0
Wheeler,4,U.S. House,13,DEM,Greg Sagan,11,8,3
Wheeler,4,U.S. House,13,LIB,Calvin DeWeese,4,3,1
Wheeler,4,Governor,,REP,Greg Abbott,92,50,42
Wheeler,4,Governor,,,Over Votes,0,0,0
Wheeler,4,Governor,,,Under Votes,2,2,0
Wheeler,4,Governor,,DEM,Lupe Valdez,11,8,3
Wheeler,4,Governor,,LIB,Mark Jay Tippetts,0,0,0
Wheeler,4,Lieutenant Governor,,REP,Dan Patrick,80,47,33
Wheeler,4,Lieutenant Governor,,,Over Votes,0,0,0
Wheeler,4,Lieutenant Governor,,,Under Votes,4,2,2
Wheeler,4,Lieutenant Governor,,DEM,Mike Collier,19,10,9
Wheeler,4,Lieutenant Governor,,LIB,Kerry Douglas McKennon,2,1,1
Wheeler,4,Attorney General,,REP,Ken Paxton,88,49,39
Wheeler,4,Attorney General,,,Over Votes,0,0,0
Wheeler,4,Attorney General,,,Under Votes,3,2,1
Wheeler,4,Attorney General,,DEM,Justin Nelson,12,8,4
Wheeler,4,Attorney General,,LIB,Michael Ray Harris,2,1,1
Wheeler,4,Comptroller of Public Accounts,,REP,Glenn Hegar,87,48,39
Wheeler,4,Comptroller of Public Accounts,,,Over Votes,0,0,0
Wheeler,4,Comptroller of Public Accounts,,,Under Votes,4,2,2
Wheeler,4,Comptroller of Public Accounts,,DEM,Joi Chevalier,11,9,2
Wheeler,4,Comptroller of Public Accounts,,LIB,Ben Sanders,2,1,1
Wheeler,4,Commissioner of the General Land Office,,REP,George P. Bush,87,49,38
Wheeler,4,Commissioner of the General Land Office,,,Over Votes,0,0,0
Wheeler,4,Commissioner of the General Land Office,,,Under Votes,4,2,2
Wheeler,4,Commissioner of the General Land Office,,DEM,Miguel Suazo,9,7,2
Wheeler,4,Commissioner of the General Land Office,,LIB,Matt Piña,5,2,3
Wheeler,4,Commissioner of Agriculture,,REP,Sid Miller,84,46,38
Wheeler,4,Commissioner of Agriculture,,,Over Votes,0,0,0
Wheeler,4,Commissioner of Agriculture,,,Under Votes,1,1,0
Wheeler,4,Commissioner of Agriculture,,DEM,Kim Olson,17,11,6
Wheeler,4,Commissioner of Agriculture,,LIB,Richard Carpenter,3,2,1
Wheeler,4,Railroad Commissioner,,REP,Christi Craddick,84,49,35
Wheeler,4,Railroad Commissioner,,,Over Votes,0,0,0
Wheeler,4,Railroad Commissioner,,,Under Votes,4,2,2
Wheeler,4,Railroad Commissioner,,DEM,Roman McAllen,14,9,5
Wheeler,4,Railroad Commissioner,,LIB,Mike Wright,3,0,3
Wheeler,4,"Justice, Supreme Court, Place 2",,REP,Jimmy Blacklock,90,49,41
Wheeler,4,"Justice, Supreme Court, Place 2",,,Over Votes,0,0,0
Wheeler,4,"Justice, Supreme Court, Place 2",,,Under Votes,3,2,1
Wheeler,4,"Justice, Supreme Court, Place 2",,DEM,Steven Kirkland,12,9,3
Wheeler,4,"Justice, Supreme Court, Place 4",,REP,John Devine,89,49,40
Wheeler,4,"Justice, Supreme Court, Place 4",,,Over Votes,0,0,0
Wheeler,4,"Justice, Supreme Court, Place 4",,,Under Votes,4,2,2
Wheeler,4,"Justice, Supreme Court, Place 4",,DEM,R.K. Sandill,12,9,3
Wheeler,4,"Justice, Supreme Court, Place 6",,REP,Jeff Brown,91,50,41
Wheeler,4,"Justice, Supreme Court, Place 6",,,Over Votes,0,0,0
Wheeler,4,"Justice, Supreme Court, Place 6",,,Under Votes,4,2,2
Wheeler,4,"Justice, Supreme Court, Place 6",,DEM,Kathy Cheng,10,8,2
Wheeler,4,"Presiding Judge, Court of Criminal Appeals",,REP,Sharon Keller,87,48,39
Wheeler,4,"Presiding Judge, Court of Criminal Appeals",,,Over Votes,0,0,0
Wheeler,4,"Presiding Judge, Court of Criminal Appeals",,,Under Votes,4,2,2
Wheeler,4,"Presiding Judge, Court of Criminal Appeals",,DEM,Maria T. (Terri) Jackson,13,9,4
Wheeler,4,"Presiding Judge, Court of Criminal Appeals",,LIB,William Bryan Strange III,1,1,0
Wheeler,4,"Judge, Court of Criminal Appeals, Place 7",,REP,Barbara Parker Hervey,89,49,40
Wheeler,4,"Judge, Court of Criminal Appeals, Place 7",,,Over Votes,0,0,0
Wheeler,4,"Judge, Court of Criminal Appeals, Place 7",,,Under Votes,4,2,2
Wheeler,4,"Judge, Court of Criminal Appeals, Place 7",,DEM,Ramona Franklin,12,9,3
Wheeler,4,"Judge, Court of Criminal Appeals, Place 8",,REP,Michelle Slaughter,93,51,42
Wheeler,4,"Judge, Court of Criminal Appeals, Place 8",,,Over Votes,0,0,0
Wheeler,4,"Judge, Court of Criminal Appeals, Place 8",,,Under Votes,10,8,2
Wheeler,4,"Judge, Court of Criminal Appeals, Place 8",,LIB,Mark Ash,2,1,1
Wheeler,4,State Senator,No. 31,REP,Kel Seliger,83,45,38
Wheeler,4,State Senator,No. 31,,Over Votes,0,0,0
Wheeler,4,State Senator,No. 31,,Under Votes,10,9,1
Wheeler,4,State Senator,No. 31,LIB,Jack B. Westbrook,12,6,6
Wheeler,4,State Representative,No. 68,REP,Drew Springer,92,52,40
Wheeler,4,State Representative,No. 68,,Over Votes,0,0,0
Wheeler,4,State Representative,No. 68,,Under Votes,11,8,3
Wheeler,4,"Justice, 7th Court of Appeals District, Place No. 2",,REP,Judy Parker,91,49,42
Wheeler,4,"Justice, 7th Court of Appeals District, Place No. 2",,,Over Votes,0,0,0
Wheeler,4,"Justice, 7th Court of Appeals District, Place No. 2",,,Under Votes,14,11,3
Wheeler,4,"Justice, 7th Court of Appeals District, Place No. 3",,REP,Pat Pirtle,90,49,41
Wheeler,4,"Justice, 7th Court of Appeals District, Place No. 3",,,Over Votes,0,0,0
Wheeler,4,"Justice, 7th Court of Appeals District, Place No. 3",,,Under Votes,15,11,4
Wheeler,4,"District Judge, 31st Judicial District",,REP,Steven R. Emmert,91,50,41
Wheeler,4,"District Judge, 31st Judicial District",,,Over Votes,0,0,0
Wheeler,4,"District Judge, 31st Judicial District",,,Under Votes,13,10,3
Wheeler,4,County Judge,,REP,Jerry Dan Hefley,92,52,40
Wheeler,4,County Judge,,,Over Votes,0,0,0
Wheeler,4,County Judge,,,Under Votes,11,8,3
Wheeler,4,District Clerk,,REP,Sherri Jones,93,52,41
Wheeler,4,District Clerk,,,Over Votes,0,0,0
Wheeler,4,District Clerk,,,Under Votes,10,8,2
Wheeler,4,County Clerk,,REP,Margaret Dorman,93,52,41
Wheeler,4,County Clerk,,,Over Votes,0,0,0
Wheeler,4,County Clerk,,,Under Votes,10,8,2
Wheeler,4,County Treasurer,,REP,Renee Warren,92,51,41
Wheeler,4,County Treasurer,,,Over Votes,0,0,0
Wheeler,4,County Treasurer,,,Under Votes,11,9,2
Wheeler,4,"County Commissioner, Precinct No. 2",,REP,Bob Hink,93,52,41
Wheeler,4,"County Commissioner, Precinct No. 2",,,Over Votes,0,0,0
Wheeler,4,"County Commissioner, Precinct No. 2",,,Under Votes,10,8,2
Wheeler,4,"Justice of the Peace, Precinct No. 1",,REP,Mark Brown,91,51,40
Wheeler,4,"Justice of the Peace, Precinct No. 1",,,Over Votes,0,0,0
Wheeler,4,"Justice of the Peace, Precinct No. 1",,,Under Votes,12,9,3
Wheeler,5,Ballots Cast,,,,63,41,22
Wheeler,5,Straight Party,,REP,Republican Party,43,29,14
Wheeler,5,Straight Party,,,Over Votes,0,0,0
Wheeler,5,Straight Party,,,Under Votes,17,12,5
Wheeler,5,Straight Party,,DEM,Democratic Party,2,0,2
Wheeler,5,Straight Party,,LIB,Libertarian Party,0,0,0
Wheeler,5,U.S. Senate,,REP,Ted Cruz,59,40,19
Wheeler,5,U.S. Senate,,,Over Votes,0,0,0
Wheeler,5,U.S. Senate,,,Under Votes,2,1,1
Wheeler,5,U.S. Senate,,DEM,Beto O'Rourke,2,0,2
Wheeler,5,U.S. Senate,,LIB,Neal M. Dikeman,0,0,0
Wheeler,5,U.S. House,13,REP,Mac Thornberry,59,39,20
Wheeler,5,U.S. House,13,,Over Votes,0,0,0
Wheeler,5,U.S. House,13,,Under Votes,1,1,0
Wheeler,5,U.S. House,13,DEM,Greg Sagan,2,0,2
Wheeler,5,U.S. House,13,LIB,Calvin DeWeese,1,1,0
Wheeler,5,Governor,,REP,Greg Abbott,61,41,20
Wheeler,5,Governor,,,Over Votes,0,0,0
Wheeler,5,Governor,,,Under Votes,0,0,0
Wheeler,5,Governor,,DEM,Lupe Valdez,2,0,2
Wheeler,5,Governor,,LIB,Mark Jay Tippetts,0,0,0
Wheeler,5,Lieutenant Governor,,REP,Dan Patrick,59,40,19
Wheeler,5,Lieutenant Governor,,,Over Votes,0,0,0
Wheeler,5,Lieutenant Governor,,,Under Votes,2,1,1
Wheeler,5,Lieutenant Governor,,DEM,Mike Collier,2,0,2
Wheeler,5,Lieutenant Governor,,LIB,Kerry Douglas McKennon,0,0,0
Wheeler,5,Attorney General,,REP,Ken Paxton,59,39,20
Wheeler,5,Attorney General,,,Over Votes,0,0,0
Wheeler,5,Attorney General,,,Under Votes,2,2,0
Wheeler,5,Attorney General,,DEM,Justin Nelson,2,0,2
Wheeler,5,Attorney General,,LIB,Michael Ray Harris,0,0,0
Wheeler,5,Comptroller of Public Accounts,,REP,Glenn Hegar,58,39,19
Wheeler,5,Comptroller of Public Accounts,,,Over Votes,0,0,0
Wheeler,5,Comptroller of Public Accounts,,,Under Votes,2,2,0
Wheeler,5,Comptroller of Public Accounts,,DEM,Joi Chevalier,2,0,2
Wheeler,5,Comptroller of Public Accounts,,LIB,Ben Sanders,1,0,1
Wheeler,5,Commissioner of the General Land Office,,REP,George P. Bush,58,39,19
Wheeler,5,Commissioner of the General Land Office,,,Over Votes,0,0,0
Wheeler,5,Commissioner of the General Land Office,,,Under Votes,2,2,0
Wheeler,5,Commissioner of the General Land Office,,DEM,Miguel Suazo,3,0,3
Wheeler,5,Commissioner of the General Land Office,,LIB,Matt Piña,0,0,0
Wheeler,5,Commissioner of Agriculture,,REP,Sid Miller,60,40,20
Wheeler,5,Commissioner of Agriculture,,,Over Votes,0,0,0
Wheeler,5,Commissioner of Agriculture,,,Under Votes,1,1,0
Wheeler,5,Commissioner of Agriculture,,DEM,Kim Olson,2,0,2
Wheeler,5,Commissioner of Agriculture,,LIB,Richard Carpenter,0,0,0
Wheeler,5,Railroad Commissioner,,REP,Christi Craddick,59,40,19
Wheeler,5,Railroad Commissioner,,,Over Votes,0,0,0
Wheeler,5,Railroad Commissioner,,,Under Votes,1,1,0
Wheeler,5,Railroad Commissioner,,DEM,Roman McAllen,2,0,2
Wheeler,5,Railroad Commissioner,,LIB,Mike Wright,0,0,0
Wheeler,5,"Justice, Supreme Court, Place 2",,REP,Jimmy Blacklock,59,39,20
Wheeler,5,"Justice, Supreme Court, Place 2",,,Over Votes,0,0,0
Wheeler,5,"Justice, Supreme Court, Place 2",,,Under Votes,2,2,0
Wheeler,5,"Justice, Supreme Court, Place 2",,DEM,Steven Kirkland,2,0,2
Wheeler,5,"Justice, Supreme Court, Place 4",,REP,John Devine,59,39,20
Wheeler,5,"Justice, Supreme Court, Place 4",,,Over Votes,0,0,0
Wheeler,5,"Justice, Supreme Court, Place 4",,,Under Votes,2,2,0
Wheeler,5,"Justice, Supreme Court, Place 4",,DEM,R.K. Sandill,2,0,2
Wheeler,5,"Justice, Supreme Court, Place 6",,REP,Jeff Brown,59,39,20
Wheeler,5,"Justice, Supreme Court, Place 6",,,Over Votes,0,0,0
Wheeler,5,"Justice, Supreme Court, Place 6",,,Under Votes,2,2,0
Wheeler,5,"Justice, Supreme Court, Place 6",,DEM,Kathy Cheng,2,0,2
Wheeler,5,"Presiding Judge, Court of Criminal Appeals",,REP,Sharon Keller,58,39,19
Wheeler,5,"Presiding Judge, Court of Criminal Appeals",,,Over Votes,0,0,0
Wheeler,5,"Presiding Judge, Court of Criminal Appeals",,,Under Votes,2,2,0
Wheeler,5,"Presiding Judge, Court of Criminal Appeals",,DEM,Maria T. (Terri) Jackson,2,0,2
Wheeler,5,"Presiding Judge, Court of Criminal Appeals",,LIB,William Bryan Strange III,1,0,1
Wheeler,5,"Judge, Court of Criminal Appeals, Place 7",,REP,Barbara Parker Hervey,59,39,20
Wheeler,5,"Judge, Court of Criminal Appeals, Place 7",,,Over Votes,0,0,0
Wheeler,5,"Judge, Court of Criminal Appeals, Place 7",,,Under Votes,2,2,0
Wheeler,5,"Judge, Court of Criminal Appeals, Place 7",,DEM,Ramona Franklin,2,0,2
Wheeler,5,"Judge, Court of Criminal Appeals, Place 8",,REP,Michelle Slaughter,59,39,20
Wheeler,5,"Judge, Court of Criminal Appeals, Place 8",,,Over Votes,0,0,0
Wheeler,5,"Judge, Court of Criminal Appeals, Place 8",,,Under Votes,4,2,2
Wheeler,5,"Judge, Court of Criminal Appeals, Place 8",,LIB,Mark Ash,0,0,0
Wheeler,5,State Senator,No. 31,REP,Kel Seliger,56,37,19
Wheeler,5,State Senator,No. 31,,Over Votes,0,0,0
Wheeler,5,State Senator,No. 31,,Under Votes,4,2,2
Wheeler,5,State Senator,No. 31,LIB,Jack B. Westbrook,3,2,1
Wheeler,5,State Representative,No. 68,REP,Drew Springer,58,38,20
Wheeler,5,State Representative,No. 68,,Over Votes,0,0,0
Wheeler,5,State Representative,No. 68,,Under Votes,5,3,2
Wheeler,5,"Justice, 7th Court of Appeals District, Place No. 2",,REP,Judy Parker,58,38,20
Wheeler,5,"Justice, 7th Court of Appeals District, Place No. 2",,,Over Votes,0,0,0
Wheeler,5,"Justice, 7th Court of Appeals District, Place No. 2",,,Under Votes,5,3,2
Wheeler,5,"Justice, 7th Court of Appeals District, Place No. 3",,REP,Pat Pirtle,58,38,20
Wheeler,5,"Justice, 7th Court of Appeals District, Place No. 3",,,Over Votes,0,0,0
Wheeler,5,"Justice, 7th Court of Appeals District, Place No. 3",,,Under Votes,5,3,2
Wheeler,5,"District Judge, 31st Judicial District",,REP,Steven R. Emmert,60,40,20
Wheeler,5,"District Judge, 31st Judicial District",,,Over Votes,0,0,0
Wheeler,5,"District Judge, 31st Judicial District",,,Under Votes,3,1,2
Wheeler,5,County Judge,,REP,Jerry Dan Hefley,60,40,20
Wheeler,5,County Judge,,,Over Votes,0,0,0
Wheeler,5,County Judge,,,Under Votes,3,1,2
Wheeler,5,District Clerk,,REP,Sherri Jones,58,38,20
Wheeler,5,District Clerk,,,Over Votes,0,0,0
Wheeler,5,District Clerk,,,Under Votes,5,3,2
Wheeler,5,County Clerk,,REP,Margaret Dorman,61,41,20
Wheeler,5,County Clerk,,,Over Votes,0,0,0
Wheeler,5,County Clerk,,,Under Votes,2,0,2
Wheeler,5,County Treasurer,,REP,Renee Warren,59,39,20
Wheeler,5,County Treasurer,,,Over Votes,0,0,0
Wheeler,5,County Treasurer,,,Under Votes,4,2,2
Wheeler,5,"Justice of the Peace, Precinct No. 2",,REP,Rick Walden,59,39,20
Wheeler,5,"Justice of the Peace, Precinct No. 2",,,Over Votes,0,0,0
Wheeler,5,"Justice of the Peace, Precinct No. 2",,,Under Votes,4,2,2
Wheeler,6,Ballots Cast,,,,70,47,23
Wheeler,6,Straight Party,,REP,Republican Party,42,30,12
Wheeler,6,Straight Party,,,Over Votes,0,0,0
Wheeler,6,Straight Party,,,Under Votes,24,16,8
Wheeler,6,Straight Party,,DEM,Democratic Party,2,1,1
Wheeler,6,Straight Party,,LIB,Libertarian Party,0,0,0
Wheeler,6,U.S. Senate,,REP,Ted Cruz,65,44,21
Wheeler,6,U.S. Senate,,,Over Votes,0,0,0
Wheeler,6,U.S. Senate,,,Under Votes,0,0,0
Wheeler,6,U.S. Senate,,DEM,Beto O'Rourke,5,3,2
Wheeler,6,U.S. Senate,,LIB,Neal M. Dikeman,0,0,0
Wheeler,6,U.S. House,13,REP,Mac Thornberry,65,44,21
Wheeler,6,U.S. House,13,,Over Votes,0,0,0
Wheeler,6,U.S. House,13,,Under Votes,0,0,0
Wheeler,6,U.S. House,13,DEM,Greg Sagan,5,3,2
Wheeler,6,U.S. House,13,LIB,Calvin DeWeese,0,0,0
Wheeler,6,Governor,,REP,Greg Abbott,66,45,21
Wheeler,6,Governor,,,Over Votes,0,0,0
Wheeler,6,Governor,,,Under Votes,0,0,0
Wheeler,6,Governor,,DEM,Lupe Valdez,4,2,2
Wheeler,6,Governor,,LIB,Mark Jay Tippetts,0,0,0
Wheeler,6,Lieutenant Governor,,REP,Dan Patrick,59,41,18
Wheeler,6,Lieutenant Governor,,,Over Votes,0,0,0
Wheeler,6,Lieutenant Governor,,,Under Votes,0,0,0
Wheeler,6,Lieutenant Governor,,DEM,Mike Collier,7,5,2
Wheeler,6,Lieutenant Governor,,LIB,Kerry Douglas McKennon,4,1,3
Wheeler,6,Attorney General,,REP,Ken Paxton,63,43,20
Wheeler,6,Attorney General,,,Over Votes,0,0,0
Wheeler,6,Attorney General,,,Under Votes,1,0,1
Wheeler,6,Attorney General,,DEM,Justin Nelson,6,4,2
Wheeler,6,Attorney General,,LIB,Michael Ray Harris,0,0,0
Wheeler,6,Comptroller of Public Accounts,,REP,Glenn Hegar,63,44,19
Wheeler,6,Comptroller of Public Accounts,,,Over Votes,0,0,0
Wheeler,6,Comptroller of Public Accounts,,,Under Votes,1,0,1
Wheeler,6,Comptroller of Public Accounts,,DEM,Joi Chevalier,6,3,3
Wheeler,6,Comptroller of Public Accounts,,LIB,Ben Sanders,0,0,0
Wheeler,6,Commissioner of the General Land Office,,REP,George P. Bush,62,42,20
Wheeler,6,Commissioner of the General Land Office,,,Over Votes,0,0,0
Wheeler,6,Commissioner of the General Land Office,,,Under Votes,1,0,1
Wheeler,6,Commissioner of the General Land Office,,DEM,Miguel Suazo,6,4,2
Wheeler,6,Commissioner of the General Land Office,,LIB,Matt Piña,1,1,0
Wheeler,6,Commissioner of Agriculture,,REP,Sid Miller,61,44,17
Wheeler,6,Commissioner of Agriculture,,,Over Votes,0,0,0
Wheeler,6,Commissioner of Agriculture,,,Under Votes,0,0,0
Wheeler,6,Commissioner of Agriculture,,DEM,Kim Olson,9,3,6
Wheeler,6,Commissioner of Agriculture,,LIB,Richard Carpenter,0,0,0
Wheeler,6,Railroad Commissioner,,REP,Christi Craddick,64,44,20
Wheeler,6,Railroad Commissioner,,,Over Votes,0,0,0
Wheeler,6,Railroad Commissioner,,,Under Votes,0,0,0
Wheeler,6,Railroad Commissioner,,DEM,Roman McAllen,6,3,3
Wheeler,6,Railroad Commissioner,,LIB,Mike Wright,0,0,0
Wheeler,6,"Justice, Supreme Court, Place 2",,REP,Jimmy Blacklock,62,44,18
Wheeler,6,"Justice, Supreme Court, Place 2",,,Over Votes,0,0,0
Wheeler,6,"Justice, Supreme Court, Place 2",,,Under Votes,1,0,1
Wheeler,6,"Justice, Supreme Court, Place 2",,DEM,Steven Kirkland,7,3,4
Wheeler,6,"Justice, Supreme Court, Place 4",,REP,John Devine,61,44,17
Wheeler,6,"Justice, Supreme Court, Place 4",,,Over Votes,0,0,0
Wheeler,6,"Justice, Supreme Court, Place 4",,,Under Votes,2,0,2
Wheeler,6,"Justice, Supreme Court, Place 4",,DEM,R.K. Sandill,7,3,4
Wheeler,6,"Justice, Supreme Court, Place 6",,REP,Jeff Brown,62,44,18
Wheeler,6,"Justice, Supreme Court, Place 6",,,Over Votes,0,0,0
Wheeler,6,"Justice, Supreme Court, Place 6",,,Under Votes,2,0,2
Wheeler,6,"Justice, Supreme Court, Place 6",,DEM,Kathy Cheng,6,3,3
Wheeler,6,"Presiding Judge, Court of Criminal Appeals",,REP,Sharon Keller,63,44,19
Wheeler,6,"Presiding Judge, Court of Criminal Appeals",,,Over Votes,0,0,0
Wheeler,6,"Presiding Judge, Court of Criminal Appeals",,,Under Votes,1,0,1
Wheeler,6,"Presiding Judge, Court of Criminal Appeals",,DEM,Maria T. (Terri) Jackson,6,3,3
Wheeler,6,"Presiding Judge, Court of Criminal Appeals",,LIB,William Bryan Strange III,0,0,0
Wheeler,6,"Judge, Court of Criminal Appeals, Place 7",,REP,Barbara Parker Hervey,61,43,18
Wheeler,6,"Judge, Court of Criminal Appeals, Place 7",,,Over Votes,0,0,0
Wheeler,6,"Judge, Court of Criminal Appeals, Place 7",,,Under Votes,3,1,2
Wheeler,6,"Judge, Court of Criminal Appeals, Place 7",,DEM,Ramona Franklin,6,3,3
Wheeler,6,"Judge, Court of Criminal Appeals, Place 8",,REP,Michelle Slaughter,63,43,20
Wheeler,6,"Judge, Court of Criminal Appeals, Place 8",,,Over Votes,0,0,0
Wheeler,6,"Judge, Court of Criminal Appeals, Place 8",,,Under Votes,4,2,2
Wheeler,6,"Judge, Court of Criminal Appeals, Place 8",,LIB,Mark Ash,3,2,1
Wheeler,6,State Senator,No. 31,REP,Kel Seliger,64,44,20
Wheeler,6,State Senator,No. 31,,Over Votes,0,0,0
Wheeler,6,State Senator,No. 31,,Under Votes,3,2,1
Wheeler,6,State Senator,No. 31,LIB,Jack B. Westbrook,3,1,2
Wheeler,6,State Representative,No. 68,REP,Drew Springer,64,44,20
Wheeler,6,State Representative,No. 68,,Over Votes,0,0,0
Wheeler,6,State Representative,No. 68,,Under Votes,6,3,3
Wheeler,6,"Justice, 7th Court of Appeals District, Place No. 2",,REP,Judy Parker,64,44,20
Wheeler,6,"Justice, 7th Court of Appeals District, Place No. 2",,,Over Votes,0,0,0
Wheeler,6,"Justice, 7th Court of Appeals District, Place No. 2",,,Under Votes,6,3,3
Wheeler,6,"Justice, 7th Court of Appeals District, Place No. 3",,REP,Pat Pirtle,64,44,20
Wheeler,6,"Justice, 7th Court of Appeals District, Place No. 3",,,Over Votes,0,0,0
Wheeler,6,"Justice, 7th Court of Appeals District, Place No. 3",,,Under Votes,6,3,3
Wheeler,6,"District Judge, 31st Judicial District",,REP,Steven R. Emmert,65,44,21
Wheeler,6,"District Judge, 31st Judicial District",,,Over Votes,0,0,0
Wheeler,6,"District Judge, 31st Judicial District",,,Under Votes,5,3,2
Wheeler,6,County Judge,,REP,Jerry Dan Hefley,64,43,21
Wheeler,6,County Judge,,,Over Votes,0,0,0
Wheeler,6,County Judge,,,Under Votes,6,4,2
Wheeler,6,District Clerk,,REP,Sherri Jones,65,45,20
Wheeler,6,District Clerk,,,Over Votes,0,0,0
Wheeler,6,District Clerk,,,Under Votes,5,2,3
Wheeler,6,County Clerk,,REP,Margaret Dorman,66,44,22
Wheeler,6,County Clerk,,,Over Votes,0,0,0
Wheeler,6,County Clerk,,,Under Votes,4,3,1
Wheeler,6,County Treasurer,,REP,Renee Warren,66,44,22
Wheeler,6,County Treasurer,,,Over Votes,0,0,0
Wheeler,6,County Treasurer,,,Under Votes,4,3,1
Wheeler,6,"Justice of the Peace, Precinct No. 2",,REP,Rick Walden,67,45,22
Wheeler,6,"Justice of the Peace, Precinct No. 2",,,Over Votes,0,0,0
Wheeler,6,"Justice of the Peace, Precinct No. 2",,,Under Votes,3,2,1
Wheeler,7,Ballots Cast,,,,88,44,44
Wheeler,7,Straight Party,,REP,Republican Party,57,27,30
Wheeler,7,Straight Party,,,Over Votes,0,0,0
Wheeler,7,Straight Party,,,Under Votes,29,17,12
Wheeler,7,Straight Party,,DEM,Democratic Party,1,0,1
Wheeler,7,Straight Party,,LIB,Libertarian Party,0,0,0
Wheeler,7,U.S. Senate,,REP,Ted Cruz,85,44,41
Wheeler,7,U.S. Senate,,,Over Votes,0,0,0
Wheeler,7,U.S. Senate,,,Under Votes,0,0,0
Wheeler,7,U.S. Senate,,DEM,Beto O'Rourke,3,0,3
Wheeler,7,U.S. Senate,,LIB,Neal M. Dikeman,0,0,0
Wheeler,7,U.S. House,13,REP,Mac Thornberry,83,43,40
Wheeler,7,U.S. House,13,,Over Votes,0,0,0
Wheeler,7,U.S. House,13,,Under Votes,0,0,0
Wheeler,7,U.S. House,13,DEM,Greg Sagan,4,1,3
Wheeler,7,U.S. House,13,LIB,Calvin DeWeese,1,0,1
Wheeler,7,Governor,,REP,Greg Abbott,83,42,41
Wheeler,7,Governor,,,Over Votes,0,0,0
Wheeler,7,Governor,,,Under Votes,0,0,0
Wheeler,7,Governor,,DEM,Lupe Valdez,4,1,3
Wheeler,7,Governor,,LIB,Mark Jay Tippetts,1,1,0
Wheeler,7,Lieutenant Governor,,REP,Dan Patrick,74,35,39
Wheeler,7,Lieutenant Governor,,,Over Votes,0,0,0
Wheeler,7,Lieutenant Governor,,,Under Votes,0,0,0
Wheeler,7,Lieutenant Governor,,DEM,Mike Collier,9,5,4
Wheeler,7,Lieutenant Governor,,LIB,Kerry Douglas McKennon,5,4,1
Wheeler,7,Attorney General,,REP,Ken Paxton,82,42,40
Wheeler,7,Attorney General,,,Over Votes,0,0,0
Wheeler,7,Attorney General,,,Under Votes,0,0,0
Wheeler,7,Attorney General,,DEM,Justin Nelson,5,2,3
Wheeler,7,Attorney General,,LIB,Michael Ray Harris,1,0,1
Wheeler,7,Comptroller of Public Accounts,,REP,Glenn Hegar,83,42,41
Wheeler,7,Comptroller of Public Accounts,,,Over Votes,0,0,0
Wheeler,7,Comptroller of Public Accounts,,,Under Votes,1,1,0
Wheeler,7,Comptroller of Public Accounts,,DEM,Joi Chevalier,4,1,3
Wheeler,7,Comptroller of Public Accounts,,LIB,Ben Sanders,0,0,0
Wheeler,7,Commissioner of the General Land Office,,REP,George P. Bush,78,40,38
Wheeler,7,Commissioner of the General Land Office,,,Over Votes,0,0,0
Wheeler,7,Commissioner of the General Land Office,,,Under Votes,0,0,0
Wheeler,7,Commissioner of the General Land Office,,DEM,Miguel Suazo,7,2,5
Wheeler,7,Commissioner of the General Land Office,,LIB,Matt Piña,3,2,1
Wheeler,7,Commissioner of Agriculture,,REP,Sid Miller,79,41,38
Wheeler,7,Commissioner of Agriculture,,,Over Votes,0,0,0
Wheeler,7,Commissioner of Agriculture,,,Under Votes,1,1,0
Wheeler,7,Commissioner of Agriculture,,DEM,Kim Olson,7,2,5
Wheeler,7,Commissioner of Agriculture,,LIB,Richard Carpenter,1,0,1
Wheeler,7,Railroad Commissioner,,REP,Christi Craddick,81,41,40
Wheeler,7,Railroad Commissioner,,,Over Votes,0,0,0
Wheeler,7,Railroad Commissioner,,,Under Votes,1,1,0
Wheeler,7,Railroad Commissioner,,DEM,Roman McAllen,4,2,2
Wheeler,7,Railroad Commissioner,,LIB,Mike Wright,1,0,1
Wheeler,7,"Justice, Supreme Court, Place 2",,REP,Jimmy Blacklock,81,41,40
Wheeler,7,"Justice, Supreme Court, Place 2",,,Over Votes,0,0,0
Wheeler,7,"Justice, Supreme Court, Place 2",,,Under Votes,2,1,1
Wheeler,7,"Justice, Supreme Court, Place 2",,DEM,Steven Kirkland,5,2,3
Wheeler,7,"Justice, Supreme Court, Place 4",,REP,John Devine,81,41,40
Wheeler,7,"Justice, Supreme Court, Place 4",,,Over Votes,0,0,0
Wheeler,7,"Justice, Supreme Court, Place 4",,,Under Votes,2,1,1
Wheeler,7,"Justice, Supreme Court, Place 4",,DEM,R.K. Sandill,5,2,3
Wheeler,7,"Justice, Supreme Court, Place 6",,REP,Jeff Brown,81,41,40
Wheeler,7,"Justice, Supreme Court, Place 6",,,Over Votes,0,0,0
Wheeler,7,"Justice, Supreme Court, Place 6",,,Under Votes,2,1,1
Wheeler,7,"Justice, Supreme Court, Place 6",,DEM,Kathy Cheng,5,2,3
Wheeler,7,"Presiding Judge, Court of Criminal Appeals",,REP,Sharon Keller,82,42,40
Wheeler,7,"Presiding Judge, Court of Criminal Appeals",,,Over Votes,0,0,0
Wheeler,7,"Presiding Judge, Court of Criminal Appeals",,,Under Votes,2,1,1
Wheeler,7,"Presiding Judge, Court of Criminal Appeals",,DEM,Maria T. (Terri) Jackson,4,1,3
Wheeler,7,"Presiding Judge, Court of Criminal Appeals",,LIB,William Bryan Strange III,0,0,0
Wheeler,7,"Judge, Court of Criminal Appeals, Place 7",,REP,Barbara Parker Hervey,81,41,40
Wheeler,7,"Judge, Court of Criminal Appeals, Place 7",,,Over Votes,0,0,0
Wheeler,7,"Judge, Court of Criminal Appeals, Place 7",,,Under Votes,2,1,1
Wheeler,7,"Judge, Court of Criminal Appeals, Place 7",,DEM,Ramona Franklin,5,2,3
Wheeler,7,"Judge, Court of Criminal Appeals, Place 8",,REP,Michelle Slaughter,81,41,40
Wheeler,7,"Judge, Court of Criminal Appeals, Place 8",,,Over Votes,0,0,0
Wheeler,7,"Judge, Court of Criminal Appeals, Place 8",,,Under Votes,2,1,1
Wheeler,7,"Judge, Court of Criminal Appeals, Place 8",,LIB,Mark Ash,4,2,2
Wheeler,7,State Senator,No. 31,REP,Kel Seliger,84,44,40
Wheeler,7,State Senator,No. 31,,Over Votes,0,0,0
Wheeler,7,State Senator,No. 31,,Under Votes,0,0,0
Wheeler,7,State Senator,No. 31,LIB,Jack B. Westbrook,3,0,3
Wheeler,7,State Representative,No. 68,REP,Drew Springer,85,44,41
Wheeler,7,State Representative,No. 68,,Over Votes,0,0,0
Wheeler,7,State Representative,No. 68,,Under Votes,1,0,1
Wheeler,7,"Justice, 7th Court of Appeals District, Place No. 2",,REP,Judy Parker,82,42,40
Wheeler,7,"Justice, 7th Court of Appeals District, Place No. 2",,,Over Votes,0,0,0
Wheeler,7,"Justice, 7th Court of Appeals District, Place No. 2",,,Under Votes,4,2,2
Wheeler,7,"Justice, 7th Court of Appeals District, Place No. 3",,REP,Pat Pirtle,82,42,40
Wheeler,7,"Justice, 7th Court of Appeals District, Place No. 3",,,Over Votes,0,0,0
Wheeler,7,"Justice, 7th Court of Appeals District, Place No. 3",,,Under Votes,4,2,2
Wheeler,7,"District Judge, 31st Judicial District",,REP,Steven R. Emmert,83,43,40
Wheeler,7,"District Judge, 31st Judicial District",,,Over Votes,0,0,0
Wheeler,7,"District Judge, 31st Judicial District",,,Under Votes,3,1,2
Wheeler,7,County Judge,,REP,Jerry Dan Hefley,84,43,41
Wheeler,7,County Judge,,,Over Votes,0,0,0
Wheeler,7,County Judge,,,Under Votes,2,1,1
Wheeler,7,District Clerk,,REP,Sherri Jones,84,43,41
Wheeler,7,District Clerk,,,Over Votes,0,0,0
Wheeler,7,District Clerk,,,Under Votes,2,1,1
Wheeler,7,County Clerk,,REP,Margaret Dorman,84,43,41
Wheeler,7,County Clerk,,,Over Votes,0,0,0
Wheeler,7,County Clerk,,,Under Votes,2,1,1
Wheeler,7,County Treasurer,,REP,Renee Warren,84,43,41
Wheeler,7,County Treasurer,,,Over Votes,0,0,0
Wheeler,7,County Treasurer,,,Under Votes,2,1,1
Wheeler,7,"County Commissioner, Precinct No. 4",,REP,John  Walker,83,42,41
Wheeler,7,"County Commissioner, Precinct No. 4",,,Over Votes,0,0,0
Wheeler,7,"County Commissioner, Precinct No. 4",,,Under Votes,3,2,1
Wheeler,7,"Justice of the Peace, Precinct No. 2",,REP,Rick Walden,84,43,41
Wheeler,7,"Justice of the Peace, Precinct No. 2",,,Over Votes,0,0,0
Wheeler,7,"Justice of the Peace, Precinct No. 2",,,Under Votes,2,1,1
Wheeler,8,Ballots Cast,,,,257,107,150
Wheeler,8,Straight Party,,REP,Republican Party,159,66,93
Wheeler,8,Straight Party,,,Over Votes,0,0,0
Wheeler,8,Straight Party,,,Under Votes,81,36,45
Wheeler,8,Straight Party,,DEM,Democratic Party,13,5,8
Wheeler,8,Straight Party,,LIB,Libertarian Party,0,0,0
Wheeler,8,U.S. Senate,,REP,Ted Cruz,232,98,134
Wheeler,8,U.S. Senate,,,Over Votes,0,0,0
Wheeler,8,U.S. Senate,,,Under Votes,3,1,2
Wheeler,8,U.S. Senate,,DEM,Beto O'Rourke,19,7,12
Wheeler,8,U.S. Senate,,LIB,Neal M. Dikeman,3,1,2
Wheeler,8,U.S. House,13,REP,Mac Thornberry,229,97,132
Wheeler,8,U.S. House,13,,Over Votes,0,0,0
Wheeler,8,U.S. House,13,,Under Votes,2,2,0
Wheeler,8,U.S. House,13,DEM,Greg Sagan,21,7,14
Wheeler,8,U.S. House,13,LIB,Calvin DeWeese,5,1,4
Wheeler,8,Governor,,REP,Greg Abbott,232,98,134
Wheeler,8,Governor,,,Over Votes,0,0,0
Wheeler,8,Governor,,,Under Votes,1,1,0
Wheeler,8,Governor,,DEM,Lupe Valdez,21,8,13
Wheeler,8,Governor,,LIB,Mark Jay Tippetts,3,0,3
Wheeler,8,Lieutenant Governor,,REP,Dan Patrick,220,92,128
Wheeler,8,Lieutenant Governor,,,Over Votes,0,0,0
Wheeler,8,Lieutenant Governor,,,Under Votes,2,1,1
Wheeler,8,Lieutenant Governor,,DEM,Mike Collier,29,12,17
Wheeler,8,Lieutenant Governor,,LIB,Kerry Douglas McKennon,5,2,3
Wheeler,8,Attorney General,,REP,Ken Paxton,229,98,131
Wheeler,8,Attorney General,,,Over Votes,0,0,0
Wheeler,8,Attorney General,,,Under Votes,1,1,0
Wheeler,8,Attorney General,,DEM,Justin Nelson,23,8,15
Wheeler,8,Attorney General,,LIB,Michael Ray Harris,3,0,3
Wheeler,8,Comptroller of Public Accounts,,REP,Glenn Hegar,231,98,133
Wheeler,8,Comptroller of Public Accounts,,,Over Votes,0,0,0
Wheeler,8,Comptroller of Public Accounts,,,Under Votes,3,1,2
Wheeler,8,Comptroller of Public Accounts,,DEM,Joi Chevalier,20,7,13
Wheeler,8,Comptroller of Public Accounts,,LIB,Ben Sanders,2,1,1
Wheeler,8,Commissioner of the General Land Office,,REP,George P. Bush,228,96,132
Wheeler,8,Commissioner of the General Land Office,,,Over Votes,0,0,0
Wheeler,8,Commissioner of the General Land Office,,,Under Votes,0,0,0
Wheeler,8,Commissioner of the General Land Office,,DEM,Miguel Suazo,23,10,13
Wheeler,8,Commissioner of the General Land Office,,LIB,Matt Piña,5,1,4
Wheeler,8,Commissioner of Agriculture,,REP,Sid Miller,224,98,126
Wheeler,8,Commissioner of Agriculture,,,Over Votes,0,0,0
Wheeler,8,Commissioner of Agriculture,,,Under Votes,1,1,0
Wheeler,8,Commissioner of Agriculture,,DEM,Kim Olson,28,8,20
Wheeler,8,Commissioner of Agriculture,,LIB,Richard Carpenter,3,0,3
Wheeler,8,Railroad Commissioner,,REP,Christi Craddick,225,95,130
Wheeler,8,Railroad Commissioner,,,Over Votes,0,0,0
Wheeler,8,Railroad Commissioner,,,Under Votes,3,1,2
Wheeler,8,Railroad Commissioner,,DEM,Roman McAllen,21,10,11
Wheeler,8,Railroad Commissioner,,LIB,Mike Wright,7,1,6
Wheeler,8,"Justice, Supreme Court, Place 2",,REP,Jimmy Blacklock,232,99,133
Wheeler,8,"Justice, Supreme Court, Place 2",,,Over Votes,0,0,0
Wheeler,8,"Justice, Supreme Court, Place 2",,,Under Votes,3,0,3
Wheeler,8,"Justice, Supreme Court, Place 2",,DEM,Steven Kirkland,21,8,13
Wheeler,8,"Justice, Supreme Court, Place 4",,REP,John Devine,230,98,132
Wheeler,8,"Justice, Supreme Court, Place 4",,,Over Votes,0,0,0
Wheeler,8,"Justice, Supreme Court, Place 4",,,Under Votes,3,0,3
Wheeler,8,"Justice, Supreme Court, Place 4",,DEM,R.K. Sandill,23,9,14
Wheeler,8,"Justice, Supreme Court, Place 6",,REP,Jeff Brown,229,98,131
Wheeler,8,"Justice, Supreme Court, Place 6",,,Over Votes,0,0,0
Wheeler,8,"Justice, Supreme Court, Place 6",,,Under Votes,4,1,3
Wheeler,8,"Justice, Supreme Court, Place 6",,DEM,Kathy Cheng,23,8,15
Wheeler,8,"Presiding Judge, Court of Criminal Appeals",,REP,Sharon Keller,226,99,127
Wheeler,8,"Presiding Judge, Court of Criminal Appeals",,,Over Votes,0,0,0
Wheeler,8,"Presiding Judge, Court of Criminal Appeals",,,Under Votes,3,0,3
Wheeler,8,"Presiding Judge, Court of Criminal Appeals",,DEM,Maria T. (Terri) Jackson,22,8,14
Wheeler,8,"Presiding Judge, Court of Criminal Appeals",,LIB,William Bryan Strange III,5,0,5
Wheeler,8,"Judge, Court of Criminal Appeals, Place 7",,REP,Barbara Parker Hervey,231,99,132
Wheeler,8,"Judge, Court of Criminal Appeals, Place 7",,,Over Votes,0,0,0
Wheeler,8,"Judge, Court of Criminal Appeals, Place 7",,,Under Votes,5,2,3
Wheeler,8,"Judge, Court of Criminal Appeals, Place 7",,DEM,Ramona Franklin,20,6,14
Wheeler,8,"Judge, Court of Criminal Appeals, Place 8",,REP,Michelle Slaughter,233,100,133
Wheeler,8,"Judge, Court of Criminal Appeals, Place 8",,,Over Votes,0,0,0
Wheeler,8,"Judge, Court of Criminal Appeals, Place 8",,,Under Votes,14,4,10
Wheeler,8,"Judge, Court of Criminal Appeals, Place 8",,LIB,Mark Ash,8,3,5
Wheeler,8,State Senator,No. 31,REP,Kel Seliger,229,102,127
Wheeler,8,State Senator,No. 31,,Over Votes,0,0,0
Wheeler,8,State Senator,No. 31,,Under Votes,15,4,11
Wheeler,8,State Senator,No. 31,LIB,Jack B. Westbrook,12,1,11
Wheeler,8,State Representative,No. 68,REP,Drew Springer,239,102,137
Wheeler,8,State Representative,No. 68,,Over Votes,0,0,0
Wheeler,8,State Representative,No. 68,,Under Votes,17,5,12
Wheeler,8,"Justice, 7th Court of Appeals District, Place No. 2",,REP,Judy Parker,237,103,134
Wheeler,8,"Justice, 7th Court of Appeals District, Place No. 2",,,Over Votes,0,0,0
Wheeler,8,"Justice, 7th Court of Appeals District, Place No. 2",,,Under Votes,18,4,14
Wheeler,8,"Justice, 7th Court of Appeals District, Place No. 3",,REP,Pat Pirtle,234,102,132
Wheeler,8,"Justice, 7th Court of Appeals District, Place No. 3",,,Over Votes,0,0,0
Wheeler,8,"Justice, 7th Court of Appeals District, Place No. 3",,,Under Votes,21,5,16
Wheeler,8,"District Judge, 31st Judicial District",,REP,Steven R. Emmert,240,103,137
Wheeler,8,"District Judge, 31st Judicial District",,,Over Votes,0,0,0
Wheeler,8,"District Judge, 31st Judicial District",,,Under Votes,16,4,12
Wheeler,8,County Judge,,REP,Jerry Dan Hefley,236,104,132
Wheeler,8,County Judge,,,Over Votes,0,0,0
Wheeler,8,County Judge,,,Under Votes,20,3,17
Wheeler,8,District Clerk,,REP,Sherri Jones,239,103,136
Wheeler,8,District Clerk,,,Over Votes,0,0,0
Wheeler,8,District Clerk,,,Under Votes,17,4,13
Wheeler,8,County Clerk,,REP,Margaret Dorman,240,102,138
Wheeler,8,County Clerk,,,Over Votes,0,0,0
Wheeler,8,County Clerk,,,Under Votes,16,5,11
Wheeler,8,County Treasurer,,REP,Renee Warren,237,103,134
Wheeler,8,County Treasurer,,,Over Votes,0,0,0
Wheeler,8,County Treasurer,,,Under Votes,19,4,15
Wheeler,8,"Justice of the Peace, Precinct No. 2",,REP,Rick Walden,238,100,138
Wheeler,8,"Justice of the Peace, Precinct No. 2",,,Over Votes,0,0,0
Wheeler,8,"Justice of the Peace, Precinct No. 2",,,Under Votes,16,7,9
Wheeler,9,Ballots Cast,,,,434,182,252
Wheeler,9,Straight Party,,REP,Republican Party,240,96,144
Wheeler,9,Straight Party,,,Over Votes,0,0,0
Wheeler,9,Straight Party,,,Under Votes,162,84,78
Wheeler,9,Straight Party,,DEM,Democratic Party,21,2,19
Wheeler,9,Straight Party,,LIB,Libertarian Party,0,0,0
Wheeler,9,U.S. Senate,,REP,Ted Cruz,392,172,220
Wheeler,9,U.S. Senate,,,Over Votes,0,0,0
Wheeler,9,U.S. Senate,,,Under Votes,6,3,3
Wheeler,9,U.S. Senate,,DEM,Beto O'Rourke,35,6,29
Wheeler,9,U.S. Senate,,LIB,Neal M. Dikeman,1,1,0
Wheeler,9,U.S. House,13,REP,Mac Thornberry,393,173,220
Wheeler,9,U.S. House,13,,Over Votes,0,0,0
Wheeler,9,U.S. House,13,,Under Votes,5,2,3
Wheeler,9,U.S. House,13,DEM,Greg Sagan,29,4,25
Wheeler,9,U.S. House,13,LIB,Calvin DeWeese,5,3,2
Wheeler,9,Governor,,REP,Greg Abbott,396,173,223
Wheeler,9,Governor,,,Over Votes,0,0,0
Wheeler,9,Governor,,,Under Votes,4,2,2
Wheeler,9,Governor,,DEM,Lupe Valdez,31,5,26
Wheeler,9,Governor,,LIB,Mark Jay Tippetts,3,2,1
Wheeler,9,Lieutenant Governor,,REP,Dan Patrick,354,147,207
Wheeler,9,Lieutenant Governor,,,Over Votes,0,0,0
Wheeler,9,Lieutenant Governor,,,Under Votes,6,3,3
Wheeler,9,Lieutenant Governor,,DEM,Mike Collier,60,25,35
Wheeler,9,Lieutenant Governor,,LIB,Kerry Douglas McKennon,14,7,7
Wheeler,9,Attorney General,,REP,Ken Paxton,377,163,214
Wheeler,9,Attorney General,,,Over Votes,0,0,0
Wheeler,9,Attorney General,,,Under Votes,8,4,4
Wheeler,9,Attorney General,,DEM,Justin Nelson,40,12,28
Wheeler,9,Attorney General,,LIB,Michael Ray Harris,9,3,6
Wheeler,9,Comptroller of Public Accounts,,REP,Glenn Hegar,382,166,216
Wheeler,9,Comptroller of Public Accounts,,,Over Votes,0,0,0
Wheeler,9,Comptroller of Public Accounts,,,Under Votes,12,5,7
Wheeler,9,Comptroller of Public Accounts,,DEM,Joi Chevalier,34,5,29
Wheeler,9,Comptroller of Public Accounts,,LIB,Ben Sanders,6,6,0
Wheeler,9,Commissioner of the General Land Office,,REP,George P. Bush,377,165,212
Wheeler,9,Commissioner of the General Land Office,,,Over Votes,0,0,0
Wheeler,9,Commissioner of the General Land Office,,,Under Votes,12,4,8
Wheeler,9,Commissioner of the General Land Office,,DEM,Miguel Suazo,36,9,27
Wheeler,9,Commissioner of the General Land Office,,LIB,Matt Piña,8,4,4
Wheeler,9,Commissioner of Agriculture,,REP,Sid Miller,384,167,217
Wheeler,9,Commissioner of Agriculture,,,Over Votes,0,0,0
Wheeler,9,Commissioner of Agriculture,,,Under Votes,8,4,4
Wheeler,9,Commissioner of Agriculture,,DEM,Kim Olson,37,7,30
Wheeler,9,Commissioner of Agriculture,,LIB,Richard Carpenter,5,4,1
Wheeler,9,Railroad Commissioner,,REP,Christi Craddick,389,170,219
Wheeler,9,Railroad Commissioner,,,Over Votes,0,0,0
Wheeler,9,Railroad Commissioner,,,Under Votes,7,3,4
Wheeler,9,Railroad Commissioner,,DEM,Roman McAllen,33,6,27
Wheeler,9,Railroad Commissioner,,LIB,Mike Wright,5,3,2
Wheeler,9,"Justice, Supreme Court, Place 2",,REP,Jimmy Blacklock,386,169,217
Wheeler,9,"Justice, Supreme Court, Place 2",,,Over Votes,0,0,0
Wheeler,9,"Justice, Supreme Court, Place 2",,,Under Votes,11,5,6
Wheeler,9,"Justice, Supreme Court, Place 2",,DEM,Steven Kirkland,37,8,29
Wheeler,9,"Justice, Supreme Court, Place 4",,REP,John Devine,389,170,219
Wheeler,9,"Justice, Supreme Court, Place 4",,,Over Votes,0,0,0
Wheeler,9,"Justice, Supreme Court, Place 4",,,Under Votes,11,5,6
Wheeler,9,"Justice, Supreme Court, Place 4",,DEM,R.K. Sandill,34,7,27
Wheeler,9,"Justice, Supreme Court, Place 6",,REP,Jeff Brown,390,171,219
Wheeler,9,"Justice, Supreme Court, Place 6",,,Over Votes,0,0,0
Wheeler,9,"Justice, Supreme Court, Place 6",,,Under Votes,11,5,6
Wheeler,9,"Justice, Supreme Court, Place 6",,DEM,Kathy Cheng,33,6,27
Wheeler,9,"Presiding Judge, Court of Criminal Appeals",,REP,Sharon Keller,386,169,217
Wheeler,9,"Presiding Judge, Court of Criminal Appeals",,,Over Votes,0,0,0
Wheeler,9,"Presiding Judge, Court of Criminal Appeals",,,Under Votes,10,5,5
Wheeler,9,"Presiding Judge, Court of Criminal Appeals",,DEM,Maria T. (Terri) Jackson,34,6,28
Wheeler,9,"Presiding Judge, Court of Criminal Appeals",,LIB,William Bryan Strange III,4,2,2
Wheeler,9,"Judge, Court of Criminal Appeals, Place 7",,REP,Barbara Parker Hervey,385,167,218
Wheeler,9,"Judge, Court of Criminal Appeals, Place 7",,,Over Votes,0,0,0
Wheeler,9,"Judge, Court of Criminal Appeals, Place 7",,,Under Votes,13,6,7
Wheeler,9,"Judge, Court of Criminal Appeals, Place 7",,DEM,Ramona Franklin,36,9,27
Wheeler,9,"Judge, Court of Criminal Appeals, Place 8",,REP,Michelle Slaughter,389,169,220
Wheeler,9,"Judge, Court of Criminal Appeals, Place 8",,,Over Votes,0,0,0
Wheeler,9,"Judge, Court of Criminal Appeals, Place 8",,,Under Votes,31,10,21
Wheeler,9,"Judge, Court of Criminal Appeals, Place 8",,LIB,Mark Ash,8,3,5
Wheeler,9,State Senator,No. 31,REP,Kel Seliger,393,171,222
Wheeler,9,State Senator,No. 31,,Over Votes,0,0,0
Wheeler,9,State Senator,No. 31,,Under Votes,20,5,15
Wheeler,9,State Senator,No. 31,LIB,Jack B. Westbrook,13,6,7
Wheeler,9,State Representative,No. 68,REP,Drew Springer,397,174,223
Wheeler,9,State Representative,No. 68,,Over Votes,0,0,0
Wheeler,9,State Representative,No. 68,,Under Votes,27,8,19
Wheeler,9,"Justice, 7th Court of Appeals District, Place No. 2",,REP,Judy Parker,389,170,219
Wheeler,9,"Justice, 7th Court of Appeals District, Place No. 2",,,Over Votes,0,0,0
Wheeler,9,"Justice, 7th Court of Appeals District, Place No. 2",,,Under Votes,36,12,24
Wheeler,9,"Justice, 7th Court of Appeals District, Place No. 3",,REP,Pat Pirtle,386,170,216
Wheeler,9,"Justice, 7th Court of Appeals District, Place No. 3",,,Over Votes,0,0,0
Wheeler,9,"Justice, 7th Court of Appeals District, Place No. 3",,,Under Votes,39,12,27
Wheeler,9,"District Judge, 31st Judicial District",,REP,Steven R. Emmert,401,172,229
Wheeler,9,"District Judge, 31st Judicial District",,,Over Votes,0,0,0
Wheeler,9,"District Judge, 31st Judicial District",,,Under Votes,24,10,14
Wheeler,9,County Judge,,REP,Jerry Dan Hefley,390,171,219
Wheeler,9,County Judge,,,Over Votes,0,0,0
Wheeler,9,County Judge,,,Under Votes,33,11,22
Wheeler,9,District Clerk,,REP,Sherri Jones,397,174,223
Wheeler,9,District Clerk,,,Over Votes,0,0,0
Wheeler,9,District Clerk,,,Under Votes,26,8,18
Wheeler,9,County Clerk,,REP,Margaret Dorman,395,173,222
Wheeler,9,County Clerk,,,Over Votes,0,0,0
Wheeler,9,County Clerk,,,Under Votes,29,9,20
Wheeler,9,County Treasurer,,REP,Renee Warren,381,169,212
Wheeler,9,County Treasurer,,,Over Votes,0,0,0
Wheeler,9,County Treasurer,,,Under Votes,44,13,31
Wheeler,9,"County Commissioner, Precinct No. 4",,REP,John  Walker,394,169,225
Wheeler,9,"County Commissioner, Precinct No. 4",,,Over Votes,0,0,0
Wheeler,9,"County Commissioner, Precinct No. 4",,,Under Votes,30,13,17
Wheeler,9,"Justice of the Peace, Precinct No. 2",,REP,Rick Walden,395,169,226
Wheeler,9,"Justice of the Peace, Precinct No. 2",,,Over Votes,0,0,0
Wheeler,9,"Justice of the Peace, Precinct No. 2",,,Under Votes,29,13,16
Wheeler,10,Ballots Cast,,,,63,44,19
Wheeler,10,Straight Party,,REP,Republican Party,26,14,12
Wheeler,10,Straight Party,,,Over Votes,0,0,0
Wheeler,10,Straight Party,,,Under Votes,35,30,5
Wheeler,10,Straight Party,,DEM,Democratic Party,0,0,0
Wheeler,10,Straight Party,,LIB,Libertarian Party,0,0,0
Wheeler,10,U.S. Senate,,REP,Ted Cruz,60,41,19
Wheeler,10,U.S. Senate,,,Over Votes,0,0,0
Wheeler,10,U.S. Senate,,,Under Votes,0,0,0
Wheeler,10,U.S. Senate,,DEM,Beto O'Rourke,1,1,0
Wheeler,10,U.S. Senate,,LIB,Neal M. Dikeman,2,2,0
Wheeler,10,U.S. House,13,REP,Mac Thornberry,62,43,19
Wheeler,10,U.S. House,13,,Over Votes,0,0,0
Wheeler,10,U.S. House,13,,Under Votes,0,0,0
Wheeler,10,U.S. House,13,DEM,Greg Sagan,0,0,0
Wheeler,10,U.S. House,13,LIB,Calvin DeWeese,1,1,0
Wheeler,10,Governor,,REP,Greg Abbott,59,41,18
Wheeler,10,Governor,,,Over Votes,0,0,0
Wheeler,10,Governor,,,Under Votes,0,0,0
Wheeler,10,Governor,,DEM,Lupe Valdez,3,2,1
Wheeler,10,Governor,,LIB,Mark Jay Tippetts,1,1,0
Wheeler,10,Lieutenant Governor,,REP,Dan Patrick,45,30,15
Wheeler,10,Lieutenant Governor,,,Over Votes,0,0,0
Wheeler,10,Lieutenant Governor,,,Under Votes,3,3,0
Wheeler,10,Lieutenant Governor,,DEM,Mike Collier,13,10,3
Wheeler,10,Lieutenant Governor,,LIB,Kerry Douglas McKennon,2,1,1
Wheeler,10,Attorney General,,REP,Ken Paxton,58,40,18
Wheeler,10,Attorney General,,,Over Votes,0,0,0
Wheeler,10,Attorney General,,,Under Votes,2,2,0
Wheeler,10,Attorney General,,DEM,Justin Nelson,2,1,1
Wheeler,10,Attorney General,,LIB,Michael Ray Harris,1,1,0
Wheeler,10,Comptroller of Public Accounts,,REP,Glenn Hegar,59,40,19
Wheeler,10,Comptroller of Public Accounts,,,Over Votes,0,0,0
Wheeler,10,Comptroller of Public Accounts,,,Under Votes,3,3,0
Wheeler,10,Comptroller of Public Accounts,,DEM,Joi Chevalier,1,1,0
Wheeler,10,Comptroller of Public Accounts,,LIB,Ben Sanders,0,0,0
Wheeler,10,Commissioner of the General Land Office,,REP,George P. Bush,56,40,16
Wheeler,10,Commissioner of the General Land Office,,,Over Votes,0,0,0
Wheeler,10,Commissioner of the General Land Office,,,Under Votes,3,2,1
Wheeler,10,Commissioner of the General Land Office,,DEM,Miguel Suazo,2,1,1
Wheeler,10,Commissioner of the General Land Office,,LIB,Matt Piña,2,1,1
Wheeler,10,Commissioner of Agriculture,,REP,Sid Miller,58,40,18
Wheeler,10,Commissioner of Agriculture,,,Over Votes,0,0,0
Wheeler,10,Commissioner of Agriculture,,,Under Votes,3,3,0
Wheeler,10,Commissioner of Agriculture,,DEM,Kim Olson,2,1,1
Wheeler,10,Commissioner of Agriculture,,LIB,Richard Carpenter,0,0,0
Wheeler,10,Railroad Commissioner,,REP,Christi Craddick,54,36,18
Wheeler,10,Railroad Commissioner,,,Over Votes,0,0,0
Wheeler,10,Railroad Commissioner,,,Under Votes,4,4,0
Wheeler,10,Railroad Commissioner,,DEM,Roman McAllen,3,2,1
Wheeler,10,Railroad Commissioner,,LIB,Mike Wright,2,2,0
Wheeler,10,"Justice, Supreme Court, Place 2",,REP,Jimmy Blacklock,57,39,18
Wheeler,10,"Justice, Supreme Court, Place 2",,,Over Votes,0,0,0
Wheeler,10,"Justice, Supreme Court, Place 2",,,Under Votes,5,5,0
Wheeler,10,"Justice, Supreme Court, Place 2",,DEM,Steven Kirkland,1,0,1
Wheeler,10,"Justice, Supreme Court, Place 4",,REP,John Devine,57,39,18
Wheeler,10,"Justice, Supreme Court, Place 4",,,Over Votes,0,0,0
Wheeler,10,"Justice, Supreme Court, Place 4",,,Under Votes,5,5,0
Wheeler,10,"Justice, Supreme Court, Place 4",,DEM,R.K. Sandill,1,0,1
Wheeler,10,"Justice, Supreme Court, Place 6",,REP,Jeff Brown,56,39,17
Wheeler,10,"Justice, Supreme Court, Place 6",,,Over Votes,0,0,0
Wheeler,10,"Justice, Supreme Court, Place 6",,,Under Votes,6,5,1
Wheeler,10,"Justice, Supreme Court, Place 6",,DEM,Kathy Cheng,1,0,1
Wheeler,10,"Presiding Judge, Court of Criminal Appeals",,REP,Sharon Keller,58,40,18
Wheeler,10,"Presiding Judge, Court of Criminal Appeals",,,Over Votes,0,0,0
Wheeler,10,"Presiding Judge, Court of Criminal Appeals",,,Under Votes,5,4,1
Wheeler,10,"Presiding Judge, Court of Criminal Appeals",,DEM,Maria T. (Terri) Jackson,0,0,0
Wheeler,10,"Presiding Judge, Court of Criminal Appeals",,LIB,William Bryan Strange III,0,0,0
Wheeler,10,"Judge, Court of Criminal Appeals, Place 7",,REP,Barbara Parker Hervey,57,39,18
Wheeler,10,"Judge, Court of Criminal Appeals, Place 7",,,Over Votes,0,0,0
Wheeler,10,"Judge, Court of Criminal Appeals, Place 7",,,Under Votes,6,5,1
Wheeler,10,"Judge, Court of Criminal Appeals, Place 7",,DEM,Ramona Franklin,0,0,0
Wheeler,10,"Judge, Court of Criminal Appeals, Place 8",,REP,Michelle Slaughter,56,39,17
Wheeler,10,"Judge, Court of Criminal Appeals, Place 8",,,Over Votes,0,0,0
Wheeler,10,"Judge, Court of Criminal Appeals, Place 8",,,Under Votes,6,5,1
Wheeler,10,"Judge, Court of Criminal Appeals, Place 8",,LIB,Mark Ash,1,0,1
Wheeler,10,State Senator,No. 31,REP,Kel Seliger,56,37,19
Wheeler,10,State Senator,No. 31,,Over Votes,0,0,0
Wheeler,10,State Senator,No. 31,,Under Votes,3,3,0
Wheeler,10,State Senator,No. 31,LIB,Jack B. Westbrook,4,4,0
Wheeler,10,State Representative,No. 68,REP,Drew Springer,56,38,18
Wheeler,10,State Representative,No. 68,,Over Votes,0,0,0
Wheeler,10,State Representative,No. 68,,Under Votes,7,6,1
Wheeler,10,"Justice, 7th Court of Appeals District, Place No. 2",,REP,Judy Parker,57,39,18
Wheeler,10,"Justice, 7th Court of Appeals District, Place No. 2",,,Over Votes,0,0,0
Wheeler,10,"Justice, 7th Court of Appeals District, Place No. 2",,,Under Votes,6,5,1
Wheeler,10,"Justice, 7th Court of Appeals District, Place No. 3",,REP,Pat Pirtle,56,38,18
Wheeler,10,"Justice, 7th Court of Appeals District, Place No. 3",,,Over Votes,0,0,0
Wheeler,10,"Justice, 7th Court of Appeals District, Place No. 3",,,Under Votes,7,6,1
Wheeler,10,"District Judge, 31st Judicial District",,REP,Steven R. Emmert,59,42,17
Wheeler,10,"District Judge, 31st Judicial District",,,Over Votes,0,0,0
Wheeler,10,"District Judge, 31st Judicial District",,,Under Votes,3,2,1
Wheeler,10,County Judge,,REP,Jerry Dan Hefley,54,37,17
Wheeler,10,County Judge,,,Over Votes,0,0,0
Wheeler,10,County Judge,,,Under Votes,8,7,1
Wheeler,10,District Clerk,,REP,Sherri Jones,59,40,19
Wheeler,10,District Clerk,,,Over Votes,0,0,0
Wheeler,10,District Clerk,,,Under Votes,4,4,0
Wheeler,10,County Clerk,,REP,Margaret Dorman,59,40,19
Wheeler,10,County Clerk,,,Over Votes,0,0,0
Wheeler,10,County Clerk,,,Under Votes,4,4,0
Wheeler,10,County Treasurer,,REP,Renee Warren,57,38,19
Wheeler,10,County Treasurer,,,Over Votes,0,0,0
Wheeler,10,County Treasurer,,,Under Votes,6,6,0
Wheeler,10,"Justice of the Peace, Precinct No. 1",,REP,Mark Brown,57,38,19
Wheeler,10,"Justice of the Peace, Precinct No. 1",,,Over Votes,0,0,0
Wheeler,10,"Justice of the Peace, Precinct No. 1",,,Under Votes,6,6,0
