county,precinct,office,district,party,candidate,votes,early_voting,election_day
Archer,1,Registered Voters,,,,1348,,
Archer,1,Ballots Cast,,,,688,330,358
Archer,1,Straight Party,,,Over Votes,0,0,0
Archer,1,Straight Party,,,Under Votes,257,136,121
Archer,1,Straight Party,,REP,Republican (REP),392,180,212
Archer,1,Straight Party,,DEM,Democrat (DEM),36,14,22
Archer,1,Straight Party,,LIB,Libertarian (LIB),3,0,3
Archer,1,U.S. Senate,,,Over Votes,0,0,0
Archer,1,U.S. Senate,,,Under Votes,14,7,7
Archer,1,U.S. Senate,,REP,Ted Cruz,608,295,313
Archer,1,U.S. Senate,,DEM,Beto O'Rourke,61,26,35
Archer,1,U.S. Senate,,LIB,Neal M. Dikeman,5,2,3
Archer,1,U.S. House,13,,Over Votes,0,0,0
Archer,1,U.S. House,13,,Under Votes,14,11,3
Archer,1,U.S. House,13,REP,Mac Thornberry,617,295,322
Archer,1,U.S. House,13,DEM,Greg Sagan,49,20,29
Archer,1,U.S. House,13,LIB,Calvin DeWeese,8,4,4
Archer,1,Governor,,,Over Votes,0,0,0
Archer,1,Governor,,,Under Votes,10,9,1
Archer,1,Governor,,REP,Greg Abbott,615,291,324
Archer,1,Governor,,DEM,Lupe Valdez,61,29,32
Archer,1,Governor,,LIB,Mark Jay Tippetts,2,1,1
Archer,1,Lieutenant Governor,,,Over Votes,0,0,0
Archer,1,Lieutenant Governor,,,Under Votes,10,7,3
Archer,1,Lieutenant Governor,,REP,Dan Patrick,577,285,292
Archer,1,Lieutenant Governor,,DEM,Mike Collier,93,36,57
Archer,1,Lieutenant Governor,,LIB,Kerry Douglas McKennon,8,2,6
Archer,1,Attorney General,,,Over Votes,0,0,0
Archer,1,Attorney General,,,Under Votes,9,5,4
Archer,1,Attorney General,,REP,Ken Paxton,600,288,312
Archer,1,Attorney General,,DEM,Justin Nelson,68,30,38
Archer,1,Attorney General,,LIB,Michael Ray Harris,11,7,4
Archer,1,Comptroller of Public Accounts,,,Over Votes,0,0,0
Archer,1,Comptroller of Public Accounts,,,Under Votes,16,7,9
Archer,1,Comptroller of Public Accounts,,REP,Glenn Hegar,600,292,308
Archer,1,Comptroller of Public Accounts,,DEM,Joi Chevalier,58,26,32
Archer,1,Comptroller of Public Accounts,,LIB,Ben Sanders,14,5,9
Archer,1,Commissioner of the General Land Office,,,Over Votes,0,0,0
Archer,1,Commissioner of the General Land Office,,,Under Votes,14,9,5
Archer,1,Commissioner of the General Land Office,,REP,George P. Bush,591,281,310
Archer,1,Commissioner of the General Land Office,,DEM,Miguel Suazo,66,31,35
Archer,1,Commissioner of the General Land Office,,LIB,Matt Pina,17,9,8
Archer,1,Commissioner of Agriculture,,,Over Votes,0,0,0
Archer,1,Commissioner of Agriculture,,,Under Votes,18,10,8
Archer,1,Commissioner of Agriculture,,REP,Sid Miller,594,285,309
Archer,1,Commissioner of Agriculture,,DEM,Kim Olson,68,31,37
Archer,1,Commissioner of Agriculture,,LIB,Richard Carpenter,8,4,4
Archer,1,Railroad Commissioner,,,Over Votes,0,0,0
Archer,1,Railroad Commissioner,,,Under Votes,17,9,8
Archer,1,Railroad Commissioner,,REP,Christi Craddick,604,291,313
Archer,1,Railroad Commissioner,,DEM,Roman McAllen,56,24,32
Archer,1,Railroad Commissioner,,LIB,Mike Wright,11,6,5
Archer,1,"Justice, Supreme Court, Place 2",,,Over Votes,0,0,0
Archer,1,"Justice, Supreme Court, Place 2",,,Under Votes,14,9,5
Archer,1,"Justice, Supreme Court, Place 2",,REP,Jimmy Blacklock,610,293,317
Archer,1,"Justice, Supreme Court, Place 2",,DEM,Steven Kirkland,64,28,36
Archer,1,"Justice, Supreme Court Place 4",,,Over Votes,0,0,0
Archer,1,"Justice, Supreme Court Place 4",,,Under Votes,20,12,8
Archer,1,"Justice, Supreme Court Place 4",,REP,John Devine,610,291,319
Archer,1,"Justice, Supreme Court Place 4",,DEM,R. K. Sandill,58,27,31
Archer,1,"Justice, Supreme Court Place 6",,,Over Votes,0,0,0
Archer,1,"Justice, Supreme Court Place 6",,,Under Votes,21,13,8
Archer,1,"Justice, Supreme Court Place 6",,REP,Jeff Brown,609,293,316
Archer,1,"Justice, Supreme Court Place 6",,DEM,Kathy Cheng,58,24,34
Archer,1,"Presiding Judge, Court of Criminal Appeals",,,Over Votes,0,0,0
Archer,1,"Presiding Judge, Court of Criminal Appeals",,,Under Votes,22,11,11
Archer,1,"Presiding Judge, Court of Criminal Appeals",,REP,Sharon Keller,598,291,307
Archer,1,"Presiding Judge, Court of Criminal Appeals",,DEM,Maria T. (Terri) Jackson,61,25,36
Archer,1,"Presiding Judge, Court of Criminal Appeals",,LIB,William Bryan Strange III,7,3,4
Archer,1,"Judge, Court of Criminal Appeals, Place 7",,,Over Votes,0,0,0
Archer,1,"Judge, Court of Criminal Appeals, Place 7",,,Under Votes,24,12,12
Archer,1,"Judge, Court of Criminal Appeals, Place 7",,REP,Barbara Parker Hervey,607,292,315
Archer,1,"Judge, Court of Criminal Appeals, Place 7",,DEM,Ramona Franklin,57,26,31
Archer,1,"Judge, Court of Criminal Appeals, Place 8",,,Over Votes,0,0,0
Archer,1,"Judge, Court of Criminal Appeals, Place 8",,,Under Votes,56,26,30
Archer,1,"Judge, Court of Criminal Appeals, Place 8",,REP,Michelle Slaughter,607,293,314
Archer,1,"Judge, Court of Criminal Appeals, Place 8",,LIB,Mark Ash,25,11,14
Archer,1,State Senator,30,,Over Votes,0,0,0
Archer,1,State Senator,30,,Under Votes,14,9,5
Archer,1,State Senator,30,REP,Pat Fallon,611,294,317
Archer,1,State Senator,30,DEM,Kevin Lopez,63,27,36
Archer,1,State Representative,69,,Over Votes,0,0,0
Archer,1,State Representative,69,,Under Votes,68,35,33
Archer,1,State Representative,69,REP,James Frank,620,295,325
Archer,1,"Chief Justice, 2nd Court of Appeals District",,,Over Votes,0,0,0
Archer,1,"Chief Justice, 2nd Court of Appeals District",,,Under Votes,73,36,37
Archer,1,"Chief Justice, 2nd Court of Appeals District",,REP,Bonnie Sudderth,615,294,321
Archer,1,"Justice, 2nd Court of Appeals District, Place 4",,,Over Votes,0,0,0
Archer,1,"Justice, 2nd Court of Appeals District, Place 4",,,Under Votes,72,34,38
Archer,1,"Justice, 2nd Court of Appeals District, Place 4",,REP,Wade Birdwell,616,296,320
Archer,1,"Justice, 2nd Court of Appeals District, Place 5",,,Over Votes,0,0,0
Archer,1,"Justice, 2nd Court of Appeals District, Place 5",,,Under Votes,27,13,14
Archer,1,"Justice, 2nd Court of Appeals District, Place 5",,REP,Dabney Bassel,603,291,312
Archer,1,"Justice, 2nd Court of Appeals District, Place 5",,DEM,Delonia A. Watson,58,26,32
Archer,1,"Justice, 2nd Court of Appeals District, Place 6",,,Over Votes,0,0,0
Archer,1,"Justice, 2nd Court of Appeals District, Place 6",,,Under Votes,72,35,37
Archer,1,"Justice, 2nd Court of Appeals District, Place 6",,REP,Mark Pittman,616,295,321
Archer,1,County Judge,,,Over Votes,0,0,0
Archer,1,County Judge,,,Under Votes,71,36,35
Archer,1,County Judge,,REP,Randall C. (Randy) Jackson,617,294,323
Archer,1,District Clerk,,,Over Votes,0,0,0
Archer,1,District Clerk,,,Under Votes,64,29,35
Archer,1,District Clerk,,REP,Lori Stubbs Rutledge,624,301,323
Archer,1,County Clerk,,,Over Votes,0,0,0
Archer,1,County Clerk,,,Under Votes,64,28,36
Archer,1,County Clerk,,REP,Karren Winter,624,302,322
Archer,1,County Treasurer,,,Over Votes,0,0,0
Archer,1,County Treasurer,,,Under Votes,69,33,36
Archer,1,County Treasurer,,REP,Patricia (P.A.) Vieth,619,297,322
Archer,1,"County Commissioner, Precinct 4",,,Over Votes,0,0,0
Archer,1,"County Commissioner, Precinct 4",,,Under Votes,68,30,38
Archer,1,"County Commissioner, Precinct 4",,REP,Darryl Lightfoot,620,300,320
Archer,1,"Justice of the Peace, Precinct 2",,,Over Votes,0,0,0
Archer,1,"Justice of the Peace, Precinct 2",,,Under Votes,56,24,32
Archer,1,"Justice of the Peace, Precinct 2",,REP,Corky Scarbrough,632,306,326
Archer,2,Registered Voters,,,,910,,
Archer,2,Ballots Cast,,,,593,337,256
Archer,2,Straight Party,,,Over Votes,0,0,0
Archer,2,Straight Party,,,Under Votes,235,124,111
Archer,2,Straight Party,,REP,Republican (REP),334,194,140
Archer,2,Straight Party,,DEM,Democrat (DEM),24,19,5
Archer,2,Straight Party,,LIB,Libertarian (LIB),0,0,0
Archer,2,U.S. Senate,,,Over Votes,0,0,0
Archer,2,U.S. Senate,,,Under Votes,6,3,3
Archer,2,U.S. Senate,,REP,Ted Cruz,529,301,228
Archer,2,U.S. Senate,,DEM,Beto O'Rourke,56,33,23
Archer,2,U.S. Senate,,LIB,Neal M. Dikeman,2,0,2
Archer,2,U.S. House,13,,Over Votes,0,0,0
Archer,2,U.S. House,13,,Under Votes,6,3,3
Archer,2,U.S. House,13,REP,Mac Thornberry,528,297,231
Archer,2,U.S. House,13,DEM,Greg Sagan,48,31,17
Archer,2,U.S. House,13,LIB,Calvin DeWeese,11,6,5
Archer,2,Governor,,,Over Votes,0,0,0
Archer,2,Governor,,,Under Votes,4,2,2
Archer,2,Governor,,REP,Greg Abbott,537,302,235
Archer,2,Governor,,DEM,Lupe Valdez,47,32,15
Archer,2,Governor,,LIB,Mark Jay Tippetts,5,1,4
Archer,2,Lieutenant Governor,,,Over Votes,0,0,0
Archer,2,Lieutenant Governor,,,Under Votes,4,2,2
Archer,2,Lieutenant Governor,,REP,Dan Patrick,521,293,228
Archer,2,Lieutenant Governor,,DEM,Mike Collier,62,40,22
Archer,2,Lieutenant Governor,,LIB,Kerry Douglas McKennon,6,2,4
Archer,2,Attorney General,,,Over Votes,0,0,0
Archer,2,Attorney General,,,Under Votes,5,2,3
Archer,2,Attorney General,,REP,Ken Paxton,520,294,226
Archer,2,Attorney General,,DEM,Justin Nelson,57,36,21
Archer,2,Attorney General,,LIB,Michael Ray Harris,11,5,6
Archer,2,Comptroller of Public Accounts,,,Over Votes,0,0,0
Archer,2,Comptroller of Public Accounts,,,Under Votes,10,5,5
Archer,2,Comptroller of Public Accounts,,REP,Glenn Hegar,524,298,226
Archer,2,Comptroller of Public Accounts,,DEM,Joi Chevalier,51,32,19
Archer,2,Comptroller of Public Accounts,,LIB,Ben Sanders,8,2,6
Archer,2,Commissioner of the General Land Office,,,Over Votes,0,0,0
Archer,2,Commissioner of the General Land Office,,,Under Votes,13,6,7
Archer,2,Commissioner of the General Land Office,,REP,George P. Bush,511,285,226
Archer,2,Commissioner of the General Land Office,,DEM,Miguel Suazo,48,34,14
Archer,2,Commissioner of the General Land Office,,LIB,Matt Pina,21,12,9
Archer,2,Commissioner of Agriculture,,,Over Votes,0,0,0
Archer,2,Commissioner of Agriculture,,,Under Votes,10,5,5
Archer,2,Commissioner of Agriculture,,REP,Sid Miller,518,295,223
Archer,2,Commissioner of Agriculture,,DEM,Kim Olson,60,35,25
Archer,2,Commissioner of Agriculture,,LIB,Richard Carpenter,5,2,3
Archer,2,Railroad Commissioner,,,Over Votes,0,0,0
Archer,2,Railroad Commissioner,,,Under Votes,11,6,5
Archer,2,Railroad Commissioner,,REP,Christi Craddick,523,297,226
Archer,2,Railroad Commissioner,,DEM,Roman McAllen,52,31,21
Archer,2,Railroad Commissioner,,LIB,Mike Wright,7,3,4
Archer,2,"Justice, Supreme Court, Place 2",,,Over Votes,0,0,0
Archer,2,"Justice, Supreme Court, Place 2",,,Under Votes,9,4,5
Archer,2,"Justice, Supreme Court, Place 2",,REP,Jimmy Blacklock,527,298,229
Archer,2,"Justice, Supreme Court, Place 2",,DEM,Steven Kirkland,57,35,22
Archer,2,"Justice, Supreme Court Place 4",,,Over Votes,0,0,0
Archer,2,"Justice, Supreme Court Place 4",,,Under Votes,10,4,6
Archer,2,"Justice, Supreme Court Place 4",,REP,John Devine,525,299,226
Archer,2,"Justice, Supreme Court Place 4",,DEM,R. K. Sandill,58,34,24
Archer,2,"Justice, Supreme Court Place 6",,,Over Votes,0,0,0
Archer,2,"Justice, Supreme Court Place 6",,,Under Votes,9,4,5
Archer,2,"Justice, Supreme Court Place 6",,REP,Jeff Brown,527,301,226
Archer,2,"Justice, Supreme Court Place 6",,DEM,Kathy Cheng,57,32,25
Archer,2,"Presiding Judge, Court of Criminal Appeals",,,Over Votes,0,0,0
Archer,2,"Presiding Judge, Court of Criminal Appeals",,,Under Votes,13,5,8
Archer,2,"Presiding Judge, Court of Criminal Appeals",,REP,Sharon Keller,517,295,222
Archer,2,"Presiding Judge, Court of Criminal Appeals",,DEM,Maria T. (Terri) Jackson,57,35,22
Archer,2,"Presiding Judge, Court of Criminal Appeals",,LIB,William Bryan Strange III,6,2,4
Archer,2,"Judge, Court of Criminal Appeals, Place 7",,,Over Votes,0,0,0
Archer,2,"Judge, Court of Criminal Appeals, Place 7",,,Under Votes,13,6,7
Archer,2,"Judge, Court of Criminal Appeals, Place 7",,REP,Barbara Parker Hervey,521,295,226
Archer,2,"Judge, Court of Criminal Appeals, Place 7",,DEM,Ramona Franklin,59,36,23
Archer,2,"Judge, Court of Criminal Appeals, Place 8",,,Over Votes,0,0,0
Archer,2,"Judge, Court of Criminal Appeals, Place 8",,,Under Votes,38,24,14
Archer,2,"Judge, Court of Criminal Appeals, Place 8",,REP,Michelle Slaughter,529,300,229
Archer,2,"Judge, Court of Criminal Appeals, Place 8",,LIB,Mark Ash,26,13,13
Archer,2,State Senator,30,,Over Votes,0,0,0
Archer,2,State Senator,30,,Under Votes,9,5,4
Archer,2,State Senator,30,REP,Pat Fallon,524,297,227
Archer,2,State Senator,30,DEM,Kevin Lopez,60,35,25
Archer,2,State Representative,69,,Over Votes,0,0,0
Archer,2,State Representative,69,,Under Votes,46,31,15
Archer,2,State Representative,69,REP,James Frank,547,306,241
Archer,2,"Chief Justice, 2nd Court of Appeals District",,,Over Votes,0,0,0
Archer,2,"Chief Justice, 2nd Court of Appeals District",,,Under Votes,56,34,22
Archer,2,"Chief Justice, 2nd Court of Appeals District",,REP,Bonnie Sudderth,537,303,234
Archer,2,"Justice, 2nd Court of Appeals District, Place 4",,,Over Votes,0,0,0
Archer,2,"Justice, 2nd Court of Appeals District, Place 4",,,Under Votes,55,32,23
Archer,2,"Justice, 2nd Court of Appeals District, Place 4",,REP,Wade Birdwell,538,305,233
Archer,2,"Justice, 2nd Court of Appeals District, Place 5",,,Over Votes,0,0,0
Archer,2,"Justice, 2nd Court of Appeals District, Place 5",,,Under Votes,18,8,10
Archer,2,"Justice, 2nd Court of Appeals District, Place 5",,REP,Dabney Bassel,516,293,223
Archer,2,"Justice, 2nd Court of Appeals District, Place 5",,DEM,Delonia A. Watson,59,36,23
Archer,2,"Justice, 2nd Court of Appeals District, Place 6",,,Over Votes,0,0,0
Archer,2,"Justice, 2nd Court of Appeals District, Place 6",,,Under Votes,54,33,21
Archer,2,"Justice, 2nd Court of Appeals District, Place 6",,REP,Mark Pittman,539,304,235
Archer,2,County Judge,,,Over Votes,0,0,0
Archer,2,County Judge,,,Under Votes,50,32,18
Archer,2,County Judge,,REP,Randall C. (Randy) Jackson,543,305,238
Archer,2,District Clerk,,,Over Votes,0,0,0
Archer,2,District Clerk,,,Under Votes,48,29,19
Archer,2,District Clerk,,REP,Lori Stubbs Rutledge,545,308,237
Archer,2,County Clerk,,,Over Votes,0,0,0
Archer,2,County Clerk,,,Under Votes,48,31,17
Archer,2,County Clerk,,REP,Karren Winter,545,306,239
Archer,2,County Treasurer,,,Over Votes,0,0,0
Archer,2,County Treasurer,,,Under Votes,49,32,17
Archer,2,County Treasurer,,REP,Patricia (P.A.) Vieth,544,305,239
Archer,2,"Justice of the Peace, Precinct 2",,,Over Votes,0,0,0
Archer,2,"Justice of the Peace, Precinct 2",,,Under Votes,43,28,15
Archer,2,"Justice of the Peace, Precinct 2",,REP,Corky Scarbrough,550,309,241
Archer,3,Registered Voters,,,,386,,
Archer,3,Ballots Cast,,,,222,56,166
Archer,3,Straight Party,,,Over Votes,0,0,0
Archer,3,Straight Party,,,Under Votes,97,21,76
Archer,3,Straight Party,,REP,Republican (REP),116,35,81
Archer,3,Straight Party,,DEM,Democrat (DEM),9,0,9
Archer,3,Straight Party,,LIB,Libertarian (LIB),0,0,0
Archer,3,U.S. Senate,,,Over Votes,0,0,0
Archer,3,U.S. Senate,,,Under Votes,0,0,0
Archer,3,U.S. Senate,,REP,Ted Cruz,193,49,144
Archer,3,U.S. Senate,,DEM,Beto O'Rourke,27,6,21
Archer,3,U.S. Senate,,LIB,Neal M. Dikeman,2,1,1
Archer,3,U.S. House,13,,Over Votes,0,0,0
Archer,3,U.S. House,13,,Under Votes,1,0,1
Archer,3,U.S. House,13,REP,Mac Thornberry,195,49,146
Archer,3,U.S. House,13,DEM,Greg Sagan,25,6,19
Archer,3,U.S. House,13,LIB,Calvin DeWeese,1,1,0
Archer,3,Governor,,,Over Votes,0,0,0
Archer,3,Governor,,,Under Votes,2,0,2
Archer,3,Governor,,REP,Greg Abbott,192,50,142
Archer,3,Governor,,DEM,Lupe Valdez,26,6,20
Archer,3,Governor,,LIB,Mark Jay Tippetts,2,0,2
Archer,3,Lieutenant Governor,,,Over Votes,0,0,0
Archer,3,Lieutenant Governor,,,Under Votes,3,0,3
Archer,3,Lieutenant Governor,,REP,Dan Patrick,179,50,129
Archer,3,Lieutenant Governor,,DEM,Mike Collier,34,6,28
Archer,3,Lieutenant Governor,,LIB,Kerry Douglas McKennon,6,0,6
Archer,3,Attorney General,,,Over Votes,0,0,0
Archer,3,Attorney General,,,Under Votes,5,0,5
Archer,3,Attorney General,,REP,Ken Paxton,185,50,135
Archer,3,Attorney General,,DEM,Justin Nelson,29,6,23
Archer,3,Attorney General,,LIB,Michael Ray Harris,3,0,3
Archer,3,Comptroller of Public Accounts,,,Over Votes,0,0,0
Archer,3,Comptroller of Public Accounts,,,Under Votes,5,0,5
Archer,3,Comptroller of Public Accounts,,REP,Glenn Hegar,187,51,136
Archer,3,Comptroller of Public Accounts,,DEM,Joi Chevalier,26,5,21
Archer,3,Comptroller of Public Accounts,,LIB,Ben Sanders,4,0,4
Archer,3,Commissioner of the General Land Office,,,Over Votes,0,0,0
Archer,3,Commissioner of the General Land Office,,,Under Votes,4,1,3
Archer,3,Commissioner of the General Land Office,,REP,George P. Bush,184,47,137
Archer,3,Commissioner of the General Land Office,,DEM,Miguel Suazo,28,6,22
Archer,3,Commissioner of the General Land Office,,LIB,Matt Pina,6,2,4
Archer,3,Commissioner of Agriculture,,,Over Votes,0,0,0
Archer,3,Commissioner of Agriculture,,,Under Votes,4,1,3
Archer,3,Commissioner of Agriculture,,REP,Sid Miller,185,46,139
Archer,3,Commissioner of Agriculture,,DEM,Kim Olson,29,7,22
Archer,3,Commissioner of Agriculture,,LIB,Richard Carpenter,4,2,2
Archer,3,Railroad Commissioner,,,Over Votes,0,0,0
Archer,3,Railroad Commissioner,,,Under Votes,5,1,4
Archer,3,Railroad Commissioner,,REP,Christi Craddick,191,50,141
Archer,3,Railroad Commissioner,,DEM,Roman McAllen,24,5,19
Archer,3,Railroad Commissioner,,LIB,Mike Wright,2,0,2
Archer,3,"Justice, Supreme Court, Place 2",,,Over Votes,0,0,0
Archer,3,"Justice, Supreme Court, Place 2",,,Under Votes,7,3,4
Archer,3,"Justice, Supreme Court, Place 2",,REP,Jimmy Blacklock,186,47,139
Archer,3,"Justice, Supreme Court, Place 2",,DEM,Steven Kirkland,29,6,23
Archer,3,"Justice, Supreme Court Place 4",,,Over Votes,0,0,0
Archer,3,"Justice, Supreme Court Place 4",,,Under Votes,8,2,6
Archer,3,"Justice, Supreme Court Place 4",,REP,John Devine,188,48,140
Archer,3,"Justice, Supreme Court Place 4",,DEM,R. K. Sandill,26,6,20
Archer,3,"Justice, Supreme Court Place 6",,,Over Votes,0,0,0
Archer,3,"Justice, Supreme Court Place 6",,,Under Votes,8,2,6
Archer,3,"Justice, Supreme Court Place 6",,REP,Jeff Brown,185,48,137
Archer,3,"Justice, Supreme Court Place 6",,DEM,Kathy Cheng,29,6,23
Archer,3,"Presiding Judge, Court of Criminal Appeals",,,Over Votes,0,0,0
Archer,3,"Presiding Judge, Court of Criminal Appeals",,,Under Votes,7,2,5
Archer,3,"Presiding Judge, Court of Criminal Appeals",,REP,Sharon Keller,186,48,138
Archer,3,"Presiding Judge, Court of Criminal Appeals",,DEM,Maria T. (Terri) Jackson,27,6,21
Archer,3,"Presiding Judge, Court of Criminal Appeals",,LIB,William Bryan Strange III,2,0,2
Archer,3,"Judge, Court of Criminal Appeals, Place 7",,,Over Votes,0,0,0
Archer,3,"Judge, Court of Criminal Appeals, Place 7",,,Under Votes,8,2,6
Archer,3,"Judge, Court of Criminal Appeals, Place 7",,REP,Barbara Parker Hervey,188,48,140
Archer,3,"Judge, Court of Criminal Appeals, Place 7",,DEM,Ramona Franklin,26,6,20
Archer,3,"Judge, Court of Criminal Appeals, Place 8",,,Over Votes,0,0,0
Archer,3,"Judge, Court of Criminal Appeals, Place 8",,,Under Votes,20,3,17
Archer,3,"Judge, Court of Criminal Appeals, Place 8",,REP,Michelle Slaughter,195,52,143
Archer,3,"Judge, Court of Criminal Appeals, Place 8",,LIB,Mark Ash,7,1,6
Archer,3,State Senator,30,,Over Votes,0,0,0
Archer,3,State Senator,30,,Under Votes,6,2,4
Archer,3,State Senator,30,REP,Pat Fallon,185,47,138
Archer,3,State Senator,30,DEM,Kevin Lopez,31,7,24
Archer,3,State Representative,69,,Over Votes,0,0,0
Archer,3,State Representative,69,,Under Votes,23,5,18
Archer,3,State Representative,69,REP,James Frank,199,51,148
Archer,3,"Chief Justice, 2nd Court of Appeals District",,,Over Votes,0,0,0
Archer,3,"Chief Justice, 2nd Court of Appeals District",,,Under Votes,22,5,17
Archer,3,"Chief Justice, 2nd Court of Appeals District",,REP,Bonnie Sudderth,200,51,149
Archer,3,"Justice, 2nd Court of Appeals District, Place 4",,,Over Votes,0,0,0
Archer,3,"Justice, 2nd Court of Appeals District, Place 4",,,Under Votes,25,6,19
Archer,3,"Justice, 2nd Court of Appeals District, Place 4",,REP,Wade Birdwell,197,50,147
Archer,3,"Justice, 2nd Court of Appeals District, Place 5",,,Over Votes,0,0,0
Archer,3,"Justice, 2nd Court of Appeals District, Place 5",,,Under Votes,9,3,6
Archer,3,"Justice, 2nd Court of Appeals District, Place 5",,REP,Dabney Bassel,185,48,137
Archer,3,"Justice, 2nd Court of Appeals District, Place 5",,DEM,Delonia A. Watson,28,5,23
Archer,3,"Justice, 2nd Court of Appeals District, Place 6",,,Over Votes,0,0,0
Archer,3,"Justice, 2nd Court of Appeals District, Place 6",,,Under Votes,21,4,17
Archer,3,"Justice, 2nd Court of Appeals District, Place 6",,REP,Mark Pittman,201,52,149
Archer,3,County Judge,,,Over Votes,0,0,0
Archer,3,County Judge,,,Under Votes,19,4,15
Archer,3,County Judge,,REP,Randall C. (Randy) Jackson,203,52,151
Archer,3,District Clerk,,,Over Votes,0,0,0
Archer,3,District Clerk,,,Under Votes,19,4,15
Archer,3,District Clerk,,REP,Lori Stubbs Rutledge,203,52,151
Archer,3,County Clerk,,,Over Votes,0,0,0
Archer,3,County Clerk,,,Under Votes,15,2,13
Archer,3,County Clerk,,REP,Karren Winter,207,54,153
Archer,3,County Treasurer,,,Over Votes,0,0,0
Archer,3,County Treasurer,,,Under Votes,15,1,14
Archer,3,County Treasurer,,REP,Patricia (P.A.) Vieth,207,55,152
Archer,3,"County Commissioner, Precinct 2",,,Over Votes,0,0,0
Archer,3,"County Commissioner, Precinct 2",,,Under Votes,25,4,21
Archer,3,"County Commissioner, Precinct 2",,REP,Darin Wolf,197,52,145
Archer,3,"Justice of the Peace, Precinct 4",,,Over Votes,0,0,0
Archer,3,"Justice of the Peace, Precinct 4",,,Under Votes,19,3,16
Archer,3,"Justice of the Peace, Precinct 4",,REP,Wayne Lindemann,203,53,150
Archer,4,Registered Voters,,,,665,,
Archer,4,Ballots Cast,,,,399,99,300
Archer,4,Straight Party,,,Over Votes,0,0,0
Archer,4,Straight Party,,,Under Votes,165,43,122
Archer,4,Straight Party,,REP,Republican (REP),230,55,175
Archer,4,Straight Party,,DEM,Democrat (DEM),4,1,3
Archer,4,Straight Party,,LIB,Libertarian (LIB),0,0,0
Archer,4,U.S. Senate,,,Over Votes,0,0,0
Archer,4,U.S. Senate,,,Under Votes,3,1,2
Archer,4,U.S. Senate,,REP,Ted Cruz,379,94,285
Archer,4,U.S. Senate,,DEM,Beto O'Rourke,17,4,13
Archer,4,U.S. Senate,,LIB,Neal M. Dikeman,0,0,0
Archer,4,U.S. House,13,,Over Votes,0,0,0
Archer,4,U.S. House,13,,Under Votes,3,1,2
Archer,4,U.S. House,13,REP,Mac Thornberry,381,93,288
Archer,4,U.S. House,13,DEM,Greg Sagan,11,3,8
Archer,4,U.S. House,13,LIB,Calvin DeWeese,4,2,2
Archer,4,Governor,,,Over Votes,0,0,0
Archer,4,Governor,,,Under Votes,4,1,3
Archer,4,Governor,,REP,Greg Abbott,381,94,287
Archer,4,Governor,,DEM,Lupe Valdez,10,4,6
Archer,4,Governor,,LIB,Mark Jay Tippetts,4,0,4
Archer,4,Lieutenant Governor,,,Over Votes,0,0,0
Archer,4,Lieutenant Governor,,,Under Votes,4,2,2
Archer,4,Lieutenant Governor,,REP,Dan Patrick,350,89,261
Archer,4,Lieutenant Governor,,DEM,Mike Collier,40,8,32
Archer,4,Lieutenant Governor,,LIB,Kerry Douglas McKennon,5,0,5
Archer,4,Attorney General,,,Over Votes,0,0,0
Archer,4,Attorney General,,,Under Votes,11,10,1
Archer,4,Attorney General,,REP,Ken Paxton,364,83,281
Archer,4,Attorney General,,DEM,Justin Nelson,19,5,14
Archer,4,Attorney General,,LIB,Michael Ray Harris,5,1,4
Archer,4,Comptroller of Public Accounts,,,Over Votes,0,0,0
Archer,4,Comptroller of Public Accounts,,,Under Votes,13,8,5
Archer,4,Comptroller of Public Accounts,,REP,Glenn Hegar,370,86,284
Archer,4,Comptroller of Public Accounts,,DEM,Joi Chevalier,12,4,8
Archer,4,Comptroller of Public Accounts,,LIB,Ben Sanders,4,1,3
Archer,4,Commissioner of the General Land Office,,,Over Votes,0,0,0
Archer,4,Commissioner of the General Land Office,,,Under Votes,12,7,5
Archer,4,Commissioner of the General Land Office,,REP,George P. Bush,366,87,279
Archer,4,Commissioner of the General Land Office,,DEM,Miguel Suazo,12,4,8
Archer,4,Commissioner of the General Land Office,,LIB,Matt Pina,9,1,8
Archer,4,Commissioner of Agriculture,,,Over Votes,0,0,0
Archer,4,Commissioner of Agriculture,,,Under Votes,12,8,4
Archer,4,Commissioner of Agriculture,,REP,Sid Miller,368,87,281
Archer,4,Commissioner of Agriculture,,DEM,Kim Olson,15,4,11
Archer,4,Commissioner of Agriculture,,LIB,Richard Carpenter,4,0,4
Archer,4,Railroad Commissioner,,,Over Votes,0,0,0
Archer,4,Railroad Commissioner,,,Under Votes,11,7,4
Archer,4,Railroad Commissioner,,REP,Christi Craddick,371,89,282
Archer,4,Railroad Commissioner,,DEM,Roman McAllen,11,3,8
Archer,4,Railroad Commissioner,,LIB,Mike Wright,6,0,6
Archer,4,"Justice, Supreme Court, Place 2",,,Over Votes,0,0,0
Archer,4,"Justice, Supreme Court, Place 2",,,Under Votes,14,7,7
Archer,4,"Justice, Supreme Court, Place 2",,REP,Jimmy Blacklock,371,88,283
Archer,4,"Justice, Supreme Court, Place 2",,DEM,Steven Kirkland,14,4,10
Archer,4,"Justice, Supreme Court Place 4",,,Over Votes,0,0,0
Archer,4,"Justice, Supreme Court Place 4",,,Under Votes,18,9,9
Archer,4,"Justice, Supreme Court Place 4",,REP,John Devine,367,86,281
Archer,4,"Justice, Supreme Court Place 4",,DEM,R. K. Sandill,14,4,10
Archer,4,"Justice, Supreme Court Place 6",,,Over Votes,0,0,0
Archer,4,"Justice, Supreme Court Place 6",,,Under Votes,18,8,10
Archer,4,"Justice, Supreme Court Place 6",,REP,Jeff Brown,367,87,280
Archer,4,"Justice, Supreme Court Place 6",,DEM,Kathy Cheng,14,4,10
Archer,4,"Presiding Judge, Court of Criminal Appeals",,,Over Votes,0,0,0
Archer,4,"Presiding Judge, Court of Criminal Appeals",,,Under Votes,18,8,10
Archer,4,"Presiding Judge, Court of Criminal Appeals",,REP,Sharon Keller,368,87,281
Archer,4,"Presiding Judge, Court of Criminal Appeals",,DEM,Maria T. (Terri) Jackson,11,4,7
Archer,4,"Presiding Judge, Court of Criminal Appeals",,LIB,William Bryan Strange III,2,0,2
Archer,4,"Judge, Court of Criminal Appeals, Place 7",,,Over Votes,0,0,0
Archer,4,"Judge, Court of Criminal Appeals, Place 7",,,Under Votes,18,8,10
Archer,4,"Judge, Court of Criminal Appeals, Place 7",,REP,Barbara Parker Hervey,371,87,284
Archer,4,"Judge, Court of Criminal Appeals, Place 7",,DEM,Ramona Franklin,10,4,6
Archer,4,"Judge, Court of Criminal Appeals, Place 8",,,Over Votes,0,0,0
Archer,4,"Judge, Court of Criminal Appeals, Place 8",,,Under Votes,21,10,11
Archer,4,"Judge, Court of Criminal Appeals, Place 8",,REP,Michelle Slaughter,368,87,281
Archer,4,"Judge, Court of Criminal Appeals, Place 8",,LIB,Mark Ash,10,2,8
Archer,4,State Senator,30,,Over Votes,0,0,0
Archer,4,State Senator,30,,Under Votes,7,6,1
Archer,4,State Senator,30,REP,Pat Fallon,374,87,287
Archer,4,State Senator,30,DEM,Kevin Lopez,18,6,12
Archer,4,State Representative,69,,Over Votes,0,0,0
Archer,4,State Representative,69,,Under Votes,20,7,13
Archer,4,State Representative,69,REP,James Frank,379,92,287
Archer,4,"Chief Justice, 2nd Court of Appeals District",,,Over Votes,0,0,0
Archer,4,"Chief Justice, 2nd Court of Appeals District",,,Under Votes,32,11,21
Archer,4,"Chief Justice, 2nd Court of Appeals District",,REP,Bonnie Sudderth,367,88,279
Archer,4,"Justice, 2nd Court of Appeals District, Place 4",,,Over Votes,0,0,0
Archer,4,"Justice, 2nd Court of Appeals District, Place 4",,,Under Votes,33,12,21
Archer,4,"Justice, 2nd Court of Appeals District, Place 4",,REP,Wade Birdwell,366,87,279
Archer,4,"Justice, 2nd Court of Appeals District, Place 5",,,Over Votes,0,0,0
Archer,4,"Justice, 2nd Court of Appeals District, Place 5",,,Under Votes,22,8,14
Archer,4,"Justice, 2nd Court of Appeals District, Place 5",,REP,Dabney Bassel,367,87,280
Archer,4,"Justice, 2nd Court of Appeals District, Place 5",,DEM,Delonia A. Watson,10,4,6
Archer,4,"Justice, 2nd Court of Appeals District, Place 6",,,Over Votes,0,0,0
Archer,4,"Justice, 2nd Court of Appeals District, Place 6",,,Under Votes,28,11,17
Archer,4,"Justice, 2nd Court of Appeals District, Place 6",,REP,Mark Pittman,371,88,283
Archer,4,County Judge,,,Over Votes,0,0,0
Archer,4,County Judge,,,Under Votes,19,5,14
Archer,4,County Judge,,REP,Randall C. (Randy) Jackson,380,94,286
Archer,4,District Clerk,,,Over Votes,0,0,0
Archer,4,District Clerk,,,Under Votes,18,6,12
Archer,4,District Clerk,,REP,Lori Stubbs Rutledge,381,93,288
Archer,4,County Clerk,,,Over Votes,0,0,0
Archer,4,County Clerk,,,Under Votes,14,4,10
Archer,4,County Clerk,,REP,Karren Winter,385,95,290
Archer,4,County Treasurer,,,Over Votes,0,0,0
Archer,4,County Treasurer,,,Under Votes,14,5,9
Archer,4,County Treasurer,,REP,Patricia (P.A.) Vieth,385,94,291
Archer,4,"County Commissioner, Precinct 2",,,Over Votes,0,0,0
Archer,4,"County Commissioner, Precinct 2",,,Under Votes,15,3,12
Archer,4,"County Commissioner, Precinct 2",,REP,Darin Wolf,384,96,288
Archer,4,"Justice of the Peace, Precinct 4",,,Over Votes,0,0,0
Archer,4,"Justice of the Peace, Precinct 4",,,Under Votes,13,5,8
Archer,4,"Justice of the Peace, Precinct 4",,REP,Wayne Lindemann,386,94,292
Archer,5,Registered Voters,,,,160,,
Archer,5,Ballots Cast,,,,90,59,31
Archer,5,Straight Party,,,Over Votes,0,0,0
Archer,5,Straight Party,,,Under Votes,39,25,14
Archer,5,Straight Party,,REP,Republican (REP),47,32,15
Archer,5,Straight Party,,DEM,Democrat (DEM),4,2,2
Archer,5,Straight Party,,LIB,Libertarian (LIB),0,0,0
Archer,5,U.S. Senate,,,Over Votes,0,0,0
Archer,5,U.S. Senate,,,Under Votes,1,0,1
Archer,5,U.S. Senate,,REP,Ted Cruz,83,54,29
Archer,5,U.S. Senate,,DEM,Beto O'Rourke,5,4,1
Archer,5,U.S. Senate,,LIB,Neal M. Dikeman,1,1,0
Archer,5,U.S. House,13,,Over Votes,0,0,0
Archer,5,U.S. House,13,,Under Votes,0,0,0
Archer,5,U.S. House,13,REP,Mac Thornberry,86,57,29
Archer,5,U.S. House,13,DEM,Greg Sagan,4,2,2
Archer,5,U.S. House,13,LIB,Calvin DeWeese,0,0,0
Archer,5,Governor,,,Over Votes,0,0,0
Archer,5,Governor,,,Under Votes,0,0,0
Archer,5,Governor,,REP,Greg Abbott,83,54,29
Archer,5,Governor,,DEM,Lupe Valdez,6,4,2
Archer,5,Governor,,LIB,Mark Jay Tippetts,1,1,0
Archer,5,Lieutenant Governor,,,Over Votes,0,0,0
Archer,5,Lieutenant Governor,,,Under Votes,1,1,0
Archer,5,Lieutenant Governor,,REP,Dan Patrick,81,52,29
Archer,5,Lieutenant Governor,,DEM,Mike Collier,6,4,2
Archer,5,Lieutenant Governor,,LIB,Kerry Douglas McKennon,2,2,0
Archer,5,Attorney General,,,Over Votes,0,0,0
Archer,5,Attorney General,,,Under Votes,1,1,0
Archer,5,Attorney General,,REP,Ken Paxton,81,52,29
Archer,5,Attorney General,,DEM,Justin Nelson,7,5,2
Archer,5,Attorney General,,LIB,Michael Ray Harris,1,1,0
Archer,5,Comptroller of Public Accounts,,,Over Votes,0,0,0
Archer,5,Comptroller of Public Accounts,,,Under Votes,2,2,0
Archer,5,Comptroller of Public Accounts,,REP,Glenn Hegar,80,52,28
Archer,5,Comptroller of Public Accounts,,DEM,Joi Chevalier,5,3,2
Archer,5,Comptroller of Public Accounts,,LIB,Ben Sanders,3,2,1
Archer,5,Commissioner of the General Land Office,,,Over Votes,0,0,0
Archer,5,Commissioner of the General Land Office,,,Under Votes,0,0,0
Archer,5,Commissioner of the General Land Office,,REP,George P. Bush,79,53,26
Archer,5,Commissioner of the General Land Office,,DEM,Miguel Suazo,6,4,2
Archer,5,Commissioner of the General Land Office,,LIB,Matt Pina,5,2,3
Archer,5,Commissioner of Agriculture,,,Over Votes,0,0,0
Archer,5,Commissioner of Agriculture,,,Under Votes,0,0,0
Archer,5,Commissioner of Agriculture,,REP,Sid Miller,80,52,28
Archer,5,Commissioner of Agriculture,,DEM,Kim Olson,6,4,2
Archer,5,Commissioner of Agriculture,,LIB,Richard Carpenter,4,3,1
Archer,5,Railroad Commissioner,,,Over Votes,0,0,0
Archer,5,Railroad Commissioner,,,Under Votes,1,1,0
Archer,5,Railroad Commissioner,,REP,Christi Craddick,79,52,27
Archer,5,Railroad Commissioner,,DEM,Roman McAllen,6,4,2
Archer,5,Railroad Commissioner,,LIB,Mike Wright,4,2,2
Archer,5,"Justice, Supreme Court, Place 2",,,Over Votes,0,0,0
Archer,5,"Justice, Supreme Court, Place 2",,,Under Votes,1,1,0
Archer,5,"Justice, Supreme Court, Place 2",,REP,Jimmy Blacklock,83,54,29
Archer,5,"Justice, Supreme Court, Place 2",,DEM,Steven Kirkland,6,4,2
Archer,5,"Justice, Supreme Court Place 4",,,Over Votes,0,0,0
Archer,5,"Justice, Supreme Court Place 4",,,Under Votes,1,1,0
Archer,5,"Justice, Supreme Court Place 4",,REP,John Devine,83,54,29
Archer,5,"Justice, Supreme Court Place 4",,DEM,R. K. Sandill,6,4,2
Archer,5,"Justice, Supreme Court Place 6",,,Over Votes,0,0,0
Archer,5,"Justice, Supreme Court Place 6",,,Under Votes,1,1,0
Archer,5,"Justice, Supreme Court Place 6",,REP,Jeff Brown,83,54,29
Archer,5,"Justice, Supreme Court Place 6",,DEM,Kathy Cheng,6,4,2
Archer,5,"Presiding Judge, Court of Criminal Appeals",,,Over Votes,0,0,0
Archer,5,"Presiding Judge, Court of Criminal Appeals",,,Under Votes,2,2,0
Archer,5,"Presiding Judge, Court of Criminal Appeals",,REP,Sharon Keller,79,51,28
Archer,5,"Presiding Judge, Court of Criminal Appeals",,DEM,Maria T. (Terri) Jackson,6,4,2
Archer,5,"Presiding Judge, Court of Criminal Appeals",,LIB,William Bryan Strange III,3,2,1
Archer,5,"Judge, Court of Criminal Appeals, Place 7",,,Over Votes,0,0,0
Archer,5,"Judge, Court of Criminal Appeals, Place 7",,,Under Votes,1,1,0
Archer,5,"Judge, Court of Criminal Appeals, Place 7",,REP,Barbara Parker Hervey,81,52,29
Archer,5,"Judge, Court of Criminal Appeals, Place 7",,DEM,Ramona Franklin,8,6,2
Archer,5,"Judge, Court of Criminal Appeals, Place 8",,,Over Votes,0,0,0
Archer,5,"Judge, Court of Criminal Appeals, Place 8",,,Under Votes,5,3,2
Archer,5,"Judge, Court of Criminal Appeals, Place 8",,REP,Michelle Slaughter,83,54,29
Archer,5,"Judge, Court of Criminal Appeals, Place 8",,LIB,Mark Ash,2,2,0
Archer,5,State Senator,30,,Over Votes,0,0,0
Archer,5,State Senator,30,,Under Votes,0,0,0
Archer,5,State Senator,30,REP,Pat Fallon,82,53,29
Archer,5,State Senator,30,DEM,Kevin Lopez,8,6,2
Archer,5,State Representative,69,,Over Votes,0,0,0
Archer,5,State Representative,69,,Under Votes,7,5,2
Archer,5,State Representative,69,REP,James Frank,83,54,29
Archer,5,"Chief Justice, 2nd Court of Appeals District",,,Over Votes,0,0,0
Archer,5,"Chief Justice, 2nd Court of Appeals District",,,Under Votes,7,5,2
Archer,5,"Chief Justice, 2nd Court of Appeals District",,REP,Bonnie Sudderth,83,54,29
Archer,5,"Justice, 2nd Court of Appeals District, Place 4",,,Over Votes,0,0,0
Archer,5,"Justice, 2nd Court of Appeals District, Place 4",,,Under Votes,7,5,2
Archer,5,"Justice, 2nd Court of Appeals District, Place 4",,REP,Wade Birdwell,83,54,29
Archer,5,"Justice, 2nd Court of Appeals District, Place 5",,,Over Votes,0,0,0
Archer,5,"Justice, 2nd Court of Appeals District, Place 5",,,Under Votes,2,2,0
Archer,5,"Justice, 2nd Court of Appeals District, Place 5",,REP,Dabney Bassel,80,51,29
Archer,5,"Justice, 2nd Court of Appeals District, Place 5",,DEM,Delonia A. Watson,8,6,2
Archer,5,"Justice, 2nd Court of Appeals District, Place 6",,,Over Votes,0,0,0
Archer,5,"Justice, 2nd Court of Appeals District, Place 6",,,Under Votes,7,5,2
Archer,5,"Justice, 2nd Court of Appeals District, Place 6",,REP,Mark Pittman,83,54,29
Archer,5,County Judge,,,Over Votes,0,0,0
Archer,5,County Judge,,,Under Votes,4,2,2
Archer,5,County Judge,,REP,Randall C. (Randy) Jackson,86,57,29
Archer,5,District Clerk,,,Over Votes,0,0,0
Archer,5,District Clerk,,,Under Votes,5,2,3
Archer,5,District Clerk,,REP,Lori Stubbs Rutledge,85,57,28
Archer,5,County Clerk,,,Over Votes,0,0,0
Archer,5,County Clerk,,,Under Votes,4,2,2
Archer,5,County Clerk,,REP,Karren Winter,86,57,29
Archer,5,County Treasurer,,,Over Votes,0,0,0
Archer,5,County Treasurer,,,Under Votes,4,2,2
Archer,5,County Treasurer,,REP,Patricia (P.A.) Vieth,86,57,29
Archer,5,"County Commissioner, Precinct 2",,,Over Votes,0,0,0
Archer,5,"County Commissioner, Precinct 2",,,Under Votes,6,4,2
Archer,5,"County Commissioner, Precinct 2",,REP,Darin Wolf,84,55,29
Archer,5,"Justice of the Peace, Precinct 1",,,Over Votes,0,0,0
Archer,5,"Justice of the Peace, Precinct 1",,,Under Votes,4,2,2
Archer,5,"Justice of the Peace, Precinct 1",,REP,Joe Aulds,86,57,29
Archer,6,Registered Voters,,,,1187,,
Archer,6,Ballots Cast,,,,622,385,237
Archer,6,Straight Party,,,Over Votes,0,0,0
Archer,6,Straight Party,,,Under Votes,264,167,97
Archer,6,Straight Party,,REP,Republican (REP),320,195,125
Archer,6,Straight Party,,DEM,Democrat (DEM),36,22,14
Archer,6,Straight Party,,LIB,Libertarian (LIB),2,1,1
Archer,6,U.S. Senate,,,Over Votes,0,0,0
Archer,6,U.S. Senate,,,Under Votes,9,5,4
Archer,6,U.S. Senate,,REP,Ted Cruz,528,324,204
Archer,6,U.S. Senate,,DEM,Beto O'Rourke,80,54,26
Archer,6,U.S. Senate,,LIB,Neal M. Dikeman,5,2,3
Archer,6,U.S. House,13,,Over Votes,0,0,0
Archer,6,U.S. House,13,,Under Votes,9,8,1
Archer,6,U.S. House,13,REP,Mac Thornberry,538,332,206
Archer,6,U.S. House,13,DEM,Greg Sagan,67,43,24
Archer,6,U.S. House,13,LIB,Calvin DeWeese,8,2,6
Archer,6,Governor,,,Over Votes,0,0,0
Archer,6,Governor,,,Under Votes,7,5,2
Archer,6,Governor,,REP,Greg Abbott,541,332,209
Archer,6,Governor,,DEM,Lupe Valdez,70,47,23
Archer,6,Governor,,LIB,Mark Jay Tippetts,4,1,3
Archer,6,Lieutenant Governor,,,Over Votes,0,0,0
Archer,6,Lieutenant Governor,,,Under Votes,14,10,4
Archer,6,Lieutenant Governor,,REP,Dan Patrick,494,308,186
Archer,6,Lieutenant Governor,,DEM,Mike Collier,102,65,37
Archer,6,Lieutenant Governor,,LIB,Kerry Douglas McKennon,12,2,10
Archer,6,Attorney General,,,Over Votes,0,0,0
Archer,6,Attorney General,,,Under Votes,13,10,3
Archer,6,Attorney General,,REP,Ken Paxton,512,311,201
Archer,6,Attorney General,,DEM,Justin Nelson,88,60,28
Archer,6,Attorney General,,LIB,Michael Ray Harris,9,4,5
Archer,6,Comptroller of Public Accounts,,,Over Votes,0,0,0
Archer,6,Comptroller of Public Accounts,,,Under Votes,21,15,6
Archer,6,Comptroller of Public Accounts,,REP,Glenn Hegar,518,319,199
Archer,6,Comptroller of Public Accounts,,DEM,Joi Chevalier,66,45,21
Archer,6,Comptroller of Public Accounts,,LIB,Ben Sanders,17,6,11
Archer,6,Commissioner of the General Land Office,,,Over Votes,0,0,0
Archer,6,Commissioner of the General Land Office,,,Under Votes,14,11,3
Archer,6,Commissioner of the General Land Office,,REP,George P. Bush,520,316,204
Archer,6,Commissioner of the General Land Office,,DEM,Miguel Suazo,66,46,20
Archer,6,Commissioner of the General Land Office,,LIB,Matt Pina,22,12,10
Archer,6,Commissioner of Agriculture,,,Over Votes,0,0,0
Archer,6,Commissioner of Agriculture,,,Under Votes,17,11,6
Archer,6,Commissioner of Agriculture,,REP,Sid Miller,519,317,202
Archer,6,Commissioner of Agriculture,,DEM,Kim Olson,78,53,25
Archer,6,Commissioner of Agriculture,,LIB,Richard Carpenter,8,4,4
Archer,6,Railroad Commissioner,,,Over Votes,0,0,0
Archer,6,Railroad Commissioner,,,Under Votes,21,13,8
Archer,6,Railroad Commissioner,,REP,Christi Craddick,524,320,204
Archer,6,Railroad Commissioner,,DEM,Roman McAllen,64,45,19
Archer,6,Railroad Commissioner,,LIB,Mike Wright,13,7,6
Archer,6,"Justice, Supreme Court, Place 2",,,Over Votes,0,0,0
Archer,6,"Justice, Supreme Court, Place 2",,,Under Votes,23,15,8
Archer,6,"Justice, Supreme Court, Place 2",,REP,Jimmy Blacklock,527,322,205
Archer,6,"Justice, Supreme Court, Place 2",,DEM,Steven Kirkland,72,48,24
Archer,6,"Justice, Supreme Court Place 4",,,Over Votes,0,0,0
Archer,6,"Justice, Supreme Court Place 4",,,Under Votes,28,20,8
Archer,6,"Justice, Supreme Court Place 4",,REP,John Devine,524,318,206
Archer,6,"Justice, Supreme Court Place 4",,DEM,R. K. Sandill,70,47,23
Archer,6,"Justice, Supreme Court Place 6",,,Over Votes,0,0,0
Archer,6,"Justice, Supreme Court Place 6",,,Under Votes,29,20,9
Archer,6,"Justice, Supreme Court Place 6",,REP,Jeff Brown,523,318,205
Archer,6,"Justice, Supreme Court Place 6",,DEM,Kathy Cheng,70,47,23
Archer,6,"Presiding Judge, Court of Criminal Appeals",,,Over Votes,0,0,0
Archer,6,"Presiding Judge, Court of Criminal Appeals",,,Under Votes,26,19,7
Archer,6,"Presiding Judge, Court of Criminal Appeals",,REP,Sharon Keller,523,321,202
Archer,6,"Presiding Judge, Court of Criminal Appeals",,DEM,Maria T. (Terri) Jackson,63,42,21
Archer,6,"Presiding Judge, Court of Criminal Appeals",,LIB,William Bryan Strange III,10,3,7
Archer,6,"Judge, Court of Criminal Appeals, Place 7",,,Over Votes,0,0,0
Archer,6,"Judge, Court of Criminal Appeals, Place 7",,,Under Votes,29,19,10
Archer,6,"Judge, Court of Criminal Appeals, Place 7",,REP,Barbara Parker Hervey,521,317,204
Archer,6,"Judge, Court of Criminal Appeals, Place 7",,DEM,Ramona Franklin,72,49,23
Archer,6,"Judge, Court of Criminal Appeals, Place 8",,,Over Votes,0,0,0
Archer,6,"Judge, Court of Criminal Appeals, Place 8",,,Under Votes,59,39,20
Archer,6,"Judge, Court of Criminal Appeals, Place 8",,REP,Michelle Slaughter,533,327,206
Archer,6,"Judge, Court of Criminal Appeals, Place 8",,LIB,Mark Ash,30,19,11
Archer,6,State Senator,30,,Over Votes,0,0,0
Archer,6,State Senator,30,,Under Votes,15,9,6
Archer,6,State Senator,30,REP,Pat Fallon,521,320,201
Archer,6,State Senator,30,DEM,Kevin Lopez,86,56,30
Archer,6,State Representative,69,,Over Votes,0,0,0
Archer,6,State Representative,69,,Under Votes,81,53,28
Archer,6,State Representative,69,REP,James Frank,541,332,209
Archer,6,"Chief Justice, 2nd Court of Appeals District",,,Over Votes,0,0,0
Archer,6,"Chief Justice, 2nd Court of Appeals District",,,Under Votes,81,54,27
Archer,6,"Chief Justice, 2nd Court of Appeals District",,REP,Bonnie Sudderth,541,331,210
Archer,6,"Justice, 2nd Court of Appeals District, Place 4",,,Over Votes,0,0,0
Archer,6,"Justice, 2nd Court of Appeals District, Place 4",,,Under Votes,84,56,28
Archer,6,"Justice, 2nd Court of Appeals District, Place 4",,REP,Wade Birdwell,538,329,209
Archer,6,"Justice, 2nd Court of Appeals District, Place 5",,,Over Votes,0,0,0
Archer,6,"Justice, 2nd Court of Appeals District, Place 5",,,Under Votes,30,22,8
Archer,6,"Justice, 2nd Court of Appeals District, Place 5",,REP,Dabney Bassel,518,316,202
Archer,6,"Justice, 2nd Court of Appeals District, Place 5",,DEM,Delonia A. Watson,74,47,27
Archer,6,"Justice, 2nd Court of Appeals District, Place 6",,,Over Votes,0,0,0
Archer,6,"Justice, 2nd Court of Appeals District, Place 6",,,Under Votes,80,53,27
Archer,6,"Justice, 2nd Court of Appeals District, Place 6",,REP,Mark Pittman,542,332,210
Archer,6,County Judge,,,Over Votes,0,0,0
Archer,6,County Judge,,,Under Votes,78,52,26
Archer,6,County Judge,,REP,Randall C. (Randy) Jackson,544,333,211
Archer,6,District Clerk,,,Over Votes,0,0,0
Archer,6,District Clerk,,,Under Votes,52,32,20
Archer,6,District Clerk,,REP,Lori Stubbs Rutledge,570,353,217
Archer,6,County Clerk,,,Over Votes,0,0,0
Archer,6,County Clerk,,,Under Votes,51,31,20
Archer,6,County Clerk,,REP,Karren Winter,571,354,217
Archer,6,County Treasurer,,,Over Votes,0,0,0
Archer,6,County Treasurer,,,Under Votes,56,33,23
Archer,6,County Treasurer,,REP,Patricia (P.A.) Vieth,566,352,214
Archer,6,"Justice of the Peace, Precinct 1",,,Over Votes,0,0,0
Archer,6,"Justice of the Peace, Precinct 1",,,Under Votes,80,55,25
Archer,6,"Justice of the Peace, Precinct 1",,REP,Joe Aulds,542,330,212
Archer,7,Registered Voters,,,,227,,
Archer,7,Ballots Cast,,,,132,49,83
Archer,7,Straight Party,,,Over Votes,0,0,0
Archer,7,Straight Party,,,Under Votes,49,15,34
Archer,7,Straight Party,,REP,Republican (REP),76,31,45
Archer,7,Straight Party,,DEM,Democrat (DEM),6,3,3
Archer,7,Straight Party,,LIB,Libertarian (LIB),1,0,1
Archer,7,U.S. Senate,,,Over Votes,0,0,0
Archer,7,U.S. Senate,,,Under Votes,1,0,1
Archer,7,U.S. Senate,,REP,Ted Cruz,121,46,75
Archer,7,U.S. Senate,,DEM,Beto O'Rourke,9,3,6
Archer,7,U.S. Senate,,LIB,Neal M. Dikeman,1,0,1
Archer,7,U.S. House,13,,Over Votes,0,0,0
Archer,7,U.S. House,13,,Under Votes,0,0,0
Archer,7,U.S. House,13,REP,Mac Thornberry,122,46,76
Archer,7,U.S. House,13,DEM,Greg Sagan,9,3,6
Archer,7,U.S. House,13,LIB,Calvin DeWeese,1,0,1
Archer,7,Governor,,,Over Votes,0,0,0
Archer,7,Governor,,,Under Votes,0,0,0
Archer,7,Governor,,REP,Greg Abbott,122,46,76
Archer,7,Governor,,DEM,Lupe Valdez,9,3,6
Archer,7,Governor,,LIB,Mark Jay Tippetts,1,0,1
Archer,7,Lieutenant Governor,,,Over Votes,0,0,0
Archer,7,Lieutenant Governor,,,Under Votes,1,0,1
Archer,7,Lieutenant Governor,,REP,Dan Patrick,115,45,70
Archer,7,Lieutenant Governor,,DEM,Mike Collier,12,4,8
Archer,7,Lieutenant Governor,,LIB,Kerry Douglas McKennon,4,0,4
Archer,7,Attorney General,,,Over Votes,0,0,0
Archer,7,Attorney General,,,Under Votes,1,0,1
Archer,7,Attorney General,,REP,Ken Paxton,119,46,73
Archer,7,Attorney General,,DEM,Justin Nelson,10,3,7
Archer,7,Attorney General,,LIB,Michael Ray Harris,2,0,2
Archer,7,Comptroller of Public Accounts,,,Over Votes,0,0,0
Archer,7,Comptroller of Public Accounts,,,Under Votes,2,0,2
Archer,7,Comptroller of Public Accounts,,REP,Glenn Hegar,118,46,72
Archer,7,Comptroller of Public Accounts,,DEM,Joi Chevalier,10,3,7
Archer,7,Comptroller of Public Accounts,,LIB,Ben Sanders,2,0,2
Archer,7,Commissioner of the General Land Office,,,Over Votes,0,0,0
Archer,7,Commissioner of the General Land Office,,,Under Votes,2,0,2
Archer,7,Commissioner of the General Land Office,,REP,George P. Bush,116,45,71
Archer,7,Commissioner of the General Land Office,,DEM,Miguel Suazo,13,4,9
Archer,7,Commissioner of the General Land Office,,LIB,Matt Pina,1,0,1
Archer,7,Commissioner of Agriculture,,,Over Votes,0,0,0
Archer,7,Commissioner of Agriculture,,,Under Votes,2,0,2
Archer,7,Commissioner of Agriculture,,REP,Sid Miller,118,45,73
Archer,7,Commissioner of Agriculture,,DEM,Kim Olson,9,3,6
Archer,7,Commissioner of Agriculture,,LIB,Richard Carpenter,3,1,2
Archer,7,Railroad Commissioner,,,Over Votes,0,0,0
Archer,7,Railroad Commissioner,,,Under Votes,2,0,2
Archer,7,Railroad Commissioner,,REP,Christi Craddick,119,46,73
Archer,7,Railroad Commissioner,,DEM,Roman McAllen,8,3,5
Archer,7,Railroad Commissioner,,LIB,Mike Wright,3,0,3
Archer,7,"Justice, Supreme Court, Place 2",,,Over Votes,0,0,0
Archer,7,"Justice, Supreme Court, Place 2",,,Under Votes,2,0,2
Archer,7,"Justice, Supreme Court, Place 2",,REP,Jimmy Blacklock,118,45,73
Archer,7,"Justice, Supreme Court, Place 2",,DEM,Steven Kirkland,12,4,8
Archer,7,"Justice, Supreme Court Place 4",,,Over Votes,0,0,0
Archer,7,"Justice, Supreme Court Place 4",,,Under Votes,2,0,2
Archer,7,"Justice, Supreme Court Place 4",,REP,John Devine,119,46,73
Archer,7,"Justice, Supreme Court Place 4",,DEM,R. K. Sandill,11,3,8
Archer,7,"Justice, Supreme Court Place 6",,,Over Votes,0,0,0
Archer,7,"Justice, Supreme Court Place 6",,,Under Votes,2,0,2
Archer,7,"Justice, Supreme Court Place 6",,REP,Jeff Brown,120,46,74
Archer,7,"Justice, Supreme Court Place 6",,DEM,Kathy Cheng,10,3,7
Archer,7,"Presiding Judge, Court of Criminal Appeals",,,Over Votes,0,0,0
Archer,7,"Presiding Judge, Court of Criminal Appeals",,,Under Votes,3,1,2
Archer,7,"Presiding Judge, Court of Criminal Appeals",,REP,Sharon Keller,117,44,73
Archer,7,"Presiding Judge, Court of Criminal Appeals",,DEM,Maria T. (Terri) Jackson,9,4,5
Archer,7,"Presiding Judge, Court of Criminal Appeals",,LIB,William Bryan Strange III,3,0,3
Archer,7,"Judge, Court of Criminal Appeals, Place 7",,,Over Votes,0,0,0
Archer,7,"Judge, Court of Criminal Appeals, Place 7",,,Under Votes,4,1,3
Archer,7,"Judge, Court of Criminal Appeals, Place 7",,REP,Barbara Parker Hervey,119,45,74
Archer,7,"Judge, Court of Criminal Appeals, Place 7",,DEM,Ramona Franklin,9,3,6
Archer,7,"Judge, Court of Criminal Appeals, Place 8",,,Over Votes,0,0,0
Archer,7,"Judge, Court of Criminal Appeals, Place 8",,,Under Votes,9,3,6
Archer,7,"Judge, Court of Criminal Appeals, Place 8",,REP,Michelle Slaughter,119,45,74
Archer,7,"Judge, Court of Criminal Appeals, Place 8",,LIB,Mark Ash,4,1,3
Archer,7,State Senator,30,,Over Votes,0,0,0
Archer,7,State Senator,30,,Under Votes,1,0,1
Archer,7,State Senator,30,REP,Pat Fallon,122,46,76
Archer,7,State Senator,30,DEM,Kevin Lopez,9,3,6
Archer,7,State Representative,69,,Over Votes,0,0,0
Archer,7,State Representative,69,,Under Votes,11,3,8
Archer,7,State Representative,69,REP,James Frank,121,46,75
Archer,7,"Chief Justice, 2nd Court of Appeals District",,,Over Votes,0,0,0
Archer,7,"Chief Justice, 2nd Court of Appeals District",,,Under Votes,9,3,6
Archer,7,"Chief Justice, 2nd Court of Appeals District",,REP,Bonnie Sudderth,123,46,77
Archer,7,"Justice, 2nd Court of Appeals District, Place 4",,,Over Votes,0,0,0
Archer,7,"Justice, 2nd Court of Appeals District, Place 4",,,Under Votes,10,3,7
Archer,7,"Justice, 2nd Court of Appeals District, Place 4",,REP,Wade Birdwell,122,46,76
Archer,7,"Justice, 2nd Court of Appeals District, Place 5",,,Over Votes,0,0,0
Archer,7,"Justice, 2nd Court of Appeals District, Place 5",,,Under Votes,4,1,3
Archer,7,"Justice, 2nd Court of Appeals District, Place 5",,REP,Dabney Bassel,118,45,73
Archer,7,"Justice, 2nd Court of Appeals District, Place 5",,DEM,Delonia A. Watson,10,3,7
Archer,7,"Justice, 2nd Court of Appeals District, Place 6",,,Over Votes,0,0,0
Archer,7,"Justice, 2nd Court of Appeals District, Place 6",,,Under Votes,9,3,6
Archer,7,"Justice, 2nd Court of Appeals District, Place 6",,REP,Mark Pittman,123,46,77
Archer,7,County Judge,,,Over Votes,0,0,0
Archer,7,County Judge,,,Under Votes,9,3,6
Archer,7,County Judge,,REP,Randall C. (Randy) Jackson,123,46,77
Archer,7,District Clerk,,,Over Votes,0,0,0
Archer,7,District Clerk,,,Under Votes,8,2,6
Archer,7,District Clerk,,REP,Lori Stubbs Rutledge,124,47,77
Archer,7,County Clerk,,,Over Votes,0,0,0
Archer,7,County Clerk,,,Under Votes,7,2,5
Archer,7,County Clerk,,REP,Karren Winter,125,47,78
Archer,7,County Treasurer,,,Over Votes,0,0,0
Archer,7,County Treasurer,,,Under Votes,9,2,7
Archer,7,County Treasurer,,REP,Patricia (P.A.) Vieth,123,47,76
Archer,7,"Justice of the Peace, Precinct 3",,,Over Votes,0,0,0
Archer,7,"Justice of the Peace, Precinct 3",,,Under Votes,1,0,1
Archer,7,"Justice of the Peace, Precinct 3",,REP,Robby Shawver,102,40,62
Archer,7,"Justice of the Peace, Precinct 3",,DEM,Lawrence J. Smith,29,9,20
Archer,8,Registered Voters,,,,321,,
Archer,8,Ballots Cast,,,,214,129,85
Archer,8,Straight Party,,,Over Votes,0,0,0
Archer,8,Straight Party,,,Under Votes,75,40,35
Archer,8,Straight Party,,REP,Republican (REP),125,81,44
Archer,8,Straight Party,,DEM,Democrat (DEM),14,8,6
Archer,8,Straight Party,,LIB,Libertarian (LIB),0,0,0
Archer,8,U.S. Senate,,,Over Votes,0,0,0
Archer,8,U.S. Senate,,,Under Votes,4,2,2
Archer,8,U.S. Senate,,REP,Ted Cruz,180,111,69
Archer,8,U.S. Senate,,DEM,Beto O'Rourke,30,16,14
Archer,8,U.S. Senate,,LIB,Neal M. Dikeman,0,0,0
Archer,8,U.S. House,13,,Over Votes,0,0,0
Archer,8,U.S. House,13,,Under Votes,2,2,0
Archer,8,U.S. House,13,REP,Mac Thornberry,183,108,75
Archer,8,U.S. House,13,DEM,Greg Sagan,23,13,10
Archer,8,U.S. House,13,LIB,Calvin DeWeese,6,6,0
Archer,8,Governor,,,Over Votes,0,0,0
Archer,8,Governor,,,Under Votes,2,2,0
Archer,8,Governor,,REP,Greg Abbott,187,115,72
Archer,8,Governor,,DEM,Lupe Valdez,23,12,11
Archer,8,Governor,,LIB,Mark Jay Tippetts,2,0,2
Archer,8,Lieutenant Governor,,,Over Votes,0,0,0
Archer,8,Lieutenant Governor,,,Under Votes,2,1,1
Archer,8,Lieutenant Governor,,REP,Dan Patrick,174,108,66
Archer,8,Lieutenant Governor,,DEM,Mike Collier,33,17,16
Archer,8,Lieutenant Governor,,LIB,Kerry Douglas McKennon,5,3,2
Archer,8,Attorney General,,,Over Votes,0,0,0
Archer,8,Attorney General,,,Under Votes,2,1,1
Archer,8,Attorney General,,REP,Ken Paxton,179,112,67
Archer,8,Attorney General,,DEM,Justin Nelson,29,16,13
Archer,8,Attorney General,,LIB,Michael Ray Harris,4,0,4
Archer,8,Comptroller of Public Accounts,,,Over Votes,0,0,0
Archer,8,Comptroller of Public Accounts,,,Under Votes,3,2,1
Archer,8,Comptroller of Public Accounts,,REP,Glenn Hegar,179,112,67
Archer,8,Comptroller of Public Accounts,,DEM,Joi Chevalier,26,15,11
Archer,8,Comptroller of Public Accounts,,LIB,Ben Sanders,6,0,6
Archer,8,Commissioner of the General Land Office,,,Over Votes,0,0,0
Archer,8,Commissioner of the General Land Office,,,Under Votes,3,2,1
Archer,8,Commissioner of the General Land Office,,REP,George P. Bush,174,107,67
Archer,8,Commissioner of the General Land Office,,DEM,Miguel Suazo,26,15,11
Archer,8,Commissioner of the General Land Office,,LIB,Matt Pina,11,5,6
Archer,8,Commissioner of Agriculture,,,Over Votes,0,0,0
Archer,8,Commissioner of Agriculture,,,Under Votes,1,1,0
Archer,8,Commissioner of Agriculture,,REP,Sid Miller,180,111,69
Archer,8,Commissioner of Agriculture,,DEM,Kim Olson,30,17,13
Archer,8,Commissioner of Agriculture,,LIB,Richard Carpenter,3,0,3
Archer,8,Railroad Commissioner,,,Over Votes,0,0,0
Archer,8,Railroad Commissioner,,,Under Votes,2,1,1
Archer,8,Railroad Commissioner,,REP,Christi Craddick,182,114,68
Archer,8,Railroad Commissioner,,DEM,Roman McAllen,26,14,12
Archer,8,Railroad Commissioner,,LIB,Mike Wright,4,0,4
Archer,8,"Justice, Supreme Court, Place 2",,,Over Votes,0,0,0
Archer,8,"Justice, Supreme Court, Place 2",,,Under Votes,2,2,0
Archer,8,"Justice, Supreme Court, Place 2",,REP,Jimmy Blacklock,181,110,71
Archer,8,"Justice, Supreme Court, Place 2",,DEM,Steven Kirkland,31,17,14
Archer,8,"Justice, Supreme Court Place 4",,,Over Votes,0,0,0
Archer,8,"Justice, Supreme Court Place 4",,,Under Votes,5,3,2
Archer,8,"Justice, Supreme Court Place 4",,REP,John Devine,179,110,69
Archer,8,"Justice, Supreme Court Place 4",,DEM,R. K. Sandill,30,16,14
Archer,8,"Justice, Supreme Court Place 6",,,Over Votes,0,0,0
Archer,8,"Justice, Supreme Court Place 6",,,Under Votes,4,3,1
Archer,8,"Justice, Supreme Court Place 6",,REP,Jeff Brown,179,109,70
Archer,8,"Justice, Supreme Court Place 6",,DEM,Kathy Cheng,31,17,14
Archer,8,"Presiding Judge, Court of Criminal Appeals",,,Over Votes,0,0,0
Archer,8,"Presiding Judge, Court of Criminal Appeals",,,Under Votes,4,3,1
Archer,8,"Presiding Judge, Court of Criminal Appeals",,REP,Sharon Keller,179,111,68
Archer,8,"Presiding Judge, Court of Criminal Appeals",,DEM,Maria T. (Terri) Jackson,27,15,12
Archer,8,"Presiding Judge, Court of Criminal Appeals",,LIB,William Bryan Strange III,4,0,4
Archer,8,"Judge, Court of Criminal Appeals, Place 7",,,Over Votes,0,0,0
Archer,8,"Judge, Court of Criminal Appeals, Place 7",,,Under Votes,6,4,2
Archer,8,"Judge, Court of Criminal Appeals, Place 7",,REP,Barbara Parker Hervey,179,109,70
Archer,8,"Judge, Court of Criminal Appeals, Place 7",,DEM,Ramona Franklin,29,16,13
Archer,8,"Judge, Court of Criminal Appeals, Place 8",,,Over Votes,0,0,0
Archer,8,"Judge, Court of Criminal Appeals, Place 8",,,Under Votes,21,13,8
Archer,8,"Judge, Court of Criminal Appeals, Place 8",,REP,Michelle Slaughter,184,112,72
Archer,8,"Judge, Court of Criminal Appeals, Place 8",,LIB,Mark Ash,9,4,5
Archer,8,State Senator,30,,Over Votes,0,0,0
Archer,8,State Senator,30,,Under Votes,1,1,0
Archer,8,State Senator,30,REP,Pat Fallon,183,110,73
Archer,8,State Senator,30,DEM,Kevin Lopez,30,18,12
Archer,8,State Representative,69,,Over Votes,0,0,0
Archer,8,State Representative,69,,Under Votes,25,15,10
Archer,8,State Representative,69,REP,James Frank,189,114,75
Archer,8,"Chief Justice, 2nd Court of Appeals District",,,Over Votes,0,0,0
Archer,8,"Chief Justice, 2nd Court of Appeals District",,,Under Votes,30,18,12
Archer,8,"Chief Justice, 2nd Court of Appeals District",,REP,Bonnie Sudderth,184,111,73
Archer,8,"Justice, 2nd Court of Appeals District, Place 4",,,Over Votes,0,0,0
Archer,8,"Justice, 2nd Court of Appeals District, Place 4",,,Under Votes,30,18,12
Archer,8,"Justice, 2nd Court of Appeals District, Place 4",,REP,Wade Birdwell,184,111,73
Archer,8,"Justice, 2nd Court of Appeals District, Place 5",,,Over Votes,0,0,0
Archer,8,"Justice, 2nd Court of Appeals District, Place 5",,,Under Votes,7,5,2
Archer,8,"Justice, 2nd Court of Appeals District, Place 5",,REP,Dabney Bassel,177,107,70
Archer,8,"Justice, 2nd Court of Appeals District, Place 5",,DEM,Delonia A. Watson,30,17,13
Archer,8,"Justice, 2nd Court of Appeals District, Place 6",,,Over Votes,0,0,0
Archer,8,"Justice, 2nd Court of Appeals District, Place 6",,,Under Votes,28,17,11
Archer,8,"Justice, 2nd Court of Appeals District, Place 6",,REP,Mark Pittman,186,112,74
Archer,8,County Judge,,,Over Votes,0,0,0
Archer,8,County Judge,,,Under Votes,27,15,12
Archer,8,County Judge,,REP,Randall C. (Randy) Jackson,187,114,73
Archer,8,District Clerk,,,Over Votes,0,0,0
Archer,8,District Clerk,,,Under Votes,25,14,11
Archer,8,District Clerk,,REP,Lori Stubbs Rutledge,189,115,74
Archer,8,County Clerk,,,Over Votes,0,0,0
Archer,8,County Clerk,,,Under Votes,25,15,10
Archer,8,County Clerk,,REP,Karren Winter,189,114,75
Archer,8,County Treasurer,,,Over Votes,0,0,0
Archer,8,County Treasurer,,,Under Votes,24,14,10
Archer,8,County Treasurer,,REP,Patricia (P.A.) Vieth,190,115,75
Archer,8,"County Commissioner, Precinct 2",,,Over Votes,0,0,0
Archer,8,"County Commissioner, Precinct 2",,,Under Votes,30,19,11
Archer,8,"County Commissioner, Precinct 2",,REP,Darin Wolf,184,110,74
Archer,8,"Justice of the Peace, Precinct 1",,,Over Votes,0,0,0
Archer,8,"Justice of the Peace, Precinct 1",,,Under Votes,26,16,10
Archer,8,"Justice of the Peace, Precinct 1",,REP,Joe Aulds,188,113,75
Archer,9,Registered Voters,,,,167,,
Archer,9,Ballots Cast,,,,105,47,58
Archer,9,Straight Party,,,Over Votes,0,0,0
Archer,9,Straight Party,,,Under Votes,31,16,15
Archer,9,Straight Party,,REP,Republican (REP),66,29,37
Archer,9,Straight Party,,DEM,Democrat (DEM),8,2,6
Archer,9,Straight Party,,LIB,Libertarian (LIB),0,0,0
Archer,9,U.S. Senate,,,Over Votes,0,0,0
Archer,9,U.S. Senate,,,Under Votes,1,0,1
Archer,9,U.S. Senate,,REP,Ted Cruz,95,45,50
Archer,9,U.S. Senate,,DEM,Beto O'Rourke,9,2,7
Archer,9,U.S. Senate,,LIB,Neal M. Dikeman,0,0,0
Archer,9,U.S. House,13,,Over Votes,0,0,0
Archer,9,U.S. House,13,,Under Votes,1,0,1
Archer,9,U.S. House,13,REP,Mac Thornberry,94,45,49
Archer,9,U.S. House,13,DEM,Greg Sagan,10,2,8
Archer,9,U.S. House,13,LIB,Calvin DeWeese,0,0,0
Archer,9,Governor,,,Over Votes,0,0,0
Archer,9,Governor,,,Under Votes,1,0,1
Archer,9,Governor,,REP,Greg Abbott,95,45,50
Archer,9,Governor,,DEM,Lupe Valdez,8,2,6
Archer,9,Governor,,LIB,Mark Jay Tippetts,1,0,1
Archer,9,Lieutenant Governor,,,Over Votes,0,0,0
Archer,9,Lieutenant Governor,,,Under Votes,1,1,0
Archer,9,Lieutenant Governor,,REP,Dan Patrick,90,40,50
Archer,9,Lieutenant Governor,,DEM,Mike Collier,13,6,7
Archer,9,Lieutenant Governor,,LIB,Kerry Douglas McKennon,1,0,1
Archer,9,Attorney General,,,Over Votes,0,0,0
Archer,9,Attorney General,,,Under Votes,1,0,1
Archer,9,Attorney General,,REP,Ken Paxton,94,44,50
Archer,9,Attorney General,,DEM,Justin Nelson,10,3,7
Archer,9,Attorney General,,LIB,Michael Ray Harris,0,0,0
Archer,9,Comptroller of Public Accounts,,,Over Votes,0,0,0
Archer,9,Comptroller of Public Accounts,,,Under Votes,1,0,1
Archer,9,Comptroller of Public Accounts,,REP,Glenn Hegar,92,45,47
Archer,9,Comptroller of Public Accounts,,DEM,Joi Chevalier,10,2,8
Archer,9,Comptroller of Public Accounts,,LIB,Ben Sanders,2,0,2
Archer,9,Commissioner of the General Land Office,,,Over Votes,0,0,0
Archer,9,Commissioner of the General Land Office,,,Under Votes,3,0,3
Archer,9,Commissioner of the General Land Office,,REP,George P. Bush,89,43,46
Archer,9,Commissioner of the General Land Office,,DEM,Miguel Suazo,10,2,8
Archer,9,Commissioner of the General Land Office,,LIB,Matt Pina,3,2,1
Archer,9,Commissioner of Agriculture,,,Over Votes,0,0,0
Archer,9,Commissioner of Agriculture,,,Under Votes,1,0,1
Archer,9,Commissioner of Agriculture,,REP,Sid Miller,93,45,48
Archer,9,Commissioner of Agriculture,,DEM,Kim Olson,10,2,8
Archer,9,Commissioner of Agriculture,,LIB,Richard Carpenter,1,0,1
Archer,9,Railroad Commissioner,,,Over Votes,0,0,0
Archer,9,Railroad Commissioner,,,Under Votes,0,0,0
Archer,9,Railroad Commissioner,,REP,Christi Craddick,95,44,51
Archer,9,Railroad Commissioner,,DEM,Roman McAllen,9,3,6
Archer,9,Railroad Commissioner,,LIB,Mike Wright,1,0,1
Archer,9,"Justice, Supreme Court, Place 2",,,Over Votes,0,0,0
Archer,9,"Justice, Supreme Court, Place 2",,,Under Votes,0,0,0
Archer,9,"Justice, Supreme Court, Place 2",,REP,Jimmy Blacklock,95,45,50
Archer,9,"Justice, Supreme Court, Place 2",,DEM,Steven Kirkland,10,2,8
Archer,9,"Justice, Supreme Court Place 4",,,Over Votes,0,0,0
Archer,9,"Justice, Supreme Court Place 4",,,Under Votes,1,0,1
Archer,9,"Justice, Supreme Court Place 4",,REP,John Devine,94,45,49
Archer,9,"Justice, Supreme Court Place 4",,DEM,R. K. Sandill,10,2,8
Archer,9,"Justice, Supreme Court Place 6",,,Over Votes,0,0,0
Archer,9,"Justice, Supreme Court Place 6",,,Under Votes,1,0,1
Archer,9,"Justice, Supreme Court Place 6",,REP,Jeff Brown,94,45,49
Archer,9,"Justice, Supreme Court Place 6",,DEM,Kathy Cheng,10,2,8
Archer,9,"Presiding Judge, Court of Criminal Appeals",,,Over Votes,0,0,0
Archer,9,"Presiding Judge, Court of Criminal Appeals",,,Under Votes,0,0,0
Archer,9,"Presiding Judge, Court of Criminal Appeals",,REP,Sharon Keller,95,44,51
Archer,9,"Presiding Judge, Court of Criminal Appeals",,DEM,Maria T. (Terri) Jackson,10,3,7
Archer,9,"Presiding Judge, Court of Criminal Appeals",,LIB,William Bryan Strange III,0,0,0
Archer,9,"Judge, Court of Criminal Appeals, Place 7",,,Over Votes,0,0,0
Archer,9,"Judge, Court of Criminal Appeals, Place 7",,,Under Votes,1,0,1
Archer,9,"Judge, Court of Criminal Appeals, Place 7",,REP,Barbara Parker Hervey,95,45,50
Archer,9,"Judge, Court of Criminal Appeals, Place 7",,DEM,Ramona Franklin,9,2,7
Archer,9,"Judge, Court of Criminal Appeals, Place 8",,,Over Votes,0,0,0
Archer,9,"Judge, Court of Criminal Appeals, Place 8",,,Under Votes,7,1,6
Archer,9,"Judge, Court of Criminal Appeals, Place 8",,REP,Michelle Slaughter,94,45,49
Archer,9,"Judge, Court of Criminal Appeals, Place 8",,LIB,Mark Ash,4,1,3
Archer,9,State Senator,30,,Over Votes,0,0,0
Archer,9,State Senator,30,,Under Votes,1,0,1
Archer,9,State Senator,30,REP,Pat Fallon,95,44,51
Archer,9,State Senator,30,DEM,Kevin Lopez,9,3,6
Archer,9,State Representative,69,,Over Votes,0,0,0
Archer,9,State Representative,69,,Under Votes,7,1,6
Archer,9,State Representative,69,REP,James Frank,98,46,52
Archer,9,"Chief Justice, 2nd Court of Appeals District",,,Over Votes,0,0,0
Archer,9,"Chief Justice, 2nd Court of Appeals District",,,Under Votes,9,1,8
Archer,9,"Chief Justice, 2nd Court of Appeals District",,REP,Bonnie Sudderth,96,46,50
Archer,9,"Justice, 2nd Court of Appeals District, Place 4",,,Over Votes,0,0,0
Archer,9,"Justice, 2nd Court of Appeals District, Place 4",,,Under Votes,9,1,8
Archer,9,"Justice, 2nd Court of Appeals District, Place 4",,REP,Wade Birdwell,96,46,50
Archer,9,"Justice, 2nd Court of Appeals District, Place 5",,,Over Votes,0,0,0
Archer,9,"Justice, 2nd Court of Appeals District, Place 5",,,Under Votes,0,0,0
Archer,9,"Justice, 2nd Court of Appeals District, Place 5",,REP,Dabney Bassel,95,45,50
Archer,9,"Justice, 2nd Court of Appeals District, Place 5",,DEM,Delonia A. Watson,10,2,8
Archer,9,"Justice, 2nd Court of Appeals District, Place 6",,,Over Votes,0,0,0
Archer,9,"Justice, 2nd Court of Appeals District, Place 6",,,Under Votes,9,1,8
Archer,9,"Justice, 2nd Court of Appeals District, Place 6",,REP,Mark Pittman,96,46,50
Archer,9,County Judge,,,Over Votes,0,0,0
Archer,9,County Judge,,,Under Votes,10,1,9
Archer,9,County Judge,,REP,Randall C. (Randy) Jackson,95,46,49
Archer,9,District Clerk,,,Over Votes,0,0,0
Archer,9,District Clerk,,,Under Votes,11,2,9
Archer,9,District Clerk,,REP,Lori Stubbs Rutledge,94,45,49
Archer,9,County Clerk,,,Over Votes,0,0,0
Archer,9,County Clerk,,,Under Votes,9,1,8
Archer,9,County Clerk,,REP,Karren Winter,96,46,50
Archer,9,County Treasurer,,,Over Votes,0,0,0
Archer,9,County Treasurer,,,Under Votes,9,1,8
Archer,9,County Treasurer,,REP,Patricia (P.A.) Vieth,96,46,50
Archer,9,"County Commissioner, Precinct 4",,,Over Votes,0,0,0
Archer,9,"County Commissioner, Precinct 4",,,Under Votes,9,1,8
Archer,9,"County Commissioner, Precinct 4",,REP,Darryl Lightfoot,96,46,50
Archer,9,"Justice of the Peace, Precinct 1",,,Over Votes,0,0,0
Archer,9,"Justice of the Peace, Precinct 1",,,Under Votes,8,1,7
Archer,9,"Justice of the Peace, Precinct 1",,REP,Joe Aulds,97,46,51
Archer,10,Registered Voters,,,,790,,
Archer,10,Ballots Cast,,,,506,342,164
Archer,10,Straight Party,,,Over Votes,0,0,0
Archer,10,Straight Party,,,Under Votes,203,125,78
Archer,10,Straight Party,,REP,Republican (REP),279,197,82
Archer,10,Straight Party,,DEM,Democrat (DEM),24,20,4
Archer,10,Straight Party,,LIB,Libertarian (LIB),0,0,0
Archer,10,U.S. Senate,,,Over Votes,0,0,0
Archer,10,U.S. Senate,,,Under Votes,3,1,2
Archer,10,U.S. Senate,,REP,Ted Cruz,429,284,145
Archer,10,U.S. Senate,,DEM,Beto O'Rourke,72,56,16
Archer,10,U.S. Senate,,LIB,Neal M. Dikeman,2,1,1
Archer,10,U.S. House,13,,Over Votes,0,0,0
Archer,10,U.S. House,13,,Under Votes,4,2,2
Archer,10,U.S. House,13,REP,Mac Thornberry,441,292,149
Archer,10,U.S. House,13,DEM,Greg Sagan,58,47,11
Archer,10,U.S. House,13,LIB,Calvin DeWeese,3,1,2
Archer,10,Governor,,,Over Votes,0,0,0
Archer,10,Governor,,,Under Votes,3,1,2
Archer,10,Governor,,REP,Greg Abbott,443,293,150
Archer,10,Governor,,DEM,Lupe Valdez,55,46,9
Archer,10,Governor,,LIB,Mark Jay Tippetts,5,2,3
Archer,10,Lieutenant Governor,,,Over Votes,0,0,0
Archer,10,Lieutenant Governor,,,Under Votes,6,2,4
Archer,10,Lieutenant Governor,,REP,Dan Patrick,416,277,139
Archer,10,Lieutenant Governor,,DEM,Mike Collier,79,61,18
Archer,10,Lieutenant Governor,,LIB,Kerry Douglas McKennon,5,2,3
Archer,10,Attorney General,,,Over Votes,0,0,0
Archer,10,Attorney General,,,Under Votes,9,4,5
Archer,10,Attorney General,,REP,Ken Paxton,427,284,143
Archer,10,Attorney General,,DEM,Justin Nelson,67,54,13
Archer,10,Attorney General,,LIB,Michael Ray Harris,3,0,3
Archer,10,Comptroller of Public Accounts,,,Over Votes,0,0,0
Archer,10,Comptroller of Public Accounts,,,Under Votes,11,4,7
Archer,10,Comptroller of Public Accounts,,REP,Glenn Hegar,428,289,139
Archer,10,Comptroller of Public Accounts,,DEM,Joi Chevalier,62,47,15
Archer,10,Comptroller of Public Accounts,,LIB,Ben Sanders,5,2,3
Archer,10,Commissioner of the General Land Office,,,Over Votes,0,0,0
Archer,10,Commissioner of the General Land Office,,,Under Votes,9,4,5
Archer,10,Commissioner of the General Land Office,,REP,George P. Bush,424,284,140
Archer,10,Commissioner of the General Land Office,,DEM,Miguel Suazo,60,49,11
Archer,10,Commissioner of the General Land Office,,LIB,Matt Pina,13,5,8
Archer,10,Commissioner of Agriculture,,,Over Votes,0,0,0
Archer,10,Commissioner of Agriculture,,,Under Votes,8,3,5
Archer,10,Commissioner of Agriculture,,REP,Sid Miller,429,286,143
Archer,10,Commissioner of Agriculture,,DEM,Kim Olson,66,52,14
Archer,10,Commissioner of Agriculture,,LIB,Richard Carpenter,3,1,2
Archer,10,Railroad Commissioner,,,Over Votes,0,0,0
Archer,10,Railroad Commissioner,,,Under Votes,10,5,5
Archer,10,Railroad Commissioner,,REP,Christi Craddick,429,287,142
Archer,10,Railroad Commissioner,,DEM,Roman McAllen,59,45,14
Archer,10,Railroad Commissioner,,LIB,Mike Wright,8,5,3
Archer,10,"Justice, Supreme Court, Place 2",,,Over Votes,0,0,0
Archer,10,"Justice, Supreme Court, Place 2",,,Under Votes,10,5,5
Archer,10,"Justice, Supreme Court, Place 2",,REP,Jimmy Blacklock,429,288,141
Archer,10,"Justice, Supreme Court, Place 2",,DEM,Steven Kirkland,67,49,18
Archer,10,"Justice, Supreme Court Place 4",,,Over Votes,0,0,0
Archer,10,"Justice, Supreme Court Place 4",,,Under Votes,12,6,6
Archer,10,"Justice, Supreme Court Place 4",,REP,John Devine,435,290,145
Archer,10,"Justice, Supreme Court Place 4",,DEM,R. K. Sandill,59,46,13
Archer,10,"Justice, Supreme Court Place 6",,,Over Votes,0,0,0
Archer,10,"Justice, Supreme Court Place 6",,,Under Votes,11,5,6
Archer,10,"Justice, Supreme Court Place 6",,REP,Jeff Brown,431,288,143
Archer,10,"Justice, Supreme Court Place 6",,DEM,Kathy Cheng,64,49,15
Archer,10,"Presiding Judge, Court of Criminal Appeals",,,Over Votes,0,0,0
Archer,10,"Presiding Judge, Court of Criminal Appeals",,,Under Votes,9,5,4
Archer,10,"Presiding Judge, Court of Criminal Appeals",,REP,Sharon Keller,429,287,142
Archer,10,"Presiding Judge, Court of Criminal Appeals",,DEM,Maria T. (Terri) Jackson,61,48,13
Archer,10,"Presiding Judge, Court of Criminal Appeals",,LIB,William Bryan Strange III,7,2,5
Archer,10,"Judge, Court of Criminal Appeals, Place 7",,,Over Votes,0,0,0
Archer,10,"Judge, Court of Criminal Appeals, Place 7",,,Under Votes,11,5,6
Archer,10,"Judge, Court of Criminal Appeals, Place 7",,REP,Barbara Parker Hervey,432,291,141
Archer,10,"Judge, Court of Criminal Appeals, Place 7",,DEM,Ramona Franklin,63,46,17
Archer,10,"Judge, Court of Criminal Appeals, Place 8",,,Over Votes,0,0,0
Archer,10,"Judge, Court of Criminal Appeals, Place 8",,,Under Votes,39,28,11
Archer,10,"Judge, Court of Criminal Appeals, Place 8",,REP,Michelle Slaughter,438,296,142
Archer,10,"Judge, Court of Criminal Appeals, Place 8",,LIB,Mark Ash,29,18,11
Archer,10,State Senator,30,,Over Votes,0,0,0
Archer,10,State Senator,30,,Under Votes,6,3,3
Archer,10,State Senator,30,REP,Pat Fallon,422,280,142
Archer,10,State Senator,30,DEM,Kevin Lopez,78,59,19
Archer,10,State Representative,69,,Over Votes,0,0,0
Archer,10,State Representative,69,,Under Votes,48,35,13
Archer,10,State Representative,69,REP,James Frank,458,307,151
Archer,10,"Chief Justice, 2nd Court of Appeals District",,,Over Votes,0,0,0
Archer,10,"Chief Justice, 2nd Court of Appeals District",,,Under Votes,56,41,15
Archer,10,"Chief Justice, 2nd Court of Appeals District",,REP,Bonnie Sudderth,450,301,149
Archer,10,"Justice, 2nd Court of Appeals District, Place 4",,,Over Votes,0,0,0
Archer,10,"Justice, 2nd Court of Appeals District, Place 4",,,Under Votes,58,42,16
Archer,10,"Justice, 2nd Court of Appeals District, Place 4",,REP,Wade Birdwell,448,300,148
Archer,10,"Justice, 2nd Court of Appeals District, Place 5",,,Over Votes,0,0,0
Archer,10,"Justice, 2nd Court of Appeals District, Place 5",,,Under Votes,16,9,7
Archer,10,"Justice, 2nd Court of Appeals District, Place 5",,REP,Dabney Bassel,427,284,143
Archer,10,"Justice, 2nd Court of Appeals District, Place 5",,DEM,Delonia A. Watson,63,49,14
Archer,10,"Justice, 2nd Court of Appeals District, Place 6",,,Over Votes,0,0,0
Archer,10,"Justice, 2nd Court of Appeals District, Place 6",,,Under Votes,56,41,15
Archer,10,"Justice, 2nd Court of Appeals District, Place 6",,REP,Mark Pittman,450,301,149
Archer,10,County Judge,,,Over Votes,0,0,0
Archer,10,County Judge,,,Under Votes,52,39,13
Archer,10,County Judge,,REP,Randall C. (Randy) Jackson,454,303,151
Archer,10,District Clerk,,,Over Votes,0,0,0
Archer,10,District Clerk,,,Under Votes,51,37,14
Archer,10,District Clerk,,REP,Lori Stubbs Rutledge,455,305,150
Archer,10,County Clerk,,,Over Votes,0,0,0
Archer,10,County Clerk,,,Under Votes,47,34,13
Archer,10,County Clerk,,REP,Karren Winter,459,308,151
Archer,10,County Treasurer,,,Over Votes,0,0,0
Archer,10,County Treasurer,,,Under Votes,49,37,12
Archer,10,County Treasurer,,REP,Patricia (P.A.) Vieth,457,305,152
Archer,10,"Justice of the Peace, Precinct 2",,,Over Votes,0,0,0
Archer,10,"Justice of the Peace, Precinct 2",,,Under Votes,46,35,11
Archer,10,"Justice of the Peace, Precinct 2",,REP,Corky Scarbrough,460,307,153
Archer,10,CITY OF LAKESIDE CITY LOCAL OPTION ELECTION,,,Over Votes,0,0,0
Archer,10,CITY OF LAKESIDE CITY LOCAL OPTION ELECTION,,,Under Votes,0,0,0
Archer,10,CITY OF LAKESIDE CITY LOCAL OPTION ELECTION,,,No Candidate for Race,0,0,0
Archer,10,Local Option #1,,,Over Votes,0,0,0
Archer,10,Local Option #1,,,Under Votes,90,62,28
Archer,10,Local Option #1,,,FOR,289,196,93
Archer,10,Local Option #1,,,AGAINST,127,84,43
Archer,10,Local Option #2,,,Over Votes,0,0,0
Archer,10,Local Option #2,,,Under Votes,108,77,31
Archer,10,Local Option #2,,,FOR,207,144,63
Archer,10,Local Option #2,,,AGAINST,191,121,70
Archer,10,Local Option #3,,,Over Votes,0,0,0
Archer,10,Local Option #3,,,Under Votes,73,56,17
Archer,10,Local Option #3,,,FOR,286,179,107
Archer,10,Local Option #3,,,AGAINST,147,107,40
Archer,11,Registered Voters,,,,117,,
Archer,11,Ballots Cast,,,,75,38,37
Archer,11,Straight Party,,,Over Votes,0,0,0
Archer,11,Straight Party,,,Under Votes,32,16,16
Archer,11,Straight Party,,REP,Republican (REP),39,18,21
Archer,11,Straight Party,,DEM,Democrat (DEM),4,4,0
Archer,11,Straight Party,,LIB,Libertarian (LIB),0,0,0
Archer,11,U.S. Senate,,,Over Votes,0,0,0
Archer,11,U.S. Senate,,,Under Votes,2,0,2
Archer,11,U.S. Senate,,REP,Ted Cruz,63,33,30
Archer,11,U.S. Senate,,DEM,Beto O'Rourke,10,5,5
Archer,11,U.S. Senate,,LIB,Neal M. Dikeman,0,0,0
Archer,11,U.S. House,13,,Over Votes,0,0,0
Archer,11,U.S. House,13,,Under Votes,3,1,2
Archer,11,U.S. House,13,REP,Mac Thornberry,64,32,32
Archer,11,U.S. House,13,DEM,Greg Sagan,6,4,2
Archer,11,U.S. House,13,LIB,Calvin DeWeese,2,1,1
Archer,11,Governor,,,Over Votes,0,0,0
Archer,11,Governor,,,Under Votes,3,0,3
Archer,11,Governor,,REP,Greg Abbott,63,33,30
Archer,11,Governor,,DEM,Lupe Valdez,8,5,3
Archer,11,Governor,,LIB,Mark Jay Tippetts,1,0,1
Archer,11,Lieutenant Governor,,,Over Votes,0,0,0
Archer,11,Lieutenant Governor,,,Under Votes,3,0,3
Archer,11,Lieutenant Governor,,REP,Dan Patrick,61,33,28
Archer,11,Lieutenant Governor,,DEM,Mike Collier,11,5,6
Archer,11,Lieutenant Governor,,LIB,Kerry Douglas McKennon,0,0,0
Archer,11,Attorney General,,,Over Votes,0,0,0
Archer,11,Attorney General,,,Under Votes,2,0,2
Archer,11,Attorney General,,REP,Ken Paxton,62,31,31
Archer,11,Attorney General,,DEM,Justin Nelson,9,5,4
Archer,11,Attorney General,,LIB,Michael Ray Harris,2,2,0
Archer,11,Comptroller of Public Accounts,,,Over Votes,0,0,0
Archer,11,Comptroller of Public Accounts,,,Under Votes,2,0,2
Archer,11,Comptroller of Public Accounts,,REP,Glenn Hegar,65,33,32
Archer,11,Comptroller of Public Accounts,,DEM,Joi Chevalier,7,5,2
Archer,11,Comptroller of Public Accounts,,LIB,Ben Sanders,1,0,1
Archer,11,Commissioner of the General Land Office,,,Over Votes,0,0,0
Archer,11,Commissioner of the General Land Office,,,Under Votes,1,0,1
Archer,11,Commissioner of the General Land Office,,REP,George P. Bush,63,30,33
Archer,11,Commissioner of the General Land Office,,DEM,Miguel Suazo,9,6,3
Archer,11,Commissioner of the General Land Office,,LIB,Matt Pina,2,2,0
Archer,11,Commissioner of Agriculture,,,Over Votes,0,0,0
Archer,11,Commissioner of Agriculture,,,Under Votes,2,0,2
Archer,11,Commissioner of Agriculture,,REP,Sid Miller,63,33,30
Archer,11,Commissioner of Agriculture,,DEM,Kim Olson,9,5,4
Archer,11,Commissioner of Agriculture,,LIB,Richard Carpenter,1,0,1
Archer,11,Railroad Commissioner,,,Over Votes,0,0,0
Archer,11,Railroad Commissioner,,,Under Votes,1,0,1
Archer,11,Railroad Commissioner,,REP,Christi Craddick,66,33,33
Archer,11,Railroad Commissioner,,DEM,Roman McAllen,7,5,2
Archer,11,Railroad Commissioner,,LIB,Mike Wright,1,0,1
Archer,11,"Justice, Supreme Court, Place 2",,,Over Votes,0,0,0
Archer,11,"Justice, Supreme Court, Place 2",,,Under Votes,2,0,2
Archer,11,"Justice, Supreme Court, Place 2",,REP,Jimmy Blacklock,65,33,32
Archer,11,"Justice, Supreme Court, Place 2",,DEM,Steven Kirkland,8,5,3
Archer,11,"Justice, Supreme Court Place 4",,,Over Votes,0,0,0
Archer,11,"Justice, Supreme Court Place 4",,,Under Votes,3,0,3
Archer,11,"Justice, Supreme Court Place 4",,REP,John Devine,65,33,32
Archer,11,"Justice, Supreme Court Place 4",,DEM,R. K. Sandill,7,5,2
Archer,11,"Justice, Supreme Court Place 6",,,Over Votes,0,0,0
Archer,11,"Justice, Supreme Court Place 6",,,Under Votes,3,0,3
Archer,11,"Justice, Supreme Court Place 6",,REP,Jeff Brown,64,33,31
Archer,11,"Justice, Supreme Court Place 6",,DEM,Kathy Cheng,8,5,3
Archer,11,"Presiding Judge, Court of Criminal Appeals",,,Over Votes,0,0,0
Archer,11,"Presiding Judge, Court of Criminal Appeals",,,Under Votes,2,0,2
Archer,11,"Presiding Judge, Court of Criminal Appeals",,REP,Sharon Keller,64,32,32
Archer,11,"Presiding Judge, Court of Criminal Appeals",,DEM,Maria T. (Terri) Jackson,7,5,2
Archer,11,"Presiding Judge, Court of Criminal Appeals",,LIB,William Bryan Strange III,2,1,1
Archer,11,"Judge, Court of Criminal Appeals, Place 7",,,Over Votes,0,0,0
Archer,11,"Judge, Court of Criminal Appeals, Place 7",,,Under Votes,2,0,2
Archer,11,"Judge, Court of Criminal Appeals, Place 7",,REP,Barbara Parker Hervey,66,33,33
Archer,11,"Judge, Court of Criminal Appeals, Place 7",,DEM,Ramona Franklin,7,5,2
Archer,11,"Judge, Court of Criminal Appeals, Place 8",,,Over Votes,0,0,0
Archer,11,"Judge, Court of Criminal Appeals, Place 8",,,Under Votes,4,2,2
Archer,11,"Judge, Court of Criminal Appeals, Place 8",,REP,Michelle Slaughter,65,31,34
Archer,11,"Judge, Court of Criminal Appeals, Place 8",,LIB,Mark Ash,6,5,1
Archer,11,State Senator,30,,Over Votes,0,0,0
Archer,11,State Senator,30,,Under Votes,2,0,2
Archer,11,State Senator,30,REP,Pat Fallon,63,33,30
Archer,11,State Senator,30,DEM,Kevin Lopez,10,5,5
Archer,11,State Representative,69,,Over Votes,0,0,0
Archer,11,State Representative,69,,Under Votes,7,5,2
Archer,11,State Representative,69,REP,James Frank,68,33,35
Archer,11,"Chief Justice, 2nd Court of Appeals District",,,Over Votes,0,0,0
Archer,11,"Chief Justice, 2nd Court of Appeals District",,,Under Votes,8,6,2
Archer,11,"Chief Justice, 2nd Court of Appeals District",,REP,Bonnie Sudderth,67,32,35
Archer,11,"Justice, 2nd Court of Appeals District, Place 4",,,Over Votes,0,0,0
Archer,11,"Justice, 2nd Court of Appeals District, Place 4",,,Under Votes,9,7,2
Archer,11,"Justice, 2nd Court of Appeals District, Place 4",,REP,Wade Birdwell,66,31,35
Archer,11,"Justice, 2nd Court of Appeals District, Place 5",,,Over Votes,0,0,0
Archer,11,"Justice, 2nd Court of Appeals District, Place 5",,,Under Votes,2,0,2
Archer,11,"Justice, 2nd Court of Appeals District, Place 5",,REP,Dabney Bassel,62,31,31
Archer,11,"Justice, 2nd Court of Appeals District, Place 5",,DEM,Delonia A. Watson,11,7,4
Archer,11,"Justice, 2nd Court of Appeals District, Place 6",,,Over Votes,0,0,0
Archer,11,"Justice, 2nd Court of Appeals District, Place 6",,,Under Votes,8,6,2
Archer,11,"Justice, 2nd Court of Appeals District, Place 6",,REP,Mark Pittman,67,32,35
Archer,11,County Judge,,,Over Votes,0,0,0
Archer,11,County Judge,,,Under Votes,9,6,3
Archer,11,County Judge,,REP,Randall C. (Randy) Jackson,66,32,34
Archer,11,District Clerk,,,Over Votes,0,0,0
Archer,11,District Clerk,,,Under Votes,9,7,2
Archer,11,District Clerk,,REP,Lori Stubbs Rutledge,66,31,35
Archer,11,County Clerk,,,Over Votes,0,0,0
Archer,11,County Clerk,,,Under Votes,8,6,2
Archer,11,County Clerk,,REP,Karren Winter,67,32,35
Archer,11,County Treasurer,,,Over Votes,0,0,0
Archer,11,County Treasurer,,,Under Votes,7,5,2
Archer,11,County Treasurer,,REP,Patricia (P.A.) Vieth,68,33,35
Archer,11,"Justice of the Peace, Precinct 4",,,Over Votes,0,0,0
Archer,11,"Justice of the Peace, Precinct 4",,,Under Votes,8,5,3
Archer,11,"Justice of the Peace, Precinct 4",,REP,Wayne Lindemann,67,33,34
