county,precinct,office,district,party,candidate,votes,early_votes,election_day,absentee
Gray,1,Ballots Cast,,,,209,60,149,
Gray,1,Straight Party,,REP,Republican Party,109,38,71,
Gray,1,Straight Party,,,Over Votes,0,0,0
Gray,1,Straight Party,,,Under Votes,92,19,73
Gray,1,Straight Party,,DEM,Democratic Party,7,3,4,
Gray,1,Straight Party,,LIB,Libertarian Party,1,0,1,
Gray,1,United States Senator,,REP,Ted Cruz,189,49,140,
Gray,1,United States Senator,,,Over Votes,0,0,0
Gray,1,United States Senator,,,Under Votes,6,4,2
Gray,1,United States Senator,,DEM,Beto O'Rourke,14,7,7,
Gray,1,United States Senator,,LIB,Neal M. Dikeman,0,0,0,
Gray,1,United States Representative,13,REP,Mac Thornberry,197,55,142,
Gray,1,United States Representative,13,,Over Votes,0,0,0
Gray,1,United States Representative,13,,Under Votes,4,2,2
Gray,1,United States Representative,13,DEM,Greg Sagan,7,3,4,
Gray,1,United States Representative,13,LIB,Calvin DeWeese,1,0,1,
Gray,1,Governor,,REP,Greg Abbott,193,54,139,
Gray,1,Governor,,,Over Votes,0,0,0
Gray,1,Governor,,,Under Votes,6,2,4
Gray,1,Governor,,DEM,Lupe Valdez,10,4,6,
Gray,1,Governor,,LIB,Mark Jay Tippetts,0,0,0,
Gray,1,Lieutenant Governor,,REP,Dan Patrick,156,50,106,
Gray,1,Lieutenant Governor,,,Over Votes,0,0,0
Gray,1,Lieutenant Governor,,,Under Votes,6,1,5
Gray,1,Lieutenant Governor,,DEM,Mike Collier,44,8,36,
Gray,1,Lieutenant Governor,,LIB,Kerry Douglas McKennon,3,1,2,
Gray,1,Attorney General,,REP,Ken Paxton,186,54,132,
Gray,1,Attorney General,,,Over Votes,0,0,0
Gray,1,Attorney General,,,Under Votes,6,1,5
Gray,1,Attorney General,,DEM,Justin Nelson,16,5,11,
Gray,1,Attorney General,,LIB,Michael Ray Harris,1,0,1,
Gray,1,Comptroller of Public Accounts,,REP,Glenn Hegar,194,54,140,
Gray,1,Comptroller of Public Accounts,,,Over Votes,0,0,0
Gray,1,Comptroller of Public Accounts,,,Under Votes,5,1,4
Gray,1,Comptroller of Public Accounts,,DEM,Joi Chevalier,8,4,4,
Gray,1,Comptroller of Public Accounts,,LIB,Ben Sanders,2,1,1,
Gray,1,Commissioner of the General Land Office,,REP,George P. Bush,186,55,131,
Gray,1,Commissioner of the General Land Office,,,Over Votes,0,0,0
Gray,1,Commissioner of the General Land Office,,,Under Votes,7,1,6
Gray,1,Commissioner of the General Land Office,,DEM,Miguel Suazo,12,4,8,
Gray,1,Commissioner of the General Land Office,,LIB,Matt Piña,4,0,4,
Gray,1,Commissioner of Agriculture,,REP,Sid Miller,194,55,139,
Gray,1,Commissioner of Agriculture,,,Over Votes,0,0,0
Gray,1,Commissioner of Agriculture,,,Under Votes,5,1,4
Gray,1,Commissioner of Agriculture,,DEM,Kim Olson,8,4,4,
Gray,1,Commissioner of Agriculture,,LIB,Richard Carpenter,2,0,2,
Gray,1,Railroad Commissioner,,REP,Christi Craddick,189,52,137,
Gray,1,Railroad Commissioner,,,Over Votes,0,0,0
Gray,1,Railroad Commissioner,,,Under Votes,6,1,5
Gray,1,Railroad Commissioner,,DEM,Roman McAllen,11,5,6,
Gray,1,Railroad Commissioner,,LIB,Mike Wright,3,2,1,
Gray,1,"Justice, Supreme Court, Place 2",,REP,Jimmy Blacklock,188,52,136,
Gray,1,"Justice, Supreme Court, Place 2",,,Over Votes,0,0,0
Gray,1,"Justice, Supreme Court, Place 2",,,Under Votes,7,2,5
Gray,1,"Justice, Supreme Court, Place 2",,DEM,Steven Kirkland,14,6,8,
Gray,1,"Justice, Supreme Court, Place 4",,REP,John Devine,191,53,138,
Gray,1,"Justice, Supreme Court, Place 4",,,Over Votes,0,0,0
Gray,1,"Justice, Supreme Court, Place 4",,,Under Votes,7,2,5
Gray,1,"Justice, Supreme Court, Place 4",,DEM,R.K. Sandill,11,5,6,
Gray,1,"Justice, Supreme Court, Place 6",,REP,Jeff Brown,191,52,139,
Gray,1,"Justice, Supreme Court, Place 6",,,Over Votes,0,0,0
Gray,1,"Justice, Supreme Court, Place 6",,,Under Votes,8,3,5
Gray,1,"Justice, Supreme Court, Place 6",,DEM,Kathy Cheng,10,5,5,
Gray,1,"Presiding Judge, Court of Criminal Appeals",,REP,Sharon Keller,186,49,137,
Gray,1,"Presiding Judge, Court of Criminal Appeals",,,Over Votes,0,0,0
Gray,1,"Presiding Judge, Court of Criminal Appeals",,,Under Votes,6,2,4
Gray,1,"Presiding Judge, Court of Criminal Appeals",,DEM,Maria T. (Terri) Jackson,14,9,5,
Gray,1,"Presiding Judge, Court of Criminal Appeals",,LIB,William Bryan Strange III,3,0,3,
Gray,1,"Judge, Court of Criminal Appeals, Place 7",,REP,Barbara Parker Hervey,190,52,138,
Gray,1,"Judge, Court of Criminal Appeals, Place 7",,,Over Votes,0,0,0
Gray,1,"Judge, Court of Criminal Appeals, Place 7",,,Under Votes,7,2,5
Gray,1,"Judge, Court of Criminal Appeals, Place 7",,DEM,Ramona Franklin,12,6,6,
Gray,1,"Judge, Court of Criminal Appeals, Place 8",,REP,Michelle Slaughter,189,52,137,
Gray,1,"Judge, Court of Criminal Appeals, Place 8",,,Over Votes,0,0,0
Gray,1,"Judge, Court of Criminal Appeals, Place 8",,,Under Votes,13,4,9
Gray,1,"Judge, Court of Criminal Appeals, Place 8",,LIB,Mark Ash,7,4,3,
Gray,1,State Senator,No. 31,REP,Kel Seliger,193,54,139,
Gray,1,State Senator,No. 31,,Over Votes,0,0,0
Gray,1,State Senator,No. 31,,Under Votes,5,1,4
Gray,1,State Senator,No. 31,DEM,Jack B. Westbrook,11,5,6,
Gray,1,State Representative,No. 88,REP,Ken King,196,54,142,
Gray,1,State Representative,No. 88,,Over Votes,0,0,0
Gray,1,State Representative,No. 88,,Under Votes,4,1,3
Gray,1,State Representative,No. 88,DEM,Ezekiel Barron,9,5,4,
Gray,1,"Justice, 7th Court of Appeals District, Place No. 2",,REP,Judy Parker,194,55,139,
Gray,1,"Justice, 7th Court of Appeals District, Place No. 2",,,Over Votes,0,0,0
Gray,1,"Justice, 7th Court of Appeals District, Place No. 2",,,Under Votes,15,5,10
Gray,1,"Justice, 7th Court of Appeals District, Place No. 3",,REP,Pat Pirtle,194,55,139,
Gray,1,"Justice, 7th Court of Appeals District, Place No. 3",,,Over Votes,0,0,0
Gray,1,"Justice, 7th Court of Appeals District, Place No. 3",,,Under Votes,15,5,10
Gray,1,"District Judge, 31st Judicial District",,REP,Steven R. Emmert,194,55,139,
Gray,1,"District Judge, 31st Judicial District",,,Over Votes,0,0,0
Gray,1,"District Judge, 31st Judicial District",,,Under Votes,15,5,10
Gray,1,"District Judge, 223rd Judicial District",,REP,Phil N. Vanderpool,196,55,141,
Gray,1,"District Judge, 223rd Judicial District",,,Over Votes,0,0,0
Gray,1,"District Judge, 223rd Judicial District",,,Under Votes,13,5,8
Gray,1,County Judge,,REP,Chris Porter,198,56,142,
Gray,1,County Judge,,,Over Votes,0,0,0
Gray,1,County Judge,,,Under Votes,11,4,7
Gray,1,District Clerk,,REP,Jo Mays,198,56,142,
Gray,1,District Clerk,,,Over Votes,0,0,0
Gray,1,District Clerk,,,Under Votes,11,4,7
Gray,1,County Clerk,,REP,Jeanne Horton,197,56,141,
Gray,1,County Clerk,,,Over Votes,0,0,0
Gray,1,County Clerk,,,Under Votes,12,4,8
Gray,1,County Treasurer,,REP,Scott Hahn,195,54,141,
Gray,1,County Treasurer,,,Over Votes,0,0,0
Gray,1,County Treasurer,,,Under Votes,14,6,8
Gray,1,"Justice of the Peace, Precinct 1 and  3",,REP,Joe Patrick Martinez,196,53,143,
Gray,1,"Justice of the Peace, Precinct 1 and  3",,,Over Votes,0,0,0
Gray,1,"Justice of the Peace, Precinct 1 and  3",,,Under Votes,13,7,6
Gray,2,Ballots Cast,,,,1216,824,392,
Gray,2,Straight Party,,REP,Republican Party,698,487,211,
Gray,2,Straight Party,,,Over Votes,0,0,0
Gray,2,Straight Party,,,Under Votes,446,298,148
Gray,2,Straight Party,,DEM,Democratic Party,69,38,31,
Gray,2,Straight Party,,LIB,Libertarian Party,3,1,2,
Gray,2,United States Senator,,REP,Ted Cruz,1067,737,330,
Gray,2,United States Senator,,,Over Votes,0,0,0
Gray,2,United States Senator,,,Under Votes,23,13,10
Gray,2,United States Senator,,DEM,Beto O'Rourke,116,70,46,
Gray,2,United States Senator,,LIB,Neal M. Dikeman,9,3,6,
Gray,2,United States Representative,13,REP,Mac Thornberry,1073,734,339,
Gray,2,United States Representative,13,,Over Votes,0,0,0
Gray,2,United States Representative,13,,Under Votes,19,13,6
Gray,2,United States Representative,13,DEM,Greg Sagan,102,62,40,
Gray,2,United States Representative,13,LIB,Calvin DeWeese,21,14,7,
Gray,2,Governor,,REP,Greg Abbott,1082,742,340,
Gray,2,Governor,,,Over Votes,0,0,0
Gray,2,Governor,,,Under Votes,15,11,4
Gray,2,Governor,,DEM,Lupe Valdez,103,61,42,
Gray,2,Governor,,LIB,Mark Jay Tippetts,15,9,6,
Gray,2,Lieutenant Governor,,REP,Dan Patrick,1020,695,325,
Gray,2,Lieutenant Governor,,,Over Votes,0,0,0
Gray,2,Lieutenant Governor,,,Under Votes,18,15,3
Gray,2,Lieutenant Governor,,DEM,Mike Collier,150,95,55,
Gray,2,Lieutenant Governor,,LIB,Kerry Douglas McKennon,27,18,9,
Gray,2,Attorney General,,REP,Ken Paxton,1043,711,332,
Gray,2,Attorney General,,,Over Votes,0,0,0
Gray,2,Attorney General,,,Under Votes,19,14,5
Gray,2,Attorney General,,DEM,Justin Nelson,127,83,44,
Gray,2,Attorney General,,LIB,Michael Ray Harris,26,15,11,
Gray,2,Comptroller of Public Accounts,,REP,Glenn Hegar,1057,725,332,
Gray,2,Comptroller of Public Accounts,,,Over Votes,0,0,0
Gray,2,Comptroller of Public Accounts,,,Under Votes,24,19,5
Gray,2,Comptroller of Public Accounts,,DEM,Joi Chevalier,105,62,43,
Gray,2,Comptroller of Public Accounts,,LIB,Ben Sanders,29,17,12,
Gray,2,Commissioner of the General Land Office,,REP,George P. Bush,1026,696,330,
Gray,2,Commissioner of the General Land Office,,,Over Votes,0,0,0
Gray,2,Commissioner of the General Land Office,,,Under Votes,24,19,5
Gray,2,Commissioner of the General Land Office,,DEM,Miguel Suazo,116,76,40,
Gray,2,Commissioner of the General Land Office,,LIB,Matt Piña,49,32,17,
Gray,2,Commissioner of Agriculture,,REP,Sid Miller,1058,726,332,
Gray,2,Commissioner of Agriculture,,,Over Votes,0,0,0
Gray,2,Commissioner of Agriculture,,,Under Votes,21,16,5
Gray,2,Commissioner of Agriculture,,DEM,Kim Olson,118,72,46,
Gray,2,Commissioner of Agriculture,,LIB,Richard Carpenter,18,9,9,
Gray,2,Railroad Commissioner,,REP,Christi Craddick,1064,724,340,
Gray,2,Railroad Commissioner,,,Over Votes,0,0,0
Gray,2,Railroad Commissioner,,,Under Votes,21,16,5
Gray,2,Railroad Commissioner,,DEM,Roman McAllen,102,65,37,
Gray,2,Railroad Commissioner,,LIB,Mike Wright,28,18,10,
Gray,2,"Justice, Supreme Court, Place 2",,REP,Jimmy Blacklock,1071,735,336,
Gray,2,"Justice, Supreme Court, Place 2",,,Over Votes,0,0,0
Gray,2,"Justice, Supreme Court, Place 2",,,Under Votes,19,13,6
Gray,2,"Justice, Supreme Court, Place 2",,DEM,Steven Kirkland,125,75,50,
Gray,2,"Justice, Supreme Court, Place 4",,REP,John Devine,1077,736,341,
Gray,2,"Justice, Supreme Court, Place 4",,,Over Votes,0,0,0
Gray,2,"Justice, Supreme Court, Place 4",,,Under Votes,23,18,5
Gray,2,"Justice, Supreme Court, Place 4",,DEM,R.K. Sandill,115,69,46,
Gray,2,"Justice, Supreme Court, Place 6",,REP,Jeff Brown,1079,738,341,
Gray,2,"Justice, Supreme Court, Place 6",,,Over Votes,0,0,0
Gray,2,"Justice, Supreme Court, Place 6",,,Under Votes,21,15,6
Gray,2,"Justice, Supreme Court, Place 6",,DEM,Kathy Cheng,115,70,45,
Gray,2,"Presiding Judge, Court of Criminal Appeals",,REP,Sharon Keller,1062,727,335,
Gray,2,"Presiding Judge, Court of Criminal Appeals",,,Over Votes,0,0,0
Gray,2,"Presiding Judge, Court of Criminal Appeals",,,Under Votes,17,15,2
Gray,2,"Presiding Judge, Court of Criminal Appeals",,DEM,Maria T. (Terri) Jackson,113,68,45,
Gray,2,"Presiding Judge, Court of Criminal Appeals",,LIB,William Bryan Strange III,23,13,10,
Gray,2,"Judge, Court of Criminal Appeals, Place 7",,REP,Barbara Parker Hervey,1076,735,341,
Gray,2,"Judge, Court of Criminal Appeals, Place 7",,,Over Votes,0,0,0
Gray,2,"Judge, Court of Criminal Appeals, Place 7",,,Under Votes,23,17,6
Gray,2,"Judge, Court of Criminal Appeals, Place 7",,DEM,Ramona Franklin,116,71,45,
Gray,2,"Judge, Court of Criminal Appeals, Place 8",,REP,Michelle Slaughter,1079,734,345,
Gray,2,"Judge, Court of Criminal Appeals, Place 8",,,Over Votes,0,0,0
Gray,2,"Judge, Court of Criminal Appeals, Place 8",,,Under Votes,79,53,26
Gray,2,"Judge, Court of Criminal Appeals, Place 8",,LIB,Mark Ash,57,36,21,
Gray,2,State Senator,No. 31,REP,Kel Seliger,1083,743,340,
Gray,2,State Senator,No. 31,,Over Votes,0,0,0
Gray,2,State Senator,No. 31,,Under Votes,20,14,6
Gray,2,State Senator,No. 31,DEM,Jack B. Westbrook,112,66,46,
Gray,2,State Representative,No. 88,REP,Ken King,1072,736,336,
Gray,2,State Representative,No. 88,,Over Votes,0,0,0
Gray,2,State Representative,No. 88,,Under Votes,25,17,8
Gray,2,State Representative,No. 88,DEM,Ezekiel Barron,118,70,48,
Gray,2,"Justice, 7th Court of Appeals District, Place No. 2",,REP,Judy Parker,1098,744,354,
Gray,2,"Justice, 7th Court of Appeals District, Place No. 2",,,Over Votes,0,0,0
Gray,2,"Justice, 7th Court of Appeals District, Place No. 2",,,Under Votes,117,79,38
Gray,2,"Justice, 7th Court of Appeals District, Place No. 3",,REP,Pat Pirtle,1094,741,353,
Gray,2,"Justice, 7th Court of Appeals District, Place No. 3",,,Over Votes,0,0,0
Gray,2,"Justice, 7th Court of Appeals District, Place No. 3",,,Under Votes,121,82,39
Gray,2,"District Judge, 31st Judicial District",,REP,Steven R. Emmert,1101,746,355,
Gray,2,"District Judge, 31st Judicial District",,,Over Votes,0,0,0
Gray,2,"District Judge, 31st Judicial District",,,Under Votes,114,77,37
Gray,2,"District Judge, 223rd Judicial District",,REP,Phil N. Vanderpool,1101,745,356,
Gray,2,"District Judge, 223rd Judicial District",,,Over Votes,0,0,0
Gray,2,"District Judge, 223rd Judicial District",,,Under Votes,114,78,36
Gray,2,County Judge,,REP,Chris Porter,1094,741,353,
Gray,2,County Judge,,,Over Votes,0,0,0
Gray,2,County Judge,,,Under Votes,121,82,39
Gray,2,District Clerk,,REP,Jo Mays,1102,746,356,
Gray,2,District Clerk,,,Over Votes,0,0,0
Gray,2,District Clerk,,,Under Votes,113,77,36
Gray,2,County Clerk,,REP,Jeanne Horton,1102,744,358,
Gray,2,County Clerk,,,Over Votes,0,0,0
Gray,2,County Clerk,,,Under Votes,113,79,34
Gray,2,County Treasurer,,REP,Scott Hahn,1085,732,353,
Gray,2,County Treasurer,,,Over Votes,0,0,0
Gray,2,County Treasurer,,,Under Votes,130,91,39
Gray,2,"County Commissioner, Precinct No. 2",,REP,Lake Arrington,1084,732,352,
Gray,2,"County Commissioner, Precinct No. 2",,,Over Votes,0,0,0
Gray,2,"County Commissioner, Precinct No. 2",,,Under Votes,131,91,40
Gray,2,"Justice of the Peace, Precinct 2 and 4",,REP,Connie Ogle,1102,746,356,
Gray,2,"Justice of the Peace, Precinct 2 and 4",,,Over Votes,0,0,0
Gray,2,"Justice of the Peace, Precinct 2 and 4",,,Under Votes,113,77,36
Gray,3,Ballots Cast,,,,85,26,59,
Gray,3,Straight Party,,REP,Republican Party,42,16,26,
Gray,3,Straight Party,,,Over Votes,0,0,0
Gray,3,Straight Party,,,Under Votes,43,10,33
Gray,3,Straight Party,,DEM,Democratic Party,0,0,0,
Gray,3,Straight Party,,LIB,Libertarian Party,0,0,0,
Gray,3,United States Senator,,REP,Ted Cruz,83,26,57,
Gray,3,United States Senator,,,Over Votes,0,0,0
Gray,3,United States Senator,,,Under Votes,0,0,0
Gray,3,United States Senator,,DEM,Beto O'Rourke,2,0,2,
Gray,3,United States Senator,,LIB,Neal M. Dikeman,0,0,0,
Gray,3,United States Representative,13,REP,Mac Thornberry,84,26,58,
Gray,3,United States Representative,13,,Over Votes,0,0,0
Gray,3,United States Representative,13,,Under Votes,0,0,0
Gray,3,United States Representative,13,DEM,Greg Sagan,1,0,1,
Gray,3,United States Representative,13,LIB,Calvin DeWeese,0,0,0,
Gray,3,Governor,,REP,Greg Abbott,83,26,57,
Gray,3,Governor,,,Over Votes,0,0,0
Gray,3,Governor,,,Under Votes,0,0,0
Gray,3,Governor,,DEM,Lupe Valdez,2,0,2,
Gray,3,Governor,,LIB,Mark Jay Tippetts,0,0,0,
Gray,3,Lieutenant Governor,,REP,Dan Patrick,74,24,50,
Gray,3,Lieutenant Governor,,,Over Votes,0,0,0
Gray,3,Lieutenant Governor,,,Under Votes,1,0,1
Gray,3,Lieutenant Governor,,DEM,Mike Collier,9,2,7,
Gray,3,Lieutenant Governor,,LIB,Kerry Douglas McKennon,1,0,1,
Gray,3,Attorney General,,REP,Ken Paxton,78,26,52,
Gray,3,Attorney General,,,Over Votes,0,0,0
Gray,3,Attorney General,,,Under Votes,3,0,3
Gray,3,Attorney General,,DEM,Justin Nelson,3,0,3,
Gray,3,Attorney General,,LIB,Michael Ray Harris,1,0,1,
Gray,3,Comptroller of Public Accounts,,REP,Glenn Hegar,77,26,51,
Gray,3,Comptroller of Public Accounts,,,Over Votes,0,0,0
Gray,3,Comptroller of Public Accounts,,,Under Votes,5,0,5
Gray,3,Comptroller of Public Accounts,,DEM,Joi Chevalier,3,0,3,
Gray,3,Comptroller of Public Accounts,,LIB,Ben Sanders,0,0,0,
Gray,3,Commissioner of the General Land Office,,REP,George P. Bush,79,25,54,
Gray,3,Commissioner of the General Land Office,,,Over Votes,0,0,0
Gray,3,Commissioner of the General Land Office,,,Under Votes,3,0,3
Gray,3,Commissioner of the General Land Office,,DEM,Miguel Suazo,3,1,2,
Gray,3,Commissioner of the General Land Office,,LIB,Matt Piña,0,0,0,
Gray,3,Commissioner of Agriculture,,REP,Sid Miller,80,25,55,
Gray,3,Commissioner of Agriculture,,,Over Votes,0,0,0
Gray,3,Commissioner of Agriculture,,,Under Votes,3,0,3
Gray,3,Commissioner of Agriculture,,DEM,Kim Olson,1,0,1,
Gray,3,Commissioner of Agriculture,,LIB,Richard Carpenter,1,1,0,
Gray,3,Railroad Commissioner,,REP,Christi Craddick,76,25,51,
Gray,3,Railroad Commissioner,,,Over Votes,0,0,0
Gray,3,Railroad Commissioner,,,Under Votes,6,0,6
Gray,3,Railroad Commissioner,,DEM,Roman McAllen,2,1,1,
Gray,3,Railroad Commissioner,,LIB,Mike Wright,1,0,1,
Gray,3,"Justice, Supreme Court, Place 2",,REP,Jimmy Blacklock,79,26,53,
Gray,3,"Justice, Supreme Court, Place 2",,,Over Votes,0,0,0
Gray,3,"Justice, Supreme Court, Place 2",,,Under Votes,6,0,6
Gray,3,"Justice, Supreme Court, Place 2",,DEM,Steven Kirkland,0,0,0,
Gray,3,"Justice, Supreme Court, Place 4",,REP,John Devine,78,26,52,
Gray,3,"Justice, Supreme Court, Place 4",,,Over Votes,0,0,0
Gray,3,"Justice, Supreme Court, Place 4",,,Under Votes,6,0,6
Gray,3,"Justice, Supreme Court, Place 4",,DEM,R.K. Sandill,1,0,1,
Gray,3,"Justice, Supreme Court, Place 6",,REP,Jeff Brown,79,26,53,
Gray,3,"Justice, Supreme Court, Place 6",,,Over Votes,0,0,0
Gray,3,"Justice, Supreme Court, Place 6",,,Under Votes,6,0,6
Gray,3,"Justice, Supreme Court, Place 6",,DEM,Kathy Cheng,0,0,0,
Gray,3,"Presiding Judge, Court of Criminal Appeals",,REP,Sharon Keller,78,26,52,
Gray,3,"Presiding Judge, Court of Criminal Appeals",,,Over Votes,0,0,0
Gray,3,"Presiding Judge, Court of Criminal Appeals",,,Under Votes,7,0,7
Gray,3,"Presiding Judge, Court of Criminal Appeals",,DEM,Maria T. (Terri) Jackson,0,0,0,
Gray,3,"Presiding Judge, Court of Criminal Appeals",,LIB,William Bryan Strange III,0,0,0,
Gray,3,"Judge, Court of Criminal Appeals, Place 7",,REP,Barbara Parker Hervey,77,25,52,
Gray,3,"Judge, Court of Criminal Appeals, Place 7",,,Over Votes,0,0,0
Gray,3,"Judge, Court of Criminal Appeals, Place 7",,,Under Votes,7,0,7
Gray,3,"Judge, Court of Criminal Appeals, Place 7",,DEM,Ramona Franklin,1,1,0,
Gray,3,"Judge, Court of Criminal Appeals, Place 8",,REP,Michelle Slaughter,77,26,51,
Gray,3,"Judge, Court of Criminal Appeals, Place 8",,,Over Votes,0,0,0
Gray,3,"Judge, Court of Criminal Appeals, Place 8",,,Under Votes,7,0,7
Gray,3,"Judge, Court of Criminal Appeals, Place 8",,LIB,Mark Ash,1,0,1,
Gray,3,State Senator,No. 31,REP,Kel Seliger,83,26,57,
Gray,3,State Senator,No. 31,,Over Votes,0,0,0
Gray,3,State Senator,No. 31,,Under Votes,1,0,1
Gray,3,State Senator,No. 31,DEM,Jack B. Westbrook,1,0,1,
Gray,3,State Representative,No. 88,REP,Ken King,82,26,56,
Gray,3,State Representative,No. 88,,Over Votes,0,0,0
Gray,3,State Representative,No. 88,,Under Votes,2,0,2
Gray,3,State Representative,No. 88,DEM,Ezekiel Barron,1,0,1,
Gray,3,"Justice, 7th Court of Appeals District, Place No. 2",,REP,Judy Parker,77,25,52,
Gray,3,"Justice, 7th Court of Appeals District, Place No. 2",,,Over Votes,0,0,0
Gray,3,"Justice, 7th Court of Appeals District, Place No. 2",,,Under Votes,8,1,7
Gray,3,"Justice, 7th Court of Appeals District, Place No. 3",,REP,Pat Pirtle,79,26,53,
Gray,3,"Justice, 7th Court of Appeals District, Place No. 3",,,Over Votes,0,0,0
Gray,3,"Justice, 7th Court of Appeals District, Place No. 3",,,Under Votes,6,0,6
Gray,3,"District Judge, 31st Judicial District",,REP,Steven R. Emmert,80,26,54,
Gray,3,"District Judge, 31st Judicial District",,,Over Votes,0,0,0
Gray,3,"District Judge, 31st Judicial District",,,Under Votes,5,0,5
Gray,3,"District Judge, 223rd Judicial District",,REP,Phil N. Vanderpool,82,26,56,
Gray,3,"District Judge, 223rd Judicial District",,,Over Votes,0,0,0
Gray,3,"District Judge, 223rd Judicial District",,,Under Votes,3,0,3
Gray,3,County Judge,,REP,Chris Porter,81,26,55,
Gray,3,County Judge,,,Over Votes,0,0,0
Gray,3,County Judge,,,Under Votes,4,0,4
Gray,3,District Clerk,,REP,Jo Mays,81,26,55,
Gray,3,District Clerk,,,Over Votes,0,0,0
Gray,3,District Clerk,,,Under Votes,4,0,4
Gray,3,County Clerk,,REP,Jeanne Horton,81,25,56,
Gray,3,County Clerk,,,Over Votes,0,0,0
Gray,3,County Clerk,,,Under Votes,4,1,3
Gray,3,County Treasurer,,REP,Scott Hahn,81,26,55,
Gray,3,County Treasurer,,,Over Votes,0,0,0
Gray,3,County Treasurer,,,Under Votes,4,0,4
Gray,3,"Justice of the Peace, Precinct 1 and  3",,REP,Joe Patrick Martinez,82,26,56,
Gray,3,"Justice of the Peace, Precinct 1 and  3",,,Over Votes,0,0,0
Gray,3,"Justice of the Peace, Precinct 1 and  3",,,Under Votes,3,0,3
Gray,4,Ballots Cast,,,,418,79,339,
Gray,4,Straight Party,,REP,Republican Party,232,40,192,
Gray,4,Straight Party,,,Over Votes,0,0,0
Gray,4,Straight Party,,,Under Votes,162,28,134
Gray,4,Straight Party,,DEM,Democratic Party,23,11,12,
Gray,4,Straight Party,,LIB,Libertarian Party,1,0,1,
Gray,4,United States Senator,,REP,Ted Cruz,367,59,308,
Gray,4,United States Senator,,,Over Votes,0,0,0
Gray,4,United States Senator,,,Under Votes,9,3,6
Gray,4,United States Senator,,DEM,Beto O'Rourke,41,17,24,
Gray,4,United States Senator,,LIB,Neal M. Dikeman,1,0,1,
Gray,4,United States Representative,13,REP,Mac Thornberry,381,59,322,
Gray,4,United States Representative,13,,Over Votes,0,0,0
Gray,4,United States Representative,13,,Under Votes,5,3,2
Gray,4,United States Representative,13,DEM,Greg Sagan,30,16,14,
Gray,4,United States Representative,13,LIB,Calvin DeWeese,2,1,1,
Gray,4,Governor,,REP,Greg Abbott,378,64,314,
Gray,4,Governor,,,Over Votes,0,0,0
Gray,4,Governor,,,Under Votes,3,1,2
Gray,4,Governor,,DEM,Lupe Valdez,36,14,22,
Gray,4,Governor,,LIB,Mark Jay Tippetts,1,0,1,
Gray,4,Lieutenant Governor,,REP,Dan Patrick,359,61,298,
Gray,4,Lieutenant Governor,,,Over Votes,0,0,0
Gray,4,Lieutenant Governor,,,Under Votes,4,1,3
Gray,4,Lieutenant Governor,,DEM,Mike Collier,53,17,36,
Gray,4,Lieutenant Governor,,LIB,Kerry Douglas McKennon,2,0,2,
Gray,4,Attorney General,,REP,Ken Paxton,371,61,310,
Gray,4,Attorney General,,,Over Votes,0,0,0
Gray,4,Attorney General,,,Under Votes,4,1,3
Gray,4,Attorney General,,DEM,Justin Nelson,41,17,24,
Gray,4,Attorney General,,LIB,Michael Ray Harris,2,0,2,
Gray,4,Comptroller of Public Accounts,,REP,Glenn Hegar,372,60,312,
Gray,4,Comptroller of Public Accounts,,,Over Votes,0,0,0
Gray,4,Comptroller of Public Accounts,,,Under Votes,5,1,4
Gray,4,Comptroller of Public Accounts,,DEM,Joi Chevalier,38,17,21,
Gray,4,Comptroller of Public Accounts,,LIB,Ben Sanders,3,1,2,
Gray,4,Commissioner of the General Land Office,,REP,George P. Bush,364,56,308,
Gray,4,Commissioner of the General Land Office,,,Over Votes,0,0,0
Gray,4,Commissioner of the General Land Office,,,Under Votes,7,2,5
Gray,4,Commissioner of the General Land Office,,DEM,Miguel Suazo,35,17,18,
Gray,4,Commissioner of the General Land Office,,LIB,Matt Piña,12,4,8,
Gray,4,Commissioner of Agriculture,,REP,Sid Miller,373,61,312,
Gray,4,Commissioner of Agriculture,,,Over Votes,0,0,0
Gray,4,Commissioner of Agriculture,,,Under Votes,6,1,5
Gray,4,Commissioner of Agriculture,,DEM,Kim Olson,37,16,21,
Gray,4,Commissioner of Agriculture,,LIB,Richard Carpenter,2,1,1,
Gray,4,Railroad Commissioner,,REP,Christi Craddick,369,59,310,
Gray,4,Railroad Commissioner,,,Over Votes,0,0,0
Gray,4,Railroad Commissioner,,,Under Votes,5,1,4
Gray,4,Railroad Commissioner,,DEM,Roman McAllen,39,18,21,
Gray,4,Railroad Commissioner,,LIB,Mike Wright,5,1,4,
Gray,4,"Justice, Supreme Court, Place 2",,REP,Jimmy Blacklock,367,59,308,
Gray,4,"Justice, Supreme Court, Place 2",,,Over Votes,0,0,0
Gray,4,"Justice, Supreme Court, Place 2",,,Under Votes,6,1,5
Gray,4,"Justice, Supreme Court, Place 2",,DEM,Steven Kirkland,45,19,26,
Gray,4,"Justice, Supreme Court, Place 4",,REP,John Devine,372,60,312,
Gray,4,"Justice, Supreme Court, Place 4",,,Over Votes,0,0,0
Gray,4,"Justice, Supreme Court, Place 4",,,Under Votes,4,1,3
Gray,4,"Justice, Supreme Court, Place 4",,DEM,R.K. Sandill,42,18,24,
Gray,4,"Justice, Supreme Court, Place 6",,REP,Jeff Brown,374,59,315,
Gray,4,"Justice, Supreme Court, Place 6",,,Over Votes,0,0,0
Gray,4,"Justice, Supreme Court, Place 6",,,Under Votes,5,1,4
Gray,4,"Justice, Supreme Court, Place 6",,DEM,Kathy Cheng,39,19,20,
Gray,4,"Presiding Judge, Court of Criminal Appeals",,REP,Sharon Keller,371,59,312,
Gray,4,"Presiding Judge, Court of Criminal Appeals",,,Over Votes,0,0,0
Gray,4,"Presiding Judge, Court of Criminal Appeals",,,Under Votes,6,1,5
Gray,4,"Presiding Judge, Court of Criminal Appeals",,DEM,Maria T. (Terri) Jackson,39,18,21,
Gray,4,"Presiding Judge, Court of Criminal Appeals",,LIB,William Bryan Strange III,2,1,1,
Gray,4,"Judge, Court of Criminal Appeals, Place 7",,REP,Barbara Parker Hervey,372,59,313,
Gray,4,"Judge, Court of Criminal Appeals, Place 7",,,Over Votes,0,0,0
Gray,4,"Judge, Court of Criminal Appeals, Place 7",,,Under Votes,6,2,4
Gray,4,"Judge, Court of Criminal Appeals, Place 7",,DEM,Ramona Franklin,40,18,22,
Gray,4,"Judge, Court of Criminal Appeals, Place 8",,REP,Michelle Slaughter,379,61,318,
Gray,4,"Judge, Court of Criminal Appeals, Place 8",,,Over Votes,0,0,0
Gray,4,"Judge, Court of Criminal Appeals, Place 8",,,Under Votes,29,13,16
Gray,4,"Judge, Court of Criminal Appeals, Place 8",,LIB,Mark Ash,10,5,5,
Gray,4,State Senator,No. 31,REP,Kel Seliger,376,58,318,
Gray,4,State Senator,No. 31,,Over Votes,0,0,0
Gray,4,State Senator,No. 31,,Under Votes,5,2,3
Gray,4,State Senator,No. 31,DEM,Jack B. Westbrook,37,19,18,
Gray,4,State Representative,No. 88,REP,Ken King,379,61,318,
Gray,4,State Representative,No. 88,,Over Votes,0,0,0
Gray,4,State Representative,No. 88,,Under Votes,7,2,5
Gray,4,State Representative,No. 88,DEM,Ezekiel Barron,32,16,16,
Gray,4,"Justice, 7th Court of Appeals District, Place No. 2",,REP,Judy Parker,380,61,319,
Gray,4,"Justice, 7th Court of Appeals District, Place No. 2",,,Over Votes,0,0,0
Gray,4,"Justice, 7th Court of Appeals District, Place No. 2",,,Under Votes,38,18,20
Gray,4,"Justice, 7th Court of Appeals District, Place No. 3",,REP,Pat Pirtle,380,61,319,
Gray,4,"Justice, 7th Court of Appeals District, Place No. 3",,,Over Votes,0,0,0
Gray,4,"Justice, 7th Court of Appeals District, Place No. 3",,,Under Votes,38,18,20
Gray,4,"District Judge, 31st Judicial District",,REP,Steven R. Emmert,382,63,319,
Gray,4,"District Judge, 31st Judicial District",,,Over Votes,0,0,0
Gray,4,"District Judge, 31st Judicial District",,,Under Votes,36,16,20
Gray,4,"District Judge, 223rd Judicial District",,REP,Phil N. Vanderpool,382,63,319,
Gray,4,"District Judge, 223rd Judicial District",,,Over Votes,0,0,0
Gray,4,"District Judge, 223rd Judicial District",,,Under Votes,36,16,20
Gray,4,County Judge,,REP,Chris Porter,379,64,315,
Gray,4,County Judge,,,Over Votes,0,0,0
Gray,4,County Judge,,,Under Votes,39,15,24
Gray,4,District Clerk,,REP,Jo Mays,381,64,317,
Gray,4,District Clerk,,,Over Votes,0,0,0
Gray,4,District Clerk,,,Under Votes,37,15,22
Gray,4,County Clerk,,REP,Jeanne Horton,380,64,316,
Gray,4,County Clerk,,,Over Votes,0,0,0
Gray,4,County Clerk,,,Under Votes,38,15,23
Gray,4,County Treasurer,,REP,Scott Hahn,380,64,316,
Gray,4,County Treasurer,,,Over Votes,0,0,0
Gray,4,County Treasurer,,,Under Votes,38,15,23
Gray,4,"County Commissioner, Precinct No. 4",,REP,Jeff Haley,378,63,315,
Gray,4,"County Commissioner, Precinct No. 4",,,Over Votes,0,0,0
Gray,4,"County Commissioner, Precinct No. 4",,,Under Votes,40,16,24
Gray,4,"Justice of the Peace, Precinct 2 and 4",,REP,Connie Ogle,379,64,315,
Gray,4,"Justice of the Peace, Precinct 2 and 4",,,Over Votes,0,0,0
Gray,4,"Justice of the Peace, Precinct 2 and 4",,,Under Votes,39,15,24
Gray,5,Ballots Cast,,,,1571,1161,410,
Gray,5,Straight Party,,REP,Republican Party,895,689,206,
Gray,5,Straight Party,,,Over Votes,0,0,0
Gray,5,Straight Party,,,Under Votes,593,414,179
Gray,5,Straight Party,,DEM,Democratic Party,82,58,24,
Gray,5,Straight Party,,LIB,Libertarian Party,1,0,1,
Gray,5,United States Senator,,REP,Ted Cruz,1367,1012,355,
Gray,5,United States Senator,,,Over Votes,0,0,0
Gray,5,United States Senator,,,Under Votes,32,25,7
Gray,5,United States Senator,,DEM,Beto O'Rourke,160,114,46,
Gray,5,United States Senator,,LIB,Neal M. Dikeman,10,8,2,
Gray,5,United States Representative,13,REP,Mac Thornberry,1390,1028,362,
Gray,5,United States Representative,13,,Over Votes,0,0,0
Gray,5,United States Representative,13,,Under Votes,23,18,5
Gray,5,United States Representative,13,DEM,Greg Sagan,135,97,38,
Gray,5,United States Representative,13,LIB,Calvin DeWeese,21,16,5,
Gray,5,Governor,,REP,Greg Abbott,1396,1038,358,
Gray,5,Governor,,,Over Votes,0,0,0
Gray,5,Governor,,,Under Votes,9,5,4
Gray,5,Governor,,DEM,Lupe Valdez,146,102,44,
Gray,5,Governor,,LIB,Mark Jay Tippetts,18,14,4,
Gray,5,Lieutenant Governor,,REP,Dan Patrick,1300,961,339,
Gray,5,Lieutenant Governor,,,Over Votes,0,0,0
Gray,5,Lieutenant Governor,,,Under Votes,26,19,7
Gray,5,Lieutenant Governor,,DEM,Mike Collier,205,149,56,
Gray,5,Lieutenant Governor,,LIB,Kerry Douglas McKennon,38,30,8,
Gray,5,Attorney General,,REP,Ken Paxton,1355,1005,350,
Gray,5,Attorney General,,,Over Votes,0,0,0
Gray,5,Attorney General,,,Under Votes,21,15,6
Gray,5,Attorney General,,DEM,Justin Nelson,165,119,46,
Gray,5,Attorney General,,LIB,Michael Ray Harris,28,20,8,
Gray,5,Comptroller of Public Accounts,,REP,Glenn Hegar,1373,1018,355,
Gray,5,Comptroller of Public Accounts,,,Over Votes,0,0,0
Gray,5,Comptroller of Public Accounts,,,Under Votes,33,23,10
Gray,5,Comptroller of Public Accounts,,DEM,Joi Chevalier,140,103,37,
Gray,5,Comptroller of Public Accounts,,LIB,Ben Sanders,23,15,8,
Gray,5,Commissioner of the General Land Office,,REP,George P. Bush,1351,1004,347,
Gray,5,Commissioner of the General Land Office,,,Over Votes,0,0,0
Gray,5,Commissioner of the General Land Office,,,Under Votes,25,17,8
Gray,5,Commissioner of the General Land Office,,DEM,Miguel Suazo,158,112,46,
Gray,5,Commissioner of the General Land Office,,LIB,Matt Piña,35,26,9,
Gray,5,Commissioner of Agriculture,,REP,Sid Miller,1356,1007,349,
Gray,5,Commissioner of Agriculture,,,Over Votes,0,0,0
Gray,5,Commissioner of Agriculture,,,Under Votes,32,21,11
Gray,5,Commissioner of Agriculture,,DEM,Kim Olson,159,115,44,
Gray,5,Commissioner of Agriculture,,LIB,Richard Carpenter,22,16,6,
Gray,5,Railroad Commissioner,,REP,Christi Craddick,1365,1018,347,
Gray,5,Railroad Commissioner,,,Over Votes,0,0,0
Gray,5,Railroad Commissioner,,,Under Votes,29,19,10
Gray,5,Railroad Commissioner,,DEM,Roman McAllen,143,102,41,
Gray,5,Railroad Commissioner,,LIB,Mike Wright,32,20,12,
Gray,5,"Justice, Supreme Court, Place 2",,REP,Jimmy Blacklock,1383,1032,351,
Gray,5,"Justice, Supreme Court, Place 2",,,Over Votes,0,0,0
Gray,5,"Justice, Supreme Court, Place 2",,,Under Votes,28,18,10
Gray,5,"Justice, Supreme Court, Place 2",,DEM,Steven Kirkland,158,109,49,
Gray,5,"Justice, Supreme Court, Place 4",,REP,John Devine,1386,1031,355,
Gray,5,"Justice, Supreme Court, Place 4",,,Over Votes,0,0,0
Gray,5,"Justice, Supreme Court, Place 4",,,Under Votes,30,19,11
Gray,5,"Justice, Supreme Court, Place 4",,DEM,R.K. Sandill,153,109,44,
Gray,5,"Justice, Supreme Court, Place 6",,REP,Jeff Brown,1391,1034,357,
Gray,5,"Justice, Supreme Court, Place 6",,,Over Votes,0,0,0
Gray,5,"Justice, Supreme Court, Place 6",,,Under Votes,27,17,10
Gray,5,"Justice, Supreme Court, Place 6",,DEM,Kathy Cheng,151,108,43,
Gray,5,"Presiding Judge, Court of Criminal Appeals",,REP,Sharon Keller,1384,1029,355,
Gray,5,"Presiding Judge, Court of Criminal Appeals",,,Over Votes,0,0,0
Gray,5,"Presiding Judge, Court of Criminal Appeals",,,Under Votes,25,17,8
Gray,5,"Presiding Judge, Court of Criminal Appeals",,DEM,Maria T. (Terri) Jackson,143,102,41,
Gray,5,"Presiding Judge, Court of Criminal Appeals",,LIB,William Bryan Strange III,17,11,6,
Gray,5,"Judge, Court of Criminal Appeals, Place 7",,REP,Barbara Parker Hervey,1376,1024,352,
Gray,5,"Judge, Court of Criminal Appeals, Place 7",,,Over Votes,0,0,0
Gray,5,"Judge, Court of Criminal Appeals, Place 7",,,Under Votes,44,30,14
Gray,5,"Judge, Court of Criminal Appeals, Place 7",,DEM,Ramona Franklin,149,105,44,
Gray,5,"Judge, Court of Criminal Appeals, Place 8",,REP,Michelle Slaughter,1397,1035,362,
Gray,5,"Judge, Court of Criminal Appeals, Place 8",,,Over Votes,0,0,0
Gray,5,"Judge, Court of Criminal Appeals, Place 8",,,Under Votes,115,84,31
Gray,5,"Judge, Court of Criminal Appeals, Place 8",,LIB,Mark Ash,57,40,17,
Gray,5,State Senator,No. 31,REP,Kel Seliger,1393,1033,360,
Gray,5,State Senator,No. 31,,Over Votes,0,0,0
Gray,5,State Senator,No. 31,,Under Votes,21,16,5
Gray,5,State Senator,No. 31,DEM,Jack B. Westbrook,155,110,45,
Gray,5,State Representative,No. 88,REP,Ken King,1389,1028,361,
Gray,5,State Representative,No. 88,,Over Votes,0,0,0
Gray,5,State Representative,No. 88,,Under Votes,28,20,8
Gray,5,State Representative,No. 88,DEM,Ezekiel Barron,152,111,41,
Gray,5,"Justice, 7th Court of Appeals District, Place No. 2",,REP,Judy Parker,1408,1039,369,
Gray,5,"Justice, 7th Court of Appeals District, Place No. 2",,,Over Votes,0,0,0
Gray,5,"Justice, 7th Court of Appeals District, Place No. 2",,,Under Votes,161,120,41
Gray,5,"Justice, 7th Court of Appeals District, Place No. 3",,REP,Pat Pirtle,1410,1041,369,
Gray,5,"Justice, 7th Court of Appeals District, Place No. 3",,,Over Votes,0,0,0
Gray,5,"Justice, 7th Court of Appeals District, Place No. 3",,,Under Votes,159,118,41
Gray,5,"District Judge, 31st Judicial District",,REP,Steven R. Emmert,1417,1053,364,
Gray,5,"District Judge, 31st Judicial District",,,Over Votes,0,0,0
Gray,5,"District Judge, 31st Judicial District",,,Under Votes,152,106,46
Gray,5,"District Judge, 223rd Judicial District",,REP,Phil N. Vanderpool,1422,1053,369,
Gray,5,"District Judge, 223rd Judicial District",,,Over Votes,0,0,0
Gray,5,"District Judge, 223rd Judicial District",,,Under Votes,147,106,41
Gray,5,County Judge,,REP,Chris Porter,1424,1053,371,
Gray,5,County Judge,,,Over Votes,0,0,0
Gray,5,County Judge,,,Under Votes,145,106,39
Gray,5,District Clerk,,REP,Jo Mays,1426,1057,369,
Gray,5,District Clerk,,,Over Votes,0,0,0
Gray,5,District Clerk,,,Under Votes,143,102,41
Gray,5,County Clerk,,REP,Jeanne Horton,1423,1055,368,
Gray,5,County Clerk,,,Over Votes,0,0,0
Gray,5,County Clerk,,,Under Votes,146,104,42
Gray,5,County Treasurer,,REP,Scott Hahn,1406,1042,364,
Gray,5,County Treasurer,,,Over Votes,0,0,0
Gray,5,County Treasurer,,,Under Votes,163,117,46
Gray,5,"Justice of the Peace, Precinct 1 and  3",,REP,Joe Patrick Martinez,1439,1065,374,
Gray,5,"Justice of the Peace, Precinct 1 and  3",,,Over Votes,0,0,0
Gray,5,"Justice of the Peace, Precinct 1 and  3",,,Under Votes,130,94,36
Gray,5,Ballots Cast,,,,24,11,13,
Gray,5,Straight Party,,REP,Republican Party,10,1,9,
Gray,5,Straight Party,,,Over Votes,0,0,0
Gray,5,Straight Party,,,Under Votes,14,10,4
Gray,5,Straight Party,,DEM,Democratic Party,0,0,0,
Gray,5,Straight Party,,LIB,Libertarian Party,0,0,0,
Gray,5,United States Senator,,REP,Ted Cruz,20,8,12,
Gray,5,United States Senator,,,Over Votes,0,0,0
Gray,5,United States Senator,,,Under Votes,0,0,0
Gray,5,United States Senator,,DEM,Beto O'Rourke,4,3,1,
Gray,5,United States Senator,,LIB,Neal M. Dikeman,0,0,0,
Gray,5,United States Representative,13,REP,Mac Thornberry,19,7,12,
Gray,5,United States Representative,13,,Over Votes,0,0,0
Gray,5,United States Representative,13,,Under Votes,1,1,0
Gray,5,United States Representative,13,DEM,Greg Sagan,3,3,0,
Gray,5,United States Representative,13,LIB,Calvin DeWeese,1,0,1,
Gray,5,Governor,,REP,Greg Abbott,18,6,12,
Gray,5,Governor,,,Over Votes,0,0,0
Gray,5,Governor,,,Under Votes,0,0,0
Gray,5,Governor,,DEM,Lupe Valdez,4,3,1,
Gray,5,Governor,,LIB,Mark Jay Tippetts,2,2,0,
Gray,5,Lieutenant Governor,,REP,Dan Patrick,16,4,12,
Gray,5,Lieutenant Governor,,,Over Votes,0,0,0
Gray,5,Lieutenant Governor,,,Under Votes,0,0,0
Gray,5,Lieutenant Governor,,DEM,Mike Collier,7,7,0,
Gray,5,Lieutenant Governor,,LIB,Kerry Douglas McKennon,1,0,1,
Gray,5,Attorney General,,REP,Ken Paxton,17,5,12,
Gray,5,Attorney General,,,Over Votes,0,0,0
Gray,5,Attorney General,,,Under Votes,1,1,0
Gray,5,Attorney General,,DEM,Justin Nelson,4,3,1,
Gray,5,Attorney General,,LIB,Michael Ray Harris,2,2,0,
Gray,5,Comptroller of Public Accounts,,REP,Glenn Hegar,18,6,12,
Gray,5,Comptroller of Public Accounts,,,Over Votes,0,0,0
Gray,5,Comptroller of Public Accounts,,,Under Votes,1,1,0
Gray,5,Comptroller of Public Accounts,,DEM,Joi Chevalier,4,3,1,
Gray,5,Comptroller of Public Accounts,,LIB,Ben Sanders,1,1,0,
Gray,5,Commissioner of the General Land Office,,REP,George P. Bush,17,5,12,
Gray,5,Commissioner of the General Land Office,,,Over Votes,0,0,0
Gray,5,Commissioner of the General Land Office,,,Under Votes,1,1,0
Gray,5,Commissioner of the General Land Office,,DEM,Miguel Suazo,6,5,1,
Gray,5,Commissioner of the General Land Office,,LIB,Matt Piña,0,0,0,
Gray,5,Commissioner of Agriculture,,REP,Sid Miller,17,5,12,
Gray,5,Commissioner of Agriculture,,,Over Votes,0,0,0
Gray,5,Commissioner of Agriculture,,,Under Votes,1,1,0
Gray,5,Commissioner of Agriculture,,DEM,Kim Olson,3,3,0,
Gray,5,Commissioner of Agriculture,,LIB,Richard Carpenter,3,2,1,
Gray,5,Railroad Commissioner,,REP,Christi Craddick,20,8,12,
Gray,5,Railroad Commissioner,,,Over Votes,0,0,0
Gray,5,Railroad Commissioner,,,Under Votes,0,0,0
Gray,5,Railroad Commissioner,,DEM,Roman McAllen,3,3,0,
Gray,5,Railroad Commissioner,,LIB,Mike Wright,1,0,1,
Gray,5,"Justice, Supreme Court, Place 2",,REP,Jimmy Blacklock,19,7,12,
Gray,5,"Justice, Supreme Court, Place 2",,,Over Votes,0,0,0
Gray,5,"Justice, Supreme Court, Place 2",,,Under Votes,1,1,0
Gray,5,"Justice, Supreme Court, Place 2",,DEM,Steven Kirkland,4,3,1,
Gray,5,"Justice, Supreme Court, Place 4",,REP,John Devine,19,7,12,
Gray,5,"Justice, Supreme Court, Place 4",,,Over Votes,0,0,0
Gray,5,"Justice, Supreme Court, Place 4",,,Under Votes,1,1,0
Gray,5,"Justice, Supreme Court, Place 4",,DEM,R.K. Sandill,4,3,1,
Gray,5,"Justice, Supreme Court, Place 6",,REP,Jeff Brown,19,7,12,
Gray,5,"Justice, Supreme Court, Place 6",,,Over Votes,0,0,0
Gray,5,"Justice, Supreme Court, Place 6",,,Under Votes,1,1,0
Gray,5,"Justice, Supreme Court, Place 6",,DEM,Kathy Cheng,4,3,1,
Gray,5,"Presiding Judge, Court of Criminal Appeals",,REP,Sharon Keller,20,7,13,
Gray,5,"Presiding Judge, Court of Criminal Appeals",,,Over Votes,0,0,0
Gray,5,"Presiding Judge, Court of Criminal Appeals",,,Under Votes,1,1,0
Gray,5,"Presiding Judge, Court of Criminal Appeals",,DEM,Maria T. (Terri) Jackson,3,3,0,
Gray,5,"Presiding Judge, Court of Criminal Appeals",,LIB,William Bryan Strange III,0,0,0,
Gray,5,"Judge, Court of Criminal Appeals, Place 7",,REP,Barbara Parker Hervey,19,7,12,
Gray,5,"Judge, Court of Criminal Appeals, Place 7",,,Over Votes,0,0,0
Gray,5,"Judge, Court of Criminal Appeals, Place 7",,,Under Votes,1,1,0
Gray,5,"Judge, Court of Criminal Appeals, Place 7",,DEM,Ramona Franklin,4,3,1,
Gray,5,"Judge, Court of Criminal Appeals, Place 8",,REP,Michelle Slaughter,20,7,13,
Gray,5,"Judge, Court of Criminal Appeals, Place 8",,,Over Votes,0,0,0
Gray,5,"Judge, Court of Criminal Appeals, Place 8",,,Under Votes,3,3,0
Gray,5,"Judge, Court of Criminal Appeals, Place 8",,LIB,Mark Ash,1,1,0,
Gray,5,State Senator,No. 31,REP,Kel Seliger,20,7,13,
Gray,5,State Senator,No. 31,,Over Votes,0,0,0
Gray,5,State Senator,No. 31,,Under Votes,1,1,0
Gray,5,State Senator,No. 31,DEM,Jack B. Westbrook,3,3,0,
Gray,5,State Representative,No. 88,REP,Ken King,19,7,12,
Gray,5,State Representative,No. 88,,Over Votes,0,0,0
Gray,5,State Representative,No. 88,,Under Votes,1,1,0
Gray,5,State Representative,No. 88,DEM,Ezekiel Barron,4,3,1,
Gray,5,"Justice, 7th Court of Appeals District, Place No. 2",,REP,Judy Parker,18,5,13,
Gray,5,"Justice, 7th Court of Appeals District, Place No. 2",,,Over Votes,0,0,0
Gray,5,"Justice, 7th Court of Appeals District, Place No. 2",,,Under Votes,6,6,0
Gray,5,"Justice, 7th Court of Appeals District, Place No. 3",,REP,Pat Pirtle,18,5,13,
Gray,5,"Justice, 7th Court of Appeals District, Place No. 3",,,Over Votes,0,0,0
Gray,5,"Justice, 7th Court of Appeals District, Place No. 3",,,Under Votes,6,6,0
Gray,5,"District Judge, 31st Judicial District",,REP,Steven R. Emmert,17,5,12,
Gray,5,"District Judge, 31st Judicial District",,,Over Votes,0,0,0
Gray,5,"District Judge, 31st Judicial District",,,Under Votes,7,6,1
Gray,5,"District Judge, 223rd Judicial District",,REP,Phil N. Vanderpool,18,5,13,
Gray,5,"District Judge, 223rd Judicial District",,,Over Votes,0,0,0
Gray,5,"District Judge, 223rd Judicial District",,,Under Votes,6,6,0
Gray,5,County Judge,,REP,Chris Porter,18,5,13,
Gray,5,County Judge,,,Over Votes,0,0,0
Gray,5,County Judge,,,Under Votes,6,6,0
Gray,5,District Clerk,,REP,Jo Mays,18,5,13,
Gray,5,District Clerk,,,Over Votes,0,0,0
Gray,5,District Clerk,,,Under Votes,6,6,0
Gray,5,County Clerk,,REP,Jeanne Horton,18,5,13,
Gray,5,County Clerk,,,Over Votes,0,0,0
Gray,5,County Clerk,,,Under Votes,6,6,0
Gray,5,County Treasurer,,REP,Scott Hahn,18,5,13,
Gray,5,County Treasurer,,,Over Votes,0,0,0
Gray,5,County Treasurer,,,Under Votes,6,6,0
Gray,5,"Justice of the Peace, Precinct 1 and  3",,REP,Joe Patrick Martinez,18,5,13,
Gray,5,"Justice of the Peace, Precinct 1 and  3",,,Over Votes,0,0,0
Gray,5,"Justice of the Peace, Precinct 1 and  3",,,Under Votes,6,6,0
Gray,5,Miami Independent School District Board has three positions to be elected.,,||N,Ryan Windley,10,7,3,
Gray,5,Miami Independent School District Board has three positions to be elected.,,,Over Votes,0,0,0
Gray,5,Miami Independent School District Board has three positions to be elected.,,,Under Votes,42,14,28
Gray,5,Miami Independent School District Board has three positions to be elected.,,||N,Mark Roberson,8,6,2,
Gray,5,Miami Independent School District Board has three positions to be elected.,,||N,Leslie Ishmael,1,1,0,
Gray,5,Miami Independent School District Board has three positions to be elected.,,||N,Brock Hodges,5,2,3,
Gray,5,Miami Independent School District Board has three positions to be elected.,,||N,Kay Thompson,6,3,3,
Gray,6,Ballots Cast,,,,1604,1200,404,
Gray,6,Straight Party,,REP,Republican Party,910,690,220,
Gray,6,Straight Party,,,Over Votes,0,0,0
Gray,6,Straight Party,,,Under Votes,610,458,152
Gray,6,Straight Party,,DEM,Democratic Party,83,51,32,
Gray,6,Straight Party,,LIB,Libertarian Party,1,1,0,
Gray,6,United States Senator,,REP,Ted Cruz,1424,1077,347,
Gray,6,United States Senator,,,Over Votes,0,0,0
Gray,6,United States Senator,,,Under Votes,22,15,7
Gray,6,United States Senator,,DEM,Beto O'Rourke,149,102,47,
Gray,6,United States Senator,,LIB,Neal M. Dikeman,8,5,3,
Gray,6,United States Representative,13,REP,Mac Thornberry,1426,1080,346,
Gray,6,United States Representative,13,,Over Votes,0,0,0
Gray,6,United States Representative,13,,Under Votes,22,15,7
Gray,6,United States Representative,13,DEM,Greg Sagan,133,90,43,
Gray,6,United States Representative,13,LIB,Calvin DeWeese,22,14,8,
Gray,6,Governor,,REP,Greg Abbott,1447,1094,353,
Gray,6,Governor,,,Over Votes,0,0,0
Gray,6,Governor,,,Under Votes,10,6,4
Gray,6,Governor,,DEM,Lupe Valdez,135,92,43,
Gray,6,Governor,,LIB,Mark Jay Tippetts,11,7,4,
Gray,6,Lieutenant Governor,,REP,Dan Patrick,1318,1003,315,
Gray,6,Lieutenant Governor,,,Over Votes,0,0,0
Gray,6,Lieutenant Governor,,,Under Votes,21,12,9
Gray,6,Lieutenant Governor,,DEM,Mike Collier,237,166,71,
Gray,6,Lieutenant Governor,,LIB,Kerry Douglas McKennon,27,18,9,
Gray,6,Attorney General,,REP,Ken Paxton,1403,1062,341,
Gray,6,Attorney General,,,Over Votes,0,0,0
Gray,6,Attorney General,,,Under Votes,18,12,6
Gray,6,Attorney General,,DEM,Justin Nelson,163,113,50,
Gray,6,Attorney General,,LIB,Michael Ray Harris,19,12,7,
Gray,6,Comptroller of Public Accounts,,REP,Glenn Hegar,1425,1079,346,
Gray,6,Comptroller of Public Accounts,,,Over Votes,0,0,0
Gray,6,Comptroller of Public Accounts,,,Under Votes,24,18,6
Gray,6,Comptroller of Public Accounts,,DEM,Joi Chevalier,125,81,44,
Gray,6,Comptroller of Public Accounts,,LIB,Ben Sanders,29,21,8,
Gray,6,Commissioner of the General Land Office,,REP,George P. Bush,1397,1056,341,
Gray,6,Commissioner of the General Land Office,,,Over Votes,0,0,0
Gray,6,Commissioner of the General Land Office,,,Under Votes,24,19,5
Gray,6,Commissioner of the General Land Office,,DEM,Miguel Suazo,139,92,47,
Gray,6,Commissioner of the General Land Office,,LIB,Matt Piña,43,32,11,
Gray,6,Commissioner of Agriculture,,REP,Sid Miller,1416,1076,340,
Gray,6,Commissioner of Agriculture,,,Over Votes,0,0,0
Gray,6,Commissioner of Agriculture,,,Under Votes,21,16,5
Gray,6,Commissioner of Agriculture,,DEM,Kim Olson,152,101,51,
Gray,6,Commissioner of Agriculture,,LIB,Richard Carpenter,14,6,8,
Gray,6,Railroad Commissioner,,REP,Christi Craddick,1431,1088,343,
Gray,6,Railroad Commissioner,,,Over Votes,0,0,0
Gray,6,Railroad Commissioner,,,Under Votes,20,14,6
Gray,6,Railroad Commissioner,,DEM,Roman McAllen,133,85,48,
Gray,6,Railroad Commissioner,,LIB,Mike Wright,19,12,7,
Gray,6,"Justice, Supreme Court, Place 2",,REP,Jimmy Blacklock,1432,1086,346,
Gray,6,"Justice, Supreme Court, Place 2",,,Over Votes,0,0,0
Gray,6,"Justice, Supreme Court, Place 2",,,Under Votes,24,18,6
Gray,6,"Justice, Supreme Court, Place 2",,DEM,Steven Kirkland,147,95,52,
Gray,6,"Justice, Supreme Court, Place 4",,REP,John Devine,1436,1089,347,
Gray,6,"Justice, Supreme Court, Place 4",,,Over Votes,0,0,0
Gray,6,"Justice, Supreme Court, Place 4",,,Under Votes,26,19,7
Gray,6,"Justice, Supreme Court, Place 4",,DEM,R.K. Sandill,141,91,50,
Gray,6,"Justice, Supreme Court, Place 6",,REP,Jeff Brown,1436,1088,348,
Gray,6,"Justice, Supreme Court, Place 6",,,Over Votes,0,0,0
Gray,6,"Justice, Supreme Court, Place 6",,,Under Votes,26,19,7
Gray,6,"Justice, Supreme Court, Place 6",,DEM,Kathy Cheng,141,92,49,
Gray,6,"Presiding Judge, Court of Criminal Appeals",,REP,Sharon Keller,1419,1076,343,
Gray,6,"Presiding Judge, Court of Criminal Appeals",,,Over Votes,0,0,0
Gray,6,"Presiding Judge, Court of Criminal Appeals",,,Under Votes,29,22,7
Gray,6,"Presiding Judge, Court of Criminal Appeals",,DEM,Maria T. (Terri) Jackson,137,87,50,
Gray,6,"Presiding Judge, Court of Criminal Appeals",,LIB,William Bryan Strange III,18,14,4,
Gray,6,"Judge, Court of Criminal Appeals, Place 7",,REP,Barbara Parker Hervey,1435,1085,350,
Gray,6,"Judge, Court of Criminal Appeals, Place 7",,,Over Votes,0,0,0
Gray,6,"Judge, Court of Criminal Appeals, Place 7",,,Under Votes,30,23,7
Gray,6,"Judge, Court of Criminal Appeals, Place 7",,DEM,Ramona Franklin,138,91,47,
Gray,6,"Judge, Court of Criminal Appeals, Place 8",,REP,Michelle Slaughter,1441,1090,351,
Gray,6,"Judge, Court of Criminal Appeals, Place 8",,,Over Votes,0,0,0
Gray,6,"Judge, Court of Criminal Appeals, Place 8",,,Under Votes,98,66,32
Gray,6,"Judge, Court of Criminal Appeals, Place 8",,LIB,Mark Ash,64,43,21,
Gray,6,State Senator,No. 31,REP,Kel Seliger,1442,1091,351,
Gray,6,State Senator,No. 31,,Over Votes,0,0,0
Gray,6,State Senator,No. 31,,Under Votes,13,10,3
Gray,6,State Senator,No. 31,DEM,Jack B. Westbrook,148,98,50,
Gray,6,State Representative,No. 88,REP,Ken King,1448,1100,348,
Gray,6,State Representative,No. 88,,Over Votes,0,0,0
Gray,6,State Representative,No. 88,,Under Votes,18,14,4
Gray,6,State Representative,No. 88,DEM,Ezekiel Barron,137,85,52,
Gray,6,"Justice, 7th Court of Appeals District, Place No. 2",,REP,Judy Parker,1469,1107,362,
Gray,6,"Justice, 7th Court of Appeals District, Place No. 2",,,Over Votes,0,0,0
Gray,6,"Justice, 7th Court of Appeals District, Place No. 2",,,Under Votes,134,92,42
Gray,6,"Justice, 7th Court of Appeals District, Place No. 3",,REP,Pat Pirtle,1461,1101,360,
Gray,6,"Justice, 7th Court of Appeals District, Place No. 3",,,Over Votes,0,0,0
Gray,6,"Justice, 7th Court of Appeals District, Place No. 3",,,Under Votes,142,98,44
Gray,6,"District Judge, 31st Judicial District",,REP,Steven R. Emmert,1470,1110,360,
Gray,6,"District Judge, 31st Judicial District",,,Over Votes,0,0,0
Gray,6,"District Judge, 31st Judicial District",,,Under Votes,133,89,44
Gray,6,"District Judge, 223rd Judicial District",,REP,Phil N. Vanderpool,1470,1110,360,
Gray,6,"District Judge, 223rd Judicial District",,,Over Votes,0,0,0
Gray,6,"District Judge, 223rd Judicial District",,,Under Votes,133,89,44
Gray,6,County Judge,,REP,Chris Porter,1464,1107,357,
Gray,6,County Judge,,,Over Votes,0,0,0
Gray,6,County Judge,,,Under Votes,139,92,47
Gray,6,District Clerk,,REP,Jo Mays,1479,1115,364,
Gray,6,District Clerk,,,Over Votes,0,0,0
Gray,6,District Clerk,,,Under Votes,124,84,40
Gray,6,County Clerk,,REP,Jeanne Horton,1472,1110,362,
Gray,6,County Clerk,,,Over Votes,0,0,0
Gray,6,County Clerk,,,Under Votes,131,89,42
Gray,6,County Treasurer,,REP,Scott Hahn,1457,1096,361,
Gray,6,County Treasurer,,,Over Votes,0,0,0
Gray,6,County Treasurer,,,Under Votes,146,103,43
Gray,6,"County Commissioner, Precinct No. 4",,REP,Jeff Haley,1469,1105,364,
Gray,6,"County Commissioner, Precinct No. 4",,,Over Votes,0,0,0
Gray,6,"County Commissioner, Precinct No. 4",,,Under Votes,134,94,40
Gray,6,"Justice of the Peace, Precinct 2 and 4",,REP,Connie Ogle,1476,1112,364,
Gray,6,"Justice of the Peace, Precinct 2 and 4",,,Over Votes,0,0,0
Gray,6,"Justice of the Peace, Precinct 2 and 4",,,Under Votes,127,87,40
Gray,7,Ballots Cast,,,,882,573,309,
Gray,7,Straight Party,,REP,Republican Party,503,350,153,
Gray,7,Straight Party,,,Over Votes,0,0,0
Gray,7,Straight Party,,,Under Votes,290,176,114
Gray,7,Straight Party,,DEM,Democratic Party,82,43,39,
Gray,7,Straight Party,,LIB,Libertarian Party,7,4,3,
Gray,7,United States Senator,,REP,Ted Cruz,729,493,236,
Gray,7,United States Senator,,,Over Votes,0,0,0
Gray,7,United States Senator,,,Under Votes,11,5,6
Gray,7,United States Senator,,DEM,Beto O'Rourke,129,67,62,
Gray,7,United States Senator,,LIB,Neal M. Dikeman,12,7,5,
Gray,7,United States Representative,13,REP,Mac Thornberry,731,496,235,
Gray,7,United States Representative,13,,Over Votes,0,0,0
Gray,7,United States Representative,13,,Under Votes,13,10,3
Gray,7,United States Representative,13,DEM,Greg Sagan,117,59,58,
Gray,7,United States Representative,13,LIB,Calvin DeWeese,20,7,13,
Gray,7,Governor,,REP,Greg Abbott,733,495,238,
Gray,7,Governor,,,Over Votes,0,0,0
Gray,7,Governor,,,Under Votes,13,10,3
Gray,7,Governor,,DEM,Lupe Valdez,115,58,57,
Gray,7,Governor,,LIB,Mark Jay Tippetts,20,9,11,
Gray,7,Lieutenant Governor,,REP,Dan Patrick,699,477,222,
Gray,7,Lieutenant Governor,,,Over Votes,0,0,0
Gray,7,Lieutenant Governor,,,Under Votes,17,12,5
Gray,7,Lieutenant Governor,,DEM,Mike Collier,141,68,73,
Gray,7,Lieutenant Governor,,LIB,Kerry Douglas McKennon,24,15,9,
Gray,7,Attorney General,,REP,Ken Paxton,702,476,226,
Gray,7,Attorney General,,,Over Votes,0,0,0
Gray,7,Attorney General,,,Under Votes,15,11,4
Gray,7,Attorney General,,DEM,Justin Nelson,136,70,66,
Gray,7,Attorney General,,LIB,Michael Ray Harris,28,15,13,
Gray,7,Comptroller of Public Accounts,,REP,Glenn Hegar,712,480,232,
Gray,7,Comptroller of Public Accounts,,,Over Votes,0,0,0
Gray,7,Comptroller of Public Accounts,,,Under Votes,22,17,5
Gray,7,Comptroller of Public Accounts,,DEM,Joi Chevalier,109,53,56,
Gray,7,Comptroller of Public Accounts,,LIB,Ben Sanders,38,22,16,
Gray,7,Commissioner of the General Land Office,,REP,George P. Bush,695,468,227,
Gray,7,Commissioner of the General Land Office,,,Over Votes,0,0,0
Gray,7,Commissioner of the General Land Office,,,Under Votes,15,10,5
Gray,7,Commissioner of the General Land Office,,DEM,Miguel Suazo,132,67,65,
Gray,7,Commissioner of the General Land Office,,LIB,Matt Piña,39,27,12,
Gray,7,Commissioner of Agriculture,,REP,Sid Miller,713,482,231,
Gray,7,Commissioner of Agriculture,,,Over Votes,0,0,0
Gray,7,Commissioner of Agriculture,,,Under Votes,16,10,6
Gray,7,Commissioner of Agriculture,,DEM,Kim Olson,125,63,62,
Gray,7,Commissioner of Agriculture,,LIB,Richard Carpenter,27,17,10,
Gray,7,Railroad Commissioner,,REP,Christi Craddick,724,490,234,
Gray,7,Railroad Commissioner,,,Over Votes,0,0,0
Gray,7,Railroad Commissioner,,,Under Votes,16,10,6
Gray,7,Railroad Commissioner,,DEM,Roman McAllen,115,57,58,
Gray,7,Railroad Commissioner,,LIB,Mike Wright,26,15,11,
Gray,7,"Justice, Supreme Court, Place 2",,REP,Jimmy Blacklock,730,493,237,
Gray,7,"Justice, Supreme Court, Place 2",,,Over Votes,0,0,0
Gray,7,"Justice, Supreme Court, Place 2",,,Under Votes,21,16,5
Gray,7,"Justice, Supreme Court, Place 2",,DEM,Steven Kirkland,130,63,67,
Gray,7,"Justice, Supreme Court, Place 4",,REP,John Devine,733,492,241,
Gray,7,"Justice, Supreme Court, Place 4",,,Over Votes,0,0,0
Gray,7,"Justice, Supreme Court, Place 4",,,Under Votes,23,18,5
Gray,7,"Justice, Supreme Court, Place 4",,DEM,R.K. Sandill,125,62,63,
Gray,7,"Justice, Supreme Court, Place 6",,REP,Jeff Brown,730,493,237,
Gray,7,"Justice, Supreme Court, Place 6",,,Over Votes,0,0,0
Gray,7,"Justice, Supreme Court, Place 6",,,Under Votes,22,18,4
Gray,7,"Justice, Supreme Court, Place 6",,DEM,Kathy Cheng,129,61,68,
Gray,7,"Presiding Judge, Court of Criminal Appeals",,REP,Sharon Keller,720,488,232,
Gray,7,"Presiding Judge, Court of Criminal Appeals",,,Over Votes,0,0,0
Gray,7,"Presiding Judge, Court of Criminal Appeals",,,Under Votes,14,7,7
Gray,7,"Presiding Judge, Court of Criminal Appeals",,DEM,Maria T. (Terri) Jackson,124,66,58,
Gray,7,"Presiding Judge, Court of Criminal Appeals",,LIB,William Bryan Strange III,23,11,12,
Gray,7,"Judge, Court of Criminal Appeals, Place 7",,REP,Barbara Parker Hervey,726,492,234,
Gray,7,"Judge, Court of Criminal Appeals, Place 7",,,Over Votes,0,0,0
Gray,7,"Judge, Court of Criminal Appeals, Place 7",,,Under Votes,29,19,10
Gray,7,"Judge, Court of Criminal Appeals, Place 7",,DEM,Ramona Franklin,126,61,65,
Gray,7,"Judge, Court of Criminal Appeals, Place 8",,REP,Michelle Slaughter,733,494,239,
Gray,7,"Judge, Court of Criminal Appeals, Place 8",,,Over Votes,0,0,0
Gray,7,"Judge, Court of Criminal Appeals, Place 8",,,Under Votes,83,49,34
Gray,7,"Judge, Court of Criminal Appeals, Place 8",,LIB,Mark Ash,65,29,36,
Gray,7,State Senator,No. 31,REP,Kel Seliger,731,491,240,
Gray,7,State Senator,No. 31,,Over Votes,0,0,0
Gray,7,State Senator,No. 31,,Under Votes,21,14,7
Gray,7,State Senator,No. 31,DEM,Jack B. Westbrook,129,67,62,
Gray,7,State Representative,No. 88,REP,Ken King,739,496,243,
Gray,7,State Representative,No. 88,,Over Votes,0,0,0
Gray,7,State Representative,No. 88,,Under Votes,22,16,6
Gray,7,State Representative,No. 88,DEM,Ezekiel Barron,120,60,60,
Gray,7,"Justice, 7th Court of Appeals District, Place No. 2",,REP,Judy Parker,762,505,257,
Gray,7,"Justice, 7th Court of Appeals District, Place No. 2",,,Over Votes,0,0,0
Gray,7,"Justice, 7th Court of Appeals District, Place No. 2",,,Under Votes,119,67,52
Gray,7,"Justice, 7th Court of Appeals District, Place No. 3",,REP,Pat Pirtle,758,504,254,
Gray,7,"Justice, 7th Court of Appeals District, Place No. 3",,,Over Votes,0,0,0
Gray,7,"Justice, 7th Court of Appeals District, Place No. 3",,,Under Votes,123,68,55
Gray,7,"District Judge, 31st Judicial District",,REP,Steven R. Emmert,767,508,259,
Gray,7,"District Judge, 31st Judicial District",,,Over Votes,0,0,0
Gray,7,"District Judge, 31st Judicial District",,,Under Votes,114,64,50
Gray,7,"District Judge, 223rd Judicial District",,REP,Phil N. Vanderpool,771,512,259,
Gray,7,"District Judge, 223rd Judicial District",,,Over Votes,0,0,0
Gray,7,"District Judge, 223rd Judicial District",,,Under Votes,110,60,50
Gray,7,County Judge,,REP,Chris Porter,774,514,260,
Gray,7,County Judge,,,Over Votes,0,0,0
Gray,7,County Judge,,,Under Votes,107,58,49
Gray,7,District Clerk,,REP,Jo Mays,777,517,260,
Gray,7,District Clerk,,,Over Votes,0,0,0
Gray,7,District Clerk,,,Under Votes,104,55,49
Gray,7,County Clerk,,REP,Jeanne Horton,774,515,259,
Gray,7,County Clerk,,,Over Votes,0,0,0
Gray,7,County Clerk,,,Under Votes,107,57,50
Gray,7,County Treasurer,,REP,Scott Hahn,772,514,258,
Gray,7,County Treasurer,,,Over Votes,0,0,0
Gray,7,County Treasurer,,,Under Votes,109,58,51
Gray,7,"Justice of the Peace, Precinct 1 and  3",,REP,Joe Patrick Martinez,776,512,264,
Gray,7,"Justice of the Peace, Precinct 1 and  3",,,Over Votes,0,0,0
Gray,7,"Justice of the Peace, Precinct 1 and  3",,,Under Votes,105,60,45
