county,precinct,office,district,party,candidate,votes,early_voting,election_day
Lipscomb,202,Straight Party,,,Over Votes,0,0,0
Lipscomb,202,Straight Party,,,Under Votes,43,19,24
Lipscomb,202,Registered Voters,,,,159,,
Lipscomb,202,Ballots Cast,,,,119,44,75
Lipscomb,202,Straight Party,,REP,Republican Party,72,24,75
Lipscomb,202,Straight Party,,,Over Votes,0,0,0
Lipscomb,202,Straight Party,,,Under Votes,43,19,24
Lipscomb,202,Straight Party,,DEM,Democratic Party,4,1,75
Lipscomb,202,Straight Party,,LIB,Libertarian Party,0,0,75
Lipscomb,202,Straight Party,,GRN,Green Party,0,0,75
Lipscomb,202,President,,REP,Donald J. Trump / Mike Pence,110,40,75
Lipscomb,202,President,,,Over Votes,0,0,0
Lipscomb,202,President,,,Under Votes,2,1,1
Lipscomb,202,President,,DEM,Hillary Clinton / Tim Kaine,7,3,75
Lipscomb,202,President,,LIB,Gary Johnson / William Weld,0,0,75
Lipscomb,202,President,,GRN,Jill Stein / Ajamu Baraka,0,0,75
Lipscomb,202,President,,,Darrell L. Castle/Scott N. Bradley,0,0,75
Lipscomb,202,President,,,Scott Cubbler/Michael Rodriguez,0,0,75
Lipscomb,202,President,,,Cherunda Fox/Roger Kushner,0,0,75
Lipscomb,202,President,,,Tom Hoefling/Steve Schulin,0,0,75
Lipscomb,202,President,,,Laurence Kotlikoff/Edward Leamer,0,0,75
Lipscomb,202,President,,,Jonathan Lee/Jeffrey Erskine,0,0,75
Lipscomb,202,President,,,Michael A. Maturen/Juan a. Munoz,0,0,75
Lipscomb,202,President,,,Evan McMullin/Nathan Johnson,0,0,75
Lipscomb,202,President,,,Monica Moorehead/Lamont Lilly,0,0,75
Lipscomb,202,President,,,Robert Morrow/Todd Sanders,0,0,75
Lipscomb,202,President,,,Emidio Soltysik/Angela Walker,0,0,75
Lipscomb,202,President,,,Da;e Steffes/Paul E. Case,0,0,75
Lipscomb,202,President,,,Tony Valdivia/Aaron Barriere,0,0,75
Lipscomb,202,U.S. House,13,REP,Mac Thornberry,110,37,75
Lipscomb,202,U.S. House,13,,Over Votes,0,0,0
Lipscomb,202,U.S. House,13,,Under Votes,4,2,2
Lipscomb,202,U.S. House,13,LIB,Calvin DeWeese,5,5,75
Lipscomb,202,U.S. House,13,GRN,"H. F. ""Rusty"" Tomlinson",0,0,75
Lipscomb,202,Railroad Commissioner,,REP,Wayne Christian,106,37,75
Lipscomb,202,Railroad Commissioner,,,Over Votes,0,0,0
Lipscomb,202,Railroad Commissioner,,,Under Votes,1,0,1
Lipscomb,202,Railroad Commissioner,,DEM,Grady Yarbrough,8,3,75
Lipscomb,202,Railroad Commissioner,,LIB,Mark Miller,4,4,75
Lipscomb,202,Railroad Commissioner,,GRN,Martina Salinas,0,0,75
Lipscomb,202,"Justice, Supreme Court, Place 3",,REP,Debra Lehrmann,107,38,75
Lipscomb,202,"Justice, Supreme Court, Place 3",,,Over Votes,0,0,0
Lipscomb,202,"Justice, Supreme Court, Place 3",,,Under Votes,1,0,1
Lipscomb,202,"Justice, Supreme Court, Place 3",,DEM,Mike Westergren,8,4,75
Lipscomb,202,"Justice, Supreme Court, Place 3",,LIB,Kathie Glass,3,2,75
Lipscomb,202,"Justice, Supreme Court, Place 3",,GRN,Rodolfo Rivera Munoz,0,0,75
Lipscomb,202,"Justice, Supreme Court, Place 5",,REP,Paul Green,105,37,75
Lipscomb,202,"Justice, Supreme Court, Place 5",,,Over Votes,0,0,0
Lipscomb,202,"Justice, Supreme Court, Place 5",,,Under Votes,3,1,2
Lipscomb,202,"Justice, Supreme Court, Place 5",,DEM,Dori Contreras Garza,10,5,75
Lipscomb,202,"Justice, Supreme Court, Place 5",,LIB,Tom Oxford,1,1,75
Lipscomb,202,"Justice, Supreme Court, Place 5",,GRN,Charles E. Waterbury,0,0,75
Lipscomb,202,"Justice, Supreme Court, Place 9",,REP,Eva Guzman,107,39,75
Lipscomb,202,"Justice, Supreme Court, Place 9",,,Over Votes,0,0,0
Lipscomb,202,"Justice, Supreme Court, Place 9",,,Under Votes,2,1,1
Lipscomb,202,"Justice, Supreme Court, Place 9",,DEM,Savannah Robinson,8,4,75
Lipscomb,202,"Justice, Supreme Court, Place 9",,LIB,Don Fulton,0,0,75
Lipscomb,202,"Justice, Supreme Court, Place 9",,GRN,Jim Chisholm,2,0,75
Lipscomb,202,"Judge, Court of Criminal Appeals, Place 2",,REP,Mary Lou Keel,106,39,75
Lipscomb,202,"Judge, Court of Criminal Appeals, Place 2",,,Over Votes,0,0,0
Lipscomb,202,"Judge, Court of Criminal Appeals, Place 2",,,Under Votes,3,1,2
Lipscomb,202,"Judge, Court of Criminal Appeals, Place 2",,DEM,"Lawrence ""Larry"" Meyers",7,3,75
Lipscomb,202,"Judge, Court of Criminal Appeals, Place 2",,LIB,Mark Ash,3,1,75
Lipscomb,202,"Judge, Court of Criminal Appeals, Place 2",,GRN,Adam King Blackwell Reposa,0,0,75
Lipscomb,202,"Judge, Court of Criminal Appeals, Place 5",,REP,Scott Walker,107,38,75
Lipscomb,202,"Judge, Court of Criminal Appeals, Place 5",,,Over Votes,0,0,0
Lipscomb,202,"Judge, Court of Criminal Appeals, Place 5",,,Under Votes,1,0,1
Lipscomb,202,"Judge, Court of Criminal Appeals, Place 5",,DEM,Betsy Johnson,9,5,75
Lipscomb,202,"Judge, Court of Criminal Appeals, Place 5",,LIB,"William Bryan Strange, III",1,1,75
Lipscomb,202,"Judge, Court of Criminal Appeals, Place 5",,GRN,Judith Sanders-Castro,1,0,75
Lipscomb,202,"Judge, Court of Criminal Appeals, Place 6",,REP,Michael E. Keasler,106,38,75
Lipscomb,202,"Judge, Court of Criminal Appeals, Place 6",,,Over Votes,0,0,0
Lipscomb,202,"Judge, Court of Criminal Appeals, Place 6",,,Under Votes,3,1,2
Lipscomb,202,"Judge, Court of Criminal Appeals, Place 6",,DEM,Robert Burns,7,3,75
Lipscomb,202,"Judge, Court of Criminal Appeals, Place 6",,LIB,Mark W. Bennett,3,2,75
Lipscomb,202,"Member, State Board of Education",15,REP,Marty Rowley,110,39,75
Lipscomb,202,"Member, State Board of Education",15,,Over Votes,0,0,0
Lipscomb,202,"Member, State Board of Education",15,,Under Votes,9,5,4
Lipscomb,202,State Representative,88,REP,Ken King,114,41,75
Lipscomb,202,State Representative,88,,Over Votes,0,0,0
Lipscomb,202,State Representative,88,,Under Votes,5,3,2
Lipscomb,202,"Justice, 7th Court of Appeals District, Place 4",,REP,Jim Campbell,112,40,75
Lipscomb,202,"Justice, 7th Court of Appeals District, Place 4",,,Over Votes,0,0,0
Lipscomb,202,"Justice, 7th Court of Appeals District, Place 4",,,Under Votes,7,4,3
Lipscomb,202,"District Attorney, 31st Judicial District",,REP,Franklin McDonough,110,39,75
Lipscomb,202,"District Attorney, 31st Judicial District",,,Over Votes,0,0,0
Lipscomb,202,"District Attorney, 31st Judicial District",,,Under Votes,9,5,4
Lipscomb,202,County Attorney,,REP,Matthew Bartosiewicz,110,40,75
Lipscomb,202,County Attorney,,,Over Votes,0,0,0
Lipscomb,202,County Attorney,,,Under Votes,9,4,5
Lipscomb,202,Sheriff,,REP,Kenneth M. Eggleston,104,37,75
Lipscomb,202,Sheriff,,,Over Votes,0,0,0
Lipscomb,202,Sheriff,,,Under Votes,15,7,8
Lipscomb,202,Tax Assessor-Collector,,REP,Sharla Bradshaw,110,40,75
Lipscomb,202,Tax Assessor-Collector,,,Over Votes,0,0,0
Lipscomb,202,Tax Assessor-Collector,,,Under Votes,9,4,5
Lipscomb,202,County Treasurer - Unexpired Term,,REP,Kimberly L. Long,109,40,75
Lipscomb,202,County Treasurer - Unexpired Term,,,Over Votes,0,0,0
Lipscomb,202,County Treasurer - Unexpired Term,,,Under Votes,10,4,6
Lipscomb,303,Straight Party,,,Over Votes,0,0,0
Lipscomb,303,Straight Party,,,Under Votes,112,35,77
Lipscomb,303,Registered Voters,,,,438,,
Lipscomb,303,Ballots Cast,,,,303,93,210
Lipscomb,303,Straight Party,,REP,Republican Party,172,47,210
Lipscomb,303,Straight Party,,,Over Votes,0,0,0
Lipscomb,303,Straight Party,,,Under Votes,112,35,77
Lipscomb,303,Straight Party,,DEM,Democratic Party,19,11,210
Lipscomb,303,Straight Party,,LIB,Libertarian Party,0,0,210
Lipscomb,303,Straight Party,,GRN,Green Party,0,0,210
Lipscomb,303,President,,REP,Donald J. Trump / Mike Pence,265,72,210
Lipscomb,303,President,,,Over Votes,0,0,0
Lipscomb,303,President,,,Under Votes,7,1,6
Lipscomb,303,President,,DEM,Hillary Clinton / Tim Kaine,26,15,210
Lipscomb,303,President,,LIB,Gary Johnson / William Weld,4,4,210
Lipscomb,303,President,,GRN,Jill Stein / Ajamu Baraka,0,0,210
Lipscomb,303,President,,,Darrell L. Castle/Scott N. Bradley,0,0,210
Lipscomb,303,President,,,Scott Cubbler/Michael Rodriguez,0,0,210
Lipscomb,303,President,,,Cherunda Fox/Roger Kushner,0,0,210
Lipscomb,303,President,,,Tom Hoefling/Steve Schulin,0,0,210
Lipscomb,303,President,,,Laurence Kotlikoff/Edward Leamer,0,0,210
Lipscomb,303,President,,,Jonathan Lee/Jeffrey Erskine,0,0,210
Lipscomb,303,President,,,Michael A. Maturen/Juan a. Munoz,0,0,210
Lipscomb,303,President,,,Evan McMullin/Nathan Johnson,1,1,210
Lipscomb,303,President,,,Monica Moorehead/Lamont Lilly,0,0,210
Lipscomb,303,President,,,Robert Morrow/Todd Sanders,0,0,210
Lipscomb,303,President,,,Emidio Soltysik/Angela Walker,0,0,210
Lipscomb,303,President,,,Da;e Steffes/Paul E. Case,0,0,210
Lipscomb,303,President,,,Tony Valdivia/Aaron Barriere,0,0,210
Lipscomb,303,U.S. House,13,REP,Mac Thornberry,267,74,210
Lipscomb,303,U.S. House,13,,Over Votes,0,0,0
Lipscomb,303,U.S. House,13,,Under Votes,28,16,12
Lipscomb,303,U.S. House,13,LIB,Calvin DeWeese,6,2,210
Lipscomb,303,U.S. House,13,GRN,"H. F. ""Rusty"" Tomlinson",2,1,210
Lipscomb,303,Railroad Commissioner,,REP,Wayne Christian,243,67,210
Lipscomb,303,Railroad Commissioner,,,Over Votes,0,0,0
Lipscomb,303,Railroad Commissioner,,,Under Votes,16,6,10
Lipscomb,303,Railroad Commissioner,,DEM,Grady Yarbrough,39,19,210
Lipscomb,303,Railroad Commissioner,,LIB,Mark Miller,5,1,210
Lipscomb,303,Railroad Commissioner,,GRN,Martina Salinas,0,0,210
Lipscomb,303,"Justice, Supreme Court, Place 3",,REP,Debra Lehrmann,236,64,210
Lipscomb,303,"Justice, Supreme Court, Place 3",,,Over Votes,0,0,0
Lipscomb,303,"Justice, Supreme Court, Place 3",,,Under Votes,21,9,12
Lipscomb,303,"Justice, Supreme Court, Place 3",,DEM,Mike Westergren,37,18,210
Lipscomb,303,"Justice, Supreme Court, Place 3",,LIB,Kathie Glass,5,1,210
Lipscomb,303,"Justice, Supreme Court, Place 3",,GRN,Rodolfo Rivera Munoz,4,1,210
Lipscomb,303,"Justice, Supreme Court, Place 5",,REP,Paul Green,246,68,210
Lipscomb,303,"Justice, Supreme Court, Place 5",,,Over Votes,0,0,0
Lipscomb,303,"Justice, Supreme Court, Place 5",,,Under Votes,22,10,12
Lipscomb,303,"Justice, Supreme Court, Place 5",,DEM,Dori Contreras Garza,30,15,210
Lipscomb,303,"Justice, Supreme Court, Place 5",,LIB,Tom Oxford,4,0,210
Lipscomb,303,"Justice, Supreme Court, Place 5",,GRN,Charles E. Waterbury,1,0,210
Lipscomb,303,"Justice, Supreme Court, Place 9",,REP,Eva Guzman,233,62,210
Lipscomb,303,"Justice, Supreme Court, Place 9",,,Over Votes,0,0,0
Lipscomb,303,"Justice, Supreme Court, Place 9",,,Under Votes,24,11,13
Lipscomb,303,"Justice, Supreme Court, Place 9",,DEM,Savannah Robinson,36,18,210
Lipscomb,303,"Justice, Supreme Court, Place 9",,LIB,Don Fulton,5,0,210
Lipscomb,303,"Justice, Supreme Court, Place 9",,GRN,Jim Chisholm,5,2,210
Lipscomb,303,"Judge, Court of Criminal Appeals, Place 2",,REP,Mary Lou Keel,242,68,210
Lipscomb,303,"Judge, Court of Criminal Appeals, Place 2",,,Over Votes,0,0,0
Lipscomb,303,"Judge, Court of Criminal Appeals, Place 2",,,Under Votes,22,8,14
Lipscomb,303,"Judge, Court of Criminal Appeals, Place 2",,DEM,"Lawrence ""Larry"" Meyers",35,16,210
Lipscomb,303,"Judge, Court of Criminal Appeals, Place 2",,LIB,Mark Ash,4,1,210
Lipscomb,303,"Judge, Court of Criminal Appeals, Place 2",,GRN,Adam King Blackwell Reposa,0,0,210
Lipscomb,303,"Judge, Court of Criminal Appeals, Place 5",,REP,Scott Walker,239,67,210
Lipscomb,303,"Judge, Court of Criminal Appeals, Place 5",,,Over Votes,0,0,0
Lipscomb,303,"Judge, Court of Criminal Appeals, Place 5",,,Under Votes,24,10,14
Lipscomb,303,"Judge, Court of Criminal Appeals, Place 5",,DEM,Betsy Johnson,35,16,210
Lipscomb,303,"Judge, Court of Criminal Appeals, Place 5",,LIB,"William Bryan Strange, III",3,0,210
Lipscomb,303,"Judge, Court of Criminal Appeals, Place 5",,GRN,Judith Sanders-Castro,2,0,210
Lipscomb,303,"Judge, Court of Criminal Appeals, Place 6",,REP,Michael E. Keasler,239,65,210
Lipscomb,303,"Judge, Court of Criminal Appeals, Place 6",,,Over Votes,0,0,0
Lipscomb,303,"Judge, Court of Criminal Appeals, Place 6",,,Under Votes,24,9,15
Lipscomb,303,"Judge, Court of Criminal Appeals, Place 6",,DEM,Robert Burns,35,18,210
Lipscomb,303,"Judge, Court of Criminal Appeals, Place 6",,LIB,Mark W. Bennett,5,1,210
Lipscomb,303,"Member, State Board of Education",15,REP,Marty Rowley,252,66,210
Lipscomb,303,"Member, State Board of Education",15,,Over Votes,0,0,0
Lipscomb,303,"Member, State Board of Education",15,,Under Votes,51,27,24
Lipscomb,303,State Representative,88,REP,Ken King,257,73,210
Lipscomb,303,State Representative,88,,Over Votes,0,0,0
Lipscomb,303,State Representative,88,,Under Votes,46,20,26
Lipscomb,303,"Justice, 7th Court of Appeals District, Place 4",,REP,Jim Campbell,249,67,210
Lipscomb,303,"Justice, 7th Court of Appeals District, Place 4",,,Over Votes,0,0,0
Lipscomb,303,"Justice, 7th Court of Appeals District, Place 4",,,Under Votes,54,26,28
Lipscomb,303,"District Attorney, 31st Judicial District",,REP,Franklin McDonough,247,66,210
Lipscomb,303,"District Attorney, 31st Judicial District",,,Over Votes,0,0,0
Lipscomb,303,"District Attorney, 31st Judicial District",,,Under Votes,56,27,29
Lipscomb,303,County Attorney,,REP,Matthew Bartosiewicz,258,71,210
Lipscomb,303,County Attorney,,,Over Votes,0,0,0
Lipscomb,303,County Attorney,,,Under Votes,45,22,23
Lipscomb,303,Sheriff,,REP,Kenneth M. Eggleston,263,73,210
Lipscomb,303,Sheriff,,,Over Votes,0,0,0
Lipscomb,303,Sheriff,,,Under Votes,40,20,20
Lipscomb,303,Tax Assessor-Collector,,REP,Sharla Bradshaw,255,70,210
Lipscomb,303,Tax Assessor-Collector,,,Over Votes,0,0,0
Lipscomb,303,Tax Assessor-Collector,,,Under Votes,48,23,25
Lipscomb,303,County Treasurer - Unexpired Term,,REP,Kimberly L. Long,256,70,210
Lipscomb,303,County Treasurer - Unexpired Term,,,Over Votes,0,0,0
Lipscomb,303,County Treasurer - Unexpired Term,,,Under Votes,47,23,24
Lipscomb,303,"County Commissioner, Precinct No. 3",,REP,Scotty Mark Schilling,257,73,210
Lipscomb,303,"County Commissioner, Precinct No. 3",,,Over Votes,0,0,0
Lipscomb,303,"County Commissioner, Precinct No. 3",,,Under Votes,46,20,26
Lipscomb,404,Straight Party,,,Over Votes,0,0,0
Lipscomb,404,Straight Party,,,Under Votes,121,43,78
Lipscomb,404,Registered Voters,,,,0,,
Lipscomb,404,Ballots Cast,,,,268,92,176
Lipscomb,404,Straight Party,,REP,Republican Party,125,41,176
Lipscomb,404,Straight Party,,,Over Votes,0,0,0
Lipscomb,404,Straight Party,,,Under Votes,121,43,78
Lipscomb,404,Straight Party,,DEM,Democratic Party,18,7,176
Lipscomb,404,Straight Party,,LIB,Libertarian Party,3,0,176
Lipscomb,404,Straight Party,,GRN,Green Party,1,1,176
Lipscomb,404,President,,REP,Donald J. Trump / Mike Pence,209,72,176
Lipscomb,404,President,,,Over Votes,0,0,0
Lipscomb,404,President,,,Under Votes,5,1,4
Lipscomb,404,President,,DEM,Hillary Clinton / Tim Kaine,43,15,176
Lipscomb,404,President,,LIB,Gary Johnson / William Weld,8,2,176
Lipscomb,404,President,,GRN,Jill Stein / Ajamu Baraka,0,0,176
Lipscomb,404,President,,,Darrell L. Castle/Scott N. Bradley,0,0,176
Lipscomb,404,President,,,Scott Cubbler/Michael Rodriguez,0,0,176
Lipscomb,404,President,,,Cherunda Fox/Roger Kushner,0,0,176
Lipscomb,404,President,,,Tom Hoefling/Steve Schulin,0,0,176
Lipscomb,404,President,,,Laurence Kotlikoff/Edward Leamer,0,0,176
Lipscomb,404,President,,,Jonathan Lee/Jeffrey Erskine,0,0,176
Lipscomb,404,President,,,Michael A. Maturen/Juan a. Munoz,0,0,176
Lipscomb,404,President,,,Evan McMullin/Nathan Johnson,3,2,176
Lipscomb,404,President,,,Monica Moorehead/Lamont Lilly,0,0,176
Lipscomb,404,President,,,Robert Morrow/Todd Sanders,0,0,176
Lipscomb,404,President,,,Emidio Soltysik/Angela Walker,0,0,176
Lipscomb,404,President,,,Da;e Steffes/Paul E. Case,0,0,176
Lipscomb,404,President,,,Tony Valdivia/Aaron Barriere,0,0,176
Lipscomb,404,U.S. House,13,REP,Mac Thornberry,219,77,176
Lipscomb,404,U.S. House,13,,Over Votes,0,0,0
Lipscomb,404,U.S. House,13,,Under Votes,21,9,12
Lipscomb,404,U.S. House,13,LIB,Calvin DeWeese,18,4,176
Lipscomb,404,U.S. House,13,GRN,"H. F. ""Rusty"" Tomlinson",10,2,176
Lipscomb,404,Railroad Commissioner,,REP,Wayne Christian,204,74,176
Lipscomb,404,Railroad Commissioner,,,Over Votes,0,0,0
Lipscomb,404,Railroad Commissioner,,,Under Votes,17,5,12
Lipscomb,404,Railroad Commissioner,,DEM,Grady Yarbrough,37,10,176
Lipscomb,404,Railroad Commissioner,,LIB,Mark Miller,8,3,176
Lipscomb,404,Railroad Commissioner,,GRN,Martina Salinas,2,0,176
Lipscomb,404,"Justice, Supreme Court, Place 3",,REP,Debra Lehrmann,202,69,176
Lipscomb,404,"Justice, Supreme Court, Place 3",,,Over Votes,0,0,0
Lipscomb,404,"Justice, Supreme Court, Place 3",,,Under Votes,15,7,8
Lipscomb,404,"Justice, Supreme Court, Place 3",,DEM,Mike Westergren,39,15,176
Lipscomb,404,"Justice, Supreme Court, Place 3",,LIB,Kathie Glass,9,1,176
Lipscomb,404,"Justice, Supreme Court, Place 3",,GRN,Rodolfo Rivera Munoz,3,0,176
Lipscomb,404,"Justice, Supreme Court, Place 5",,REP,Paul Green,202,67,176
Lipscomb,404,"Justice, Supreme Court, Place 5",,,Over Votes,0,0,0
Lipscomb,404,"Justice, Supreme Court, Place 5",,,Under Votes,19,9,10
Lipscomb,404,"Justice, Supreme Court, Place 5",,DEM,Dori Contreras Garza,37,15,176
Lipscomb,404,"Justice, Supreme Court, Place 5",,LIB,Tom Oxford,7,0,176
Lipscomb,404,"Justice, Supreme Court, Place 5",,GRN,Charles E. Waterbury,3,1,176
Lipscomb,404,"Justice, Supreme Court, Place 9",,REP,Eva Guzman,192,65,176
Lipscomb,404,"Justice, Supreme Court, Place 9",,,Over Votes,0,0,0
Lipscomb,404,"Justice, Supreme Court, Place 9",,,Under Votes,20,10,10
Lipscomb,404,"Justice, Supreme Court, Place 9",,DEM,Savannah Robinson,40,15,176
Lipscomb,404,"Justice, Supreme Court, Place 9",,LIB,Don Fulton,7,1,176
Lipscomb,404,"Justice, Supreme Court, Place 9",,GRN,Jim Chisholm,9,1,176
Lipscomb,404,"Judge, Court of Criminal Appeals, Place 2",,REP,Mary Lou Keel,200,68,176
Lipscomb,404,"Judge, Court of Criminal Appeals, Place 2",,,Over Votes,0,0,0
Lipscomb,404,"Judge, Court of Criminal Appeals, Place 2",,,Under Votes,20,9,11
Lipscomb,404,"Judge, Court of Criminal Appeals, Place 2",,DEM,"Lawrence ""Larry"" Meyers",38,15,176
Lipscomb,404,"Judge, Court of Criminal Appeals, Place 2",,LIB,Mark Ash,7,0,176
Lipscomb,404,"Judge, Court of Criminal Appeals, Place 2",,GRN,Adam King Blackwell Reposa,3,0,176
Lipscomb,404,"Judge, Court of Criminal Appeals, Place 5",,REP,Scott Walker,198,66,176
Lipscomb,404,"Judge, Court of Criminal Appeals, Place 5",,,Over Votes,0,0,0
Lipscomb,404,"Judge, Court of Criminal Appeals, Place 5",,,Under Votes,21,10,11
Lipscomb,404,"Judge, Court of Criminal Appeals, Place 5",,DEM,Betsy Johnson,38,15,176
Lipscomb,404,"Judge, Court of Criminal Appeals, Place 5",,LIB,"William Bryan Strange, III",8,1,176
Lipscomb,404,"Judge, Court of Criminal Appeals, Place 5",,GRN,Judith Sanders-Castro,3,0,176
Lipscomb,404,"Judge, Court of Criminal Appeals, Place 6",,REP,Michael E. Keasler,195,67,176
Lipscomb,404,"Judge, Court of Criminal Appeals, Place 6",,,Over Votes,0,0,0
Lipscomb,404,"Judge, Court of Criminal Appeals, Place 6",,,Under Votes,24,10,14
Lipscomb,404,"Judge, Court of Criminal Appeals, Place 6",,DEM,Robert Burns,39,13,176
Lipscomb,404,"Judge, Court of Criminal Appeals, Place 6",,LIB,Mark W. Bennett,10,2,176
Lipscomb,404,"Member, State Board of Education",15,REP,Marty Rowley,211,70,176
Lipscomb,404,"Member, State Board of Education",15,,Over Votes,0,0,0
Lipscomb,404,"Member, State Board of Education",15,,Under Votes,57,22,35
Lipscomb,404,State Representative,88,REP,Ken King,225,79,176
Lipscomb,404,State Representative,88,,Over Votes,0,0,0
Lipscomb,404,State Representative,88,,Under Votes,43,13,30
Lipscomb,404,"Justice, 7th Court of Appeals District, Place 4",,REP,Jim Campbell,216,72,176
Lipscomb,404,"Justice, 7th Court of Appeals District, Place 4",,,Over Votes,0,0,0
Lipscomb,404,"Justice, 7th Court of Appeals District, Place 4",,,Under Votes,52,20,32
Lipscomb,404,"District Attorney, 31st Judicial District",,REP,Franklin McDonough,217,76,176
Lipscomb,404,"District Attorney, 31st Judicial District",,,Over Votes,0,0,0
Lipscomb,404,"District Attorney, 31st Judicial District",,,Under Votes,51,16,35
Lipscomb,404,County Attorney,,REP,Matthew Bartosiewicz,225,78,176
Lipscomb,404,County Attorney,,,Over Votes,0,0,0
Lipscomb,404,County Attorney,,,Under Votes,43,14,29
Lipscomb,404,Sheriff,,REP,Kenneth M. Eggleston,246,83,176
Lipscomb,404,Sheriff,,,Over Votes,0,0,0
Lipscomb,404,Sheriff,,,Under Votes,22,9,13
Lipscomb,404,Tax Assessor-Collector,,REP,Sharla Bradshaw,237,82,176
Lipscomb,404,Tax Assessor-Collector,,,Over Votes,0,0,0
Lipscomb,404,Tax Assessor-Collector,,,Under Votes,31,10,21
Lipscomb,404,County Treasurer - Unexpired Term,,REP,Kimberly L. Long,240,81,176
Lipscomb,404,County Treasurer - Unexpired Term,,,Over Votes,0,0,0
Lipscomb,404,County Treasurer - Unexpired Term,,,Under Votes,28,11,17
Lipscomb,404,Proposition Higgins,,,For,93,18,176
Lipscomb,404,Proposition Higgins,,,Over Votes,0,0,0
Lipscomb,404,Proposition Higgins,,,Under Votes,15,3,12
Lipscomb,404,Proposition Higgins,,,Against,78,14,176
Lipscomb,106,Straight Party,,,Over Votes,0,0,0
Lipscomb,106,Straight Party,,,Under Votes,54,30,24
Lipscomb,106,Registered Voters,,,,351,,
Lipscomb,106,Ballots Cast,,,,202,81,121
Lipscomb,106,Straight Party,,REP,Republican Party,135,48,121
Lipscomb,106,Straight Party,,,Over Votes,0,0,0
Lipscomb,106,Straight Party,,,Under Votes,54,30,24
Lipscomb,106,Straight Party,,DEM,Democratic Party,13,3,121
Lipscomb,106,Straight Party,,LIB,Libertarian Party,0,0,121
Lipscomb,106,Straight Party,,GRN,Green Party,0,0,121
Lipscomb,106,President,,REP,Donald J. Trump / Mike Pence,179,72,121
Lipscomb,106,President,,,Over Votes,0,0,0
Lipscomb,106,President,,,Under Votes,3,2,1
Lipscomb,106,President,,DEM,Hillary Clinton / Tim Kaine,18,6,121
Lipscomb,106,President,,LIB,Gary Johnson / William Weld,1,0,121
Lipscomb,106,President,,GRN,Jill Stein / Ajamu Baraka,0,0,121
Lipscomb,106,President,,,Darrell L. Castle/Scott N. Bradley,0,0,121
Lipscomb,106,President,,,Scott Cubbler/Michael Rodriguez,0,0,121
Lipscomb,106,President,,,Cherunda Fox/Roger Kushner,0,0,121
Lipscomb,106,President,,,Tom Hoefling/Steve Schulin,0,0,121
Lipscomb,106,President,,,Laurence Kotlikoff/Edward Leamer,0,0,121
Lipscomb,106,President,,,Jonathan Lee/Jeffrey Erskine,0,0,121
Lipscomb,106,President,,,Michael A. Maturen/Juan a. Munoz,0,0,121
Lipscomb,106,President,,,Evan McMullin/Nathan Johnson,1,1,121
Lipscomb,106,President,,,Monica Moorehead/Lamont Lilly,0,0,121
Lipscomb,106,President,,,Robert Morrow/Todd Sanders,0,0,121
Lipscomb,106,President,,,Emidio Soltysik/Angela Walker,0,0,121
Lipscomb,106,President,,,Da;e Steffes/Paul E. Case,0,0,121
Lipscomb,106,President,,,Tony Valdivia/Aaron Barriere,0,0,121
Lipscomb,106,U.S. House,13,REP,Mac Thornberry,187,74,121
Lipscomb,106,U.S. House,13,,Over Votes,0,0,0
Lipscomb,106,U.S. House,13,,Under Votes,11,5,6
Lipscomb,106,U.S. House,13,LIB,Calvin DeWeese,2,2,121
Lipscomb,106,U.S. House,13,GRN,"H. F. ""Rusty"" Tomlinson",2,0,121
Lipscomb,106,Railroad Commissioner,,REP,Wayne Christian,173,71,121
Lipscomb,106,Railroad Commissioner,,,Over Votes,0,0,0
Lipscomb,106,Railroad Commissioner,,,Under Votes,5,3,2
Lipscomb,106,Railroad Commissioner,,DEM,Grady Yarbrough,20,6,121
Lipscomb,106,Railroad Commissioner,,LIB,Mark Miller,4,1,121
Lipscomb,106,Railroad Commissioner,,GRN,Martina Salinas,0,0,121
Lipscomb,106,"Justice, Supreme Court, Place 3",,REP,Debra Lehrmann,175,72,121
Lipscomb,106,"Justice, Supreme Court, Place 3",,,Over Votes,0,0,0
Lipscomb,106,"Justice, Supreme Court, Place 3",,,Under Votes,5,3,2
Lipscomb,106,"Justice, Supreme Court, Place 3",,DEM,Mike Westergren,17,5,121
Lipscomb,106,"Justice, Supreme Court, Place 3",,LIB,Kathie Glass,2,1,121
Lipscomb,106,"Justice, Supreme Court, Place 3",,GRN,Rodolfo Rivera Munoz,3,0,121
Lipscomb,106,"Justice, Supreme Court, Place 5",,REP,Paul Green,172,68,121
Lipscomb,106,"Justice, Supreme Court, Place 5",,,Over Votes,0,0,0
Lipscomb,106,"Justice, Supreme Court, Place 5",,,Under Votes,7,5,2
Lipscomb,106,"Justice, Supreme Court, Place 5",,DEM,Dori Contreras Garza,21,7,121
Lipscomb,106,"Justice, Supreme Court, Place 5",,LIB,Tom Oxford,2,1,121
Lipscomb,106,"Justice, Supreme Court, Place 5",,GRN,Charles E. Waterbury,0,0,121
Lipscomb,106,"Justice, Supreme Court, Place 9",,REP,Eva Guzman,176,71,121
Lipscomb,106,"Justice, Supreme Court, Place 9",,,Over Votes,0,0,0
Lipscomb,106,"Justice, Supreme Court, Place 9",,,Under Votes,6,4,2
Lipscomb,106,"Justice, Supreme Court, Place 9",,DEM,Savannah Robinson,18,5,121
Lipscomb,106,"Justice, Supreme Court, Place 9",,LIB,Don Fulton,1,1,121
Lipscomb,106,"Justice, Supreme Court, Place 9",,GRN,Jim Chisholm,1,0,121
Lipscomb,106,"Judge, Court of Criminal Appeals, Place 2",,REP,Mary Lou Keel,178,71,121
Lipscomb,106,"Judge, Court of Criminal Appeals, Place 2",,,Over Votes,0,0,0
Lipscomb,106,"Judge, Court of Criminal Appeals, Place 2",,,Under Votes,5,4,1
Lipscomb,106,"Judge, Court of Criminal Appeals, Place 2",,DEM,"Lawrence ""Larry"" Meyers",18,5,121
Lipscomb,106,"Judge, Court of Criminal Appeals, Place 2",,LIB,Mark Ash,1,1,121
Lipscomb,106,"Judge, Court of Criminal Appeals, Place 2",,GRN,Adam King Blackwell Reposa,0,0,121
Lipscomb,106,"Judge, Court of Criminal Appeals, Place 5",,REP,Scott Walker,175,70,121
Lipscomb,106,"Judge, Court of Criminal Appeals, Place 5",,,Over Votes,0,0,0
Lipscomb,106,"Judge, Court of Criminal Appeals, Place 5",,,Under Votes,5,4,1
Lipscomb,106,"Judge, Court of Criminal Appeals, Place 5",,DEM,Betsy Johnson,19,6,121
Lipscomb,106,"Judge, Court of Criminal Appeals, Place 5",,LIB,"William Bryan Strange, III",3,1,121
Lipscomb,106,"Judge, Court of Criminal Appeals, Place 5",,GRN,Judith Sanders-Castro,0,0,121
Lipscomb,106,"Judge, Court of Criminal Appeals, Place 6",,REP,Michael E. Keasler,176,70,121
Lipscomb,106,"Judge, Court of Criminal Appeals, Place 6",,,Over Votes,0,0,0
Lipscomb,106,"Judge, Court of Criminal Appeals, Place 6",,,Under Votes,5,4,1
Lipscomb,106,"Judge, Court of Criminal Appeals, Place 6",,DEM,Robert Burns,19,6,121
Lipscomb,106,"Judge, Court of Criminal Appeals, Place 6",,LIB,Mark W. Bennett,2,1,121
Lipscomb,106,"Member, State Board of Education",15,REP,Marty Rowley,184,71,121
Lipscomb,106,"Member, State Board of Education",15,,Over Votes,0,0,0
Lipscomb,106,"Member, State Board of Education",15,,Under Votes,18,10,8
Lipscomb,106,State Representative,88,REP,Ken King,186,73,121
Lipscomb,106,State Representative,88,,Over Votes,0,0,0
Lipscomb,106,State Representative,88,,Under Votes,16,8,8
Lipscomb,106,"Justice, 7th Court of Appeals District, Place 4",,REP,Jim Campbell,185,72,121
Lipscomb,106,"Justice, 7th Court of Appeals District, Place 4",,,Over Votes,0,0,0
Lipscomb,106,"Justice, 7th Court of Appeals District, Place 4",,,Under Votes,17,9,8
Lipscomb,106,"District Attorney, 31st Judicial District",,REP,Franklin McDonough,184,72,121
Lipscomb,106,"District Attorney, 31st Judicial District",,,Over Votes,0,0,0
Lipscomb,106,"District Attorney, 31st Judicial District",,,Under Votes,18,9,9
Lipscomb,106,County Attorney,,REP,Matthew Bartosiewicz,185,69,121
Lipscomb,106,County Attorney,,,Over Votes,0,0,0
Lipscomb,106,County Attorney,,,Under Votes,17,12,5
Lipscomb,106,Sheriff,,REP,Kenneth M. Eggleston,186,71,121
Lipscomb,106,Sheriff,,,Over Votes,0,0,0
Lipscomb,106,Sheriff,,,Under Votes,16,10,6
Lipscomb,106,Tax Assessor-Collector,,REP,Sharla Bradshaw,188,74,121
Lipscomb,106,Tax Assessor-Collector,,,Over Votes,0,0,0
Lipscomb,106,Tax Assessor-Collector,,,Under Votes,14,7,7
Lipscomb,106,County Treasurer - Unexpired Term,,REP,Kimberly L. Long,187,73,121
Lipscomb,106,County Treasurer - Unexpired Term,,,Over Votes,0,0,0
Lipscomb,106,County Treasurer - Unexpired Term,,,Under Votes,15,8,7
Lipscomb,106,"County Commissioner, Precinct No. 1",,REP,Juan Cantu,179,66,121
Lipscomb,106,"County Commissioner, Precinct No. 1",,,Over Votes,0,0,0
Lipscomb,106,"County Commissioner, Precinct No. 1",,,Under Votes,23,15,8
Lipscomb,207,Straight Party,,,Over Votes,0,0,0
Lipscomb,207,Straight Party,,,Under Votes,70,11,59
Lipscomb,207,Registered Voters,,,,373,,
Lipscomb,207,Ballots Cast,,,,265,52,213
Lipscomb,207,Straight Party,,REP,Republican Party,181,40,213
Lipscomb,207,Straight Party,,,Over Votes,0,0,0
Lipscomb,207,Straight Party,,,Under Votes,70,11,59
Lipscomb,207,Straight Party,,DEM,Democratic Party,10,1,213
Lipscomb,207,Straight Party,,LIB,Libertarian Party,3,0,213
Lipscomb,207,Straight Party,,GRN,Green Party,1,0,213
Lipscomb,207,President,,REP,Donald J. Trump / Mike Pence,231,45,213
Lipscomb,207,President,,,Over Votes,0,0,0
Lipscomb,207,President,,,Under Votes,2,1,1
Lipscomb,207,President,,DEM,Hillary Clinton / Tim Kaine,22,5,213
Lipscomb,207,President,,LIB,Gary Johnson / William Weld,6,1,213
Lipscomb,207,President,,GRN,Jill Stein / Ajamu Baraka,1,0,213
Lipscomb,207,President,,,Darrell L. Castle/Scott N. Bradley,2,0,213
Lipscomb,207,President,,,Scott Cubbler/Michael Rodriguez,0,0,213
Lipscomb,207,President,,,Cherunda Fox/Roger Kushner,0,0,213
Lipscomb,207,President,,,Tom Hoefling/Steve Schulin,0,0,213
Lipscomb,207,President,,,Laurence Kotlikoff/Edward Leamer,0,0,213
Lipscomb,207,President,,,Jonathan Lee/Jeffrey Erskine,0,0,213
Lipscomb,207,President,,,Michael A. Maturen/Juan a. Munoz,0,0,213
Lipscomb,207,President,,,Evan McMullin/Nathan Johnson,1,0,213
Lipscomb,207,President,,,Monica Moorehead/Lamont Lilly,0,0,213
Lipscomb,207,President,,,Robert Morrow/Todd Sanders,0,0,213
Lipscomb,207,President,,,Emidio Soltysik/Angela Walker,0,0,213
Lipscomb,207,President,,,Da;e Steffes/Paul E. Case,0,0,213
Lipscomb,207,President,,,Tony Valdivia/Aaron Barriere,0,0,213
Lipscomb,207,U.S. House,13,REP,Mac Thornberry,241,49,213
Lipscomb,207,U.S. House,13,,Over Votes,0,0,0
Lipscomb,207,U.S. House,13,,Under Votes,10,2,8
Lipscomb,207,U.S. House,13,LIB,Calvin DeWeese,9,1,213
Lipscomb,207,U.S. House,13,GRN,"H. F. ""Rusty"" Tomlinson",5,0,213
Lipscomb,207,Railroad Commissioner,,REP,Wayne Christian,225,47,213
Lipscomb,207,Railroad Commissioner,,,Over Votes,0,0,0
Lipscomb,207,Railroad Commissioner,,,Under Votes,13,2,11
Lipscomb,207,Railroad Commissioner,,DEM,Grady Yarbrough,16,3,213
Lipscomb,207,Railroad Commissioner,,LIB,Mark Miller,7,0,213
Lipscomb,207,Railroad Commissioner,,GRN,Martina Salinas,4,0,213
Lipscomb,207,"Justice, Supreme Court, Place 3",,REP,Debra Lehrmann,233,48,213
Lipscomb,207,"Justice, Supreme Court, Place 3",,,Over Votes,0,0,0
Lipscomb,207,"Justice, Supreme Court, Place 3",,,Under Votes,11,1,10
Lipscomb,207,"Justice, Supreme Court, Place 3",,DEM,Mike Westergren,16,3,213
Lipscomb,207,"Justice, Supreme Court, Place 3",,LIB,Kathie Glass,2,0,213
Lipscomb,207,"Justice, Supreme Court, Place 3",,GRN,Rodolfo Rivera Munoz,3,0,213
Lipscomb,207,"Justice, Supreme Court, Place 5",,REP,Paul Green,228,48,213
Lipscomb,207,"Justice, Supreme Court, Place 5",,,Over Votes,0,0,0
Lipscomb,207,"Justice, Supreme Court, Place 5",,,Under Votes,14,2,12
Lipscomb,207,"Justice, Supreme Court, Place 5",,DEM,Dori Contreras Garza,18,2,213
Lipscomb,207,"Justice, Supreme Court, Place 5",,LIB,Tom Oxford,4,0,213
Lipscomb,207,"Justice, Supreme Court, Place 5",,GRN,Charles E. Waterbury,1,0,213
Lipscomb,207,"Justice, Supreme Court, Place 9",,REP,Eva Guzman,231,49,213
Lipscomb,207,"Justice, Supreme Court, Place 9",,,Over Votes,0,0,0
Lipscomb,207,"Justice, Supreme Court, Place 9",,,Under Votes,12,1,11
Lipscomb,207,"Justice, Supreme Court, Place 9",,DEM,Savannah Robinson,16,2,213
Lipscomb,207,"Justice, Supreme Court, Place 9",,LIB,Don Fulton,3,0,213
Lipscomb,207,"Justice, Supreme Court, Place 9",,GRN,Jim Chisholm,3,0,213
Lipscomb,207,"Judge, Court of Criminal Appeals, Place 2",,REP,Mary Lou Keel,230,49,213
Lipscomb,207,"Judge, Court of Criminal Appeals, Place 2",,,Over Votes,0,0,0
Lipscomb,207,"Judge, Court of Criminal Appeals, Place 2",,,Under Votes,12,1,11
Lipscomb,207,"Judge, Court of Criminal Appeals, Place 2",,DEM,"Lawrence ""Larry"" Meyers",17,2,213
Lipscomb,207,"Judge, Court of Criminal Appeals, Place 2",,LIB,Mark Ash,4,0,213
Lipscomb,207,"Judge, Court of Criminal Appeals, Place 2",,GRN,Adam King Blackwell Reposa,2,0,213
Lipscomb,207,"Judge, Court of Criminal Appeals, Place 5",,REP,Scott Walker,232,49,213
Lipscomb,207,"Judge, Court of Criminal Appeals, Place 5",,,Over Votes,0,0,0
Lipscomb,207,"Judge, Court of Criminal Appeals, Place 5",,,Under Votes,11,1,10
Lipscomb,207,"Judge, Court of Criminal Appeals, Place 5",,DEM,Betsy Johnson,17,2,213
Lipscomb,207,"Judge, Court of Criminal Appeals, Place 5",,LIB,"William Bryan Strange, III",2,0,213
Lipscomb,207,"Judge, Court of Criminal Appeals, Place 5",,GRN,Judith Sanders-Castro,3,0,213
Lipscomb,207,"Judge, Court of Criminal Appeals, Place 6",,REP,Michael E. Keasler,231,48,213
Lipscomb,207,"Judge, Court of Criminal Appeals, Place 6",,,Over Votes,0,0,0
Lipscomb,207,"Judge, Court of Criminal Appeals, Place 6",,,Under Votes,15,1,14
Lipscomb,207,"Judge, Court of Criminal Appeals, Place 6",,DEM,Robert Burns,15,3,213
Lipscomb,207,"Judge, Court of Criminal Appeals, Place 6",,LIB,Mark W. Bennett,4,0,213
Lipscomb,207,"Member, State Board of Education",15,REP,Marty Rowley,244,49,213
Lipscomb,207,"Member, State Board of Education",15,,Over Votes,0,0,0
Lipscomb,207,"Member, State Board of Education",15,,Under Votes,21,3,18
Lipscomb,207,State Representative,88,REP,Ken King,247,49,213
Lipscomb,207,State Representative,88,,Over Votes,0,0,0
Lipscomb,207,State Representative,88,,Under Votes,18,3,15
Lipscomb,207,"Justice, 7th Court of Appeals District, Place 4",,REP,Jim Campbell,245,49,213
Lipscomb,207,"Justice, 7th Court of Appeals District, Place 4",,,Over Votes,0,0,0
Lipscomb,207,"Justice, 7th Court of Appeals District, Place 4",,,Under Votes,20,3,17
Lipscomb,207,"District Attorney, 31st Judicial District",,REP,Franklin McDonough,244,48,213
Lipscomb,207,"District Attorney, 31st Judicial District",,,Over Votes,0,0,0
Lipscomb,207,"District Attorney, 31st Judicial District",,,Under Votes,21,4,17
Lipscomb,207,County Attorney,,REP,Matthew Bartosiewicz,253,51,213
Lipscomb,207,County Attorney,,,Over Votes,0,0,0
Lipscomb,207,County Attorney,,,Under Votes,12,1,11
Lipscomb,207,Sheriff,,REP,Kenneth M. Eggleston,249,49,213
Lipscomb,207,Sheriff,,,Over Votes,0,0,0
Lipscomb,207,Sheriff,,,Under Votes,16,3,13
Lipscomb,207,Tax Assessor-Collector,,REP,Sharla Bradshaw,242,49,213
Lipscomb,207,Tax Assessor-Collector,,,Over Votes,0,0,0
Lipscomb,207,Tax Assessor-Collector,,,Under Votes,23,3,20
Lipscomb,207,County Treasurer - Unexpired Term,,REP,Kimberly L. Long,251,49,213
Lipscomb,207,County Treasurer - Unexpired Term,,,Over Votes,0,0,0
Lipscomb,207,County Treasurer - Unexpired Term,,,Under Votes,14,3,11
Lipscomb,308,Straight Party,,,Over Votes,0,0,0
Lipscomb,308,Straight Party,,,Under Votes,53,21,32
Lipscomb,308,Registered Voters,,,,175,,
Lipscomb,308,Ballots Cast,,,,117,47,70
Lipscomb,308,Straight Party,,REP,Republican Party,59,24,70
Lipscomb,308,Straight Party,,,Over Votes,0,0,0
Lipscomb,308,Straight Party,,,Under Votes,53,21,32
Lipscomb,308,Straight Party,,DEM,Democratic Party,5,2,70
Lipscomb,308,Straight Party,,LIB,Libertarian Party,0,0,70
Lipscomb,308,Straight Party,,GRN,Green Party,0,0,70
Lipscomb,308,President,,REP,Donald J. Trump / Mike Pence,99,41,70
Lipscomb,308,President,,,Over Votes,0,0,0
Lipscomb,308,President,,,Under Votes,3,0,3
Lipscomb,308,President,,DEM,Hillary Clinton / Tim Kaine,10,4,70
Lipscomb,308,President,,LIB,Gary Johnson / William Weld,4,2,70
Lipscomb,308,President,,GRN,Jill Stein / Ajamu Baraka,0,0,70
Lipscomb,308,President,,,Darrell L. Castle/Scott N. Bradley,0,0,70
Lipscomb,308,President,,,Scott Cubbler/Michael Rodriguez,1,0,70
Lipscomb,308,President,,,Cherunda Fox/Roger Kushner,0,0,70
Lipscomb,308,President,,,Tom Hoefling/Steve Schulin,0,0,70
Lipscomb,308,President,,,Laurence Kotlikoff/Edward Leamer,0,0,70
Lipscomb,308,President,,,Jonathan Lee/Jeffrey Erskine,0,0,70
Lipscomb,308,President,,,Michael A. Maturen/Juan a. Munoz,0,0,70
Lipscomb,308,President,,,Evan McMullin/Nathan Johnson,0,0,70
Lipscomb,308,President,,,Monica Moorehead/Lamont Lilly,0,0,70
Lipscomb,308,President,,,Robert Morrow/Todd Sanders,0,0,70
Lipscomb,308,President,,,Emidio Soltysik/Angela Walker,0,0,70
Lipscomb,308,President,,,Da;e Steffes/Paul E. Case,0,0,70
Lipscomb,308,President,,,Tony Valdivia/Aaron Barriere,0,0,70
Lipscomb,308,U.S. House,13,REP,Mac Thornberry,102,42,70
Lipscomb,308,U.S. House,13,,Over Votes,0,0,0
Lipscomb,308,U.S. House,13,,Under Votes,9,4,5
Lipscomb,308,U.S. House,13,LIB,Calvin DeWeese,3,0,70
Lipscomb,308,U.S. House,13,GRN,"H. F. ""Rusty"" Tomlinson",3,1,70
Lipscomb,308,Railroad Commissioner,,REP,Wayne Christian,98,39,70
Lipscomb,308,Railroad Commissioner,,,Over Votes,0,0,0
Lipscomb,308,Railroad Commissioner,,,Under Votes,5,1,4
Lipscomb,308,Railroad Commissioner,,DEM,Grady Yarbrough,8,5,70
Lipscomb,308,Railroad Commissioner,,LIB,Mark Miller,2,1,70
Lipscomb,308,Railroad Commissioner,,GRN,Martina Salinas,4,1,70
Lipscomb,308,"Justice, Supreme Court, Place 3",,REP,Debra Lehrmann,99,42,70
Lipscomb,308,"Justice, Supreme Court, Place 3",,,Over Votes,0,0,0
Lipscomb,308,"Justice, Supreme Court, Place 3",,,Under Votes,6,1,5
Lipscomb,308,"Justice, Supreme Court, Place 3",,DEM,Mike Westergren,7,4,70
Lipscomb,308,"Justice, Supreme Court, Place 3",,LIB,Kathie Glass,1,0,70
Lipscomb,308,"Justice, Supreme Court, Place 3",,GRN,Rodolfo Rivera Munoz,4,0,70
Lipscomb,308,"Justice, Supreme Court, Place 5",,REP,Paul Green,95,39,70
Lipscomb,308,"Justice, Supreme Court, Place 5",,,Over Votes,0,0,0
Lipscomb,308,"Justice, Supreme Court, Place 5",,,Under Votes,7,1,6
Lipscomb,308,"Justice, Supreme Court, Place 5",,DEM,Dori Contreras Garza,10,6,70
Lipscomb,308,"Justice, Supreme Court, Place 5",,LIB,Tom Oxford,2,1,70
Lipscomb,308,"Justice, Supreme Court, Place 5",,GRN,Charles E. Waterbury,3,0,70
Lipscomb,308,"Justice, Supreme Court, Place 9",,REP,Eva Guzman,95,39,70
Lipscomb,308,"Justice, Supreme Court, Place 9",,,Over Votes,0,0,0
Lipscomb,308,"Justice, Supreme Court, Place 9",,,Under Votes,8,1,7
Lipscomb,308,"Justice, Supreme Court, Place 9",,DEM,Savannah Robinson,7,4,70
Lipscomb,308,"Justice, Supreme Court, Place 9",,LIB,Don Fulton,1,1,70
Lipscomb,308,"Justice, Supreme Court, Place 9",,GRN,Jim Chisholm,6,2,70
Lipscomb,308,"Judge, Court of Criminal Appeals, Place 2",,REP,Mary Lou Keel,95,40,70
Lipscomb,308,"Judge, Court of Criminal Appeals, Place 2",,,Over Votes,0,0,0
Lipscomb,308,"Judge, Court of Criminal Appeals, Place 2",,,Under Votes,8,2,6
Lipscomb,308,"Judge, Court of Criminal Appeals, Place 2",,DEM,"Lawrence ""Larry"" Meyers",9,4,70
Lipscomb,308,"Judge, Court of Criminal Appeals, Place 2",,LIB,Mark Ash,2,1,70
Lipscomb,308,"Judge, Court of Criminal Appeals, Place 2",,GRN,Adam King Blackwell Reposa,3,0,70
Lipscomb,308,"Judge, Court of Criminal Appeals, Place 5",,REP,Scott Walker,97,40,70
Lipscomb,308,"Judge, Court of Criminal Appeals, Place 5",,,Over Votes,0,0,0
Lipscomb,308,"Judge, Court of Criminal Appeals, Place 5",,,Under Votes,7,1,6
Lipscomb,308,"Judge, Court of Criminal Appeals, Place 5",,DEM,Betsy Johnson,9,5,70
Lipscomb,308,"Judge, Court of Criminal Appeals, Place 5",,LIB,"William Bryan Strange, III",0,0,70
Lipscomb,308,"Judge, Court of Criminal Appeals, Place 5",,GRN,Judith Sanders-Castro,4,1,70
Lipscomb,308,"Judge, Court of Criminal Appeals, Place 6",,REP,Michael E. Keasler,97,40,70
Lipscomb,308,"Judge, Court of Criminal Appeals, Place 6",,,Over Votes,0,0,0
Lipscomb,308,"Judge, Court of Criminal Appeals, Place 6",,,Under Votes,8,2,6
Lipscomb,308,"Judge, Court of Criminal Appeals, Place 6",,DEM,Robert Burns,7,4,70
Lipscomb,308,"Judge, Court of Criminal Appeals, Place 6",,LIB,Mark W. Bennett,5,1,70
Lipscomb,308,"Member, State Board of Education",15,REP,Marty Rowley,101,41,70
Lipscomb,308,"Member, State Board of Education",15,,Over Votes,0,0,0
Lipscomb,308,"Member, State Board of Education",15,,Under Votes,16,6,10
Lipscomb,308,State Representative,88,REP,Ken King,104,41,70
Lipscomb,308,State Representative,88,,Over Votes,0,0,0
Lipscomb,308,State Representative,88,,Under Votes,13,6,7
Lipscomb,308,"Justice, 7th Court of Appeals District, Place 4",,REP,Jim Campbell,102,41,70
Lipscomb,308,"Justice, 7th Court of Appeals District, Place 4",,,Over Votes,0,0,0
Lipscomb,308,"Justice, 7th Court of Appeals District, Place 4",,,Under Votes,15,6,9
Lipscomb,308,"District Attorney, 31st Judicial District",,REP,Franklin McDonough,99,40,70
Lipscomb,308,"District Attorney, 31st Judicial District",,,Over Votes,0,0,0
Lipscomb,308,"District Attorney, 31st Judicial District",,,Under Votes,18,7,11
Lipscomb,308,County Attorney,,REP,Matthew Bartosiewicz,98,37,70
Lipscomb,308,County Attorney,,,Over Votes,0,0,0
Lipscomb,308,County Attorney,,,Under Votes,19,10,9
Lipscomb,308,Sheriff,,REP,Kenneth M. Eggleston,105,41,70
Lipscomb,308,Sheriff,,,Over Votes,0,0,0
Lipscomb,308,Sheriff,,,Under Votes,12,6,6
Lipscomb,308,Tax Assessor-Collector,,REP,Sharla Bradshaw,105,42,70
Lipscomb,308,Tax Assessor-Collector,,,Over Votes,0,0,0
Lipscomb,308,Tax Assessor-Collector,,,Under Votes,12,5,7
Lipscomb,308,County Treasurer - Unexpired Term,,REP,Kimberly L. Long,104,42,70
Lipscomb,308,County Treasurer - Unexpired Term,,,Over Votes,0,0,0
Lipscomb,308,County Treasurer - Unexpired Term,,,Under Votes,13,5,8
Lipscomb,308,"County Commissioner, Precinct No. 3",,REP,Scotty Mark Schilling,98,36,70
Lipscomb,308,"County Commissioner, Precinct No. 3",,,Over Votes,0,0,0
Lipscomb,308,"County Commissioner, Precinct No. 3",,,Under Votes,19,11,8
Lipscomb,409,Straight Party,,,Over Votes,0,0,0
Lipscomb,409,Straight Party,,,Under Votes,27,7,20
Lipscomb,409,Registered Voters,,,,150,,
Lipscomb,409,Ballots Cast,,,,80,16,64
Lipscomb,409,Straight Party,,REP,Republican Party,46,9,64
Lipscomb,409,Straight Party,,,Over Votes,0,0,0
Lipscomb,409,Straight Party,,,Under Votes,27,7,20
Lipscomb,409,Straight Party,,DEM,Democratic Party,7,0,64
Lipscomb,409,Straight Party,,LIB,Libertarian Party,0,0,64
Lipscomb,409,Straight Party,,GRN,Green Party,0,0,64
Lipscomb,409,President,,REP,Donald J. Trump / Mike Pence,66,13,64
Lipscomb,409,President,,,Over Votes,0,0,0
Lipscomb,409,President,,,Under Votes,0,0,0
Lipscomb,409,President,,DEM,Hillary Clinton / Tim Kaine,9,0,64
Lipscomb,409,President,,LIB,Gary Johnson / William Weld,2,0,64
Lipscomb,409,President,,GRN,Jill Stein / Ajamu Baraka,2,2,64
Lipscomb,409,President,,,Darrell L. Castle/Scott N. Bradley,0,0,64
Lipscomb,409,President,,,Scott Cubbler/Michael Rodriguez,0,0,64
Lipscomb,409,President,,,Cherunda Fox/Roger Kushner,0,0,64
Lipscomb,409,President,,,Tom Hoefling/Steve Schulin,0,0,64
Lipscomb,409,President,,,Laurence Kotlikoff/Edward Leamer,0,0,64
Lipscomb,409,President,,,Jonathan Lee/Jeffrey Erskine,0,0,64
Lipscomb,409,President,,,Michael A. Maturen/Juan a. Munoz,0,0,64
Lipscomb,409,President,,,Evan McMullin/Nathan Johnson,1,1,64
Lipscomb,409,President,,,Monica Moorehead/Lamont Lilly,0,0,64
Lipscomb,409,President,,,Robert Morrow/Todd Sanders,0,0,64
Lipscomb,409,President,,,Emidio Soltysik/Angela Walker,0,0,64
Lipscomb,409,President,,,Da;e Steffes/Paul E. Case,0,0,64
Lipscomb,409,President,,,Tony Valdivia/Aaron Barriere,0,0,64
Lipscomb,409,U.S. House,13,REP,Mac Thornberry,69,16,64
Lipscomb,409,U.S. House,13,,Over Votes,0,0,0
Lipscomb,409,U.S. House,13,,Under Votes,6,0,6
Lipscomb,409,U.S. House,13,LIB,Calvin DeWeese,3,0,64
Lipscomb,409,U.S. House,13,GRN,"H. F. ""Rusty"" Tomlinson",2,0,64
Lipscomb,409,Railroad Commissioner,,REP,Wayne Christian,68,16,64
Lipscomb,409,Railroad Commissioner,,,Over Votes,0,0,0
Lipscomb,409,Railroad Commissioner,,,Under Votes,1,0,1
Lipscomb,409,Railroad Commissioner,,DEM,Grady Yarbrough,9,0,64
Lipscomb,409,Railroad Commissioner,,LIB,Mark Miller,1,0,64
Lipscomb,409,Railroad Commissioner,,GRN,Martina Salinas,1,0,64
Lipscomb,409,"Justice, Supreme Court, Place 3",,REP,Debra Lehrmann,69,16,64
Lipscomb,409,"Justice, Supreme Court, Place 3",,,Over Votes,0,0,0
Lipscomb,409,"Justice, Supreme Court, Place 3",,,Under Votes,1,0,1
Lipscomb,409,"Justice, Supreme Court, Place 3",,DEM,Mike Westergren,8,0,64
Lipscomb,409,"Justice, Supreme Court, Place 3",,LIB,Kathie Glass,2,0,64
Lipscomb,409,"Justice, Supreme Court, Place 3",,GRN,Rodolfo Rivera Munoz,0,0,64
Lipscomb,409,"Justice, Supreme Court, Place 5",,REP,Paul Green,68,16,64
Lipscomb,409,"Justice, Supreme Court, Place 5",,,Over Votes,0,0,0
Lipscomb,409,"Justice, Supreme Court, Place 5",,,Under Votes,2,0,2
Lipscomb,409,"Justice, Supreme Court, Place 5",,DEM,Dori Contreras Garza,8,0,64
Lipscomb,409,"Justice, Supreme Court, Place 5",,LIB,Tom Oxford,2,0,64
Lipscomb,409,"Justice, Supreme Court, Place 5",,GRN,Charles E. Waterbury,0,0,64
Lipscomb,409,"Justice, Supreme Court, Place 9",,REP,Eva Guzman,68,16,64
Lipscomb,409,"Justice, Supreme Court, Place 9",,,Over Votes,0,0,0
Lipscomb,409,"Justice, Supreme Court, Place 9",,,Under Votes,0,0,0
Lipscomb,409,"Justice, Supreme Court, Place 9",,DEM,Savannah Robinson,8,0,64
Lipscomb,409,"Justice, Supreme Court, Place 9",,LIB,Don Fulton,3,0,64
Lipscomb,409,"Justice, Supreme Court, Place 9",,GRN,Jim Chisholm,1,0,64
Lipscomb,409,"Judge, Court of Criminal Appeals, Place 2",,REP,Mary Lou Keel,69,16,64
Lipscomb,409,"Judge, Court of Criminal Appeals, Place 2",,,Over Votes,0,0,0
Lipscomb,409,"Judge, Court of Criminal Appeals, Place 2",,,Under Votes,1,0,1
Lipscomb,409,"Judge, Court of Criminal Appeals, Place 2",,DEM,"Lawrence ""Larry"" Meyers",7,0,64
Lipscomb,409,"Judge, Court of Criminal Appeals, Place 2",,LIB,Mark Ash,2,0,64
Lipscomb,409,"Judge, Court of Criminal Appeals, Place 2",,GRN,Adam King Blackwell Reposa,1,0,64
Lipscomb,409,"Judge, Court of Criminal Appeals, Place 5",,REP,Scott Walker,68,16,64
Lipscomb,409,"Judge, Court of Criminal Appeals, Place 5",,,Over Votes,0,0,0
Lipscomb,409,"Judge, Court of Criminal Appeals, Place 5",,,Under Votes,1,0,1
Lipscomb,409,"Judge, Court of Criminal Appeals, Place 5",,DEM,Betsy Johnson,7,0,64
Lipscomb,409,"Judge, Court of Criminal Appeals, Place 5",,LIB,"William Bryan Strange, III",2,0,64
Lipscomb,409,"Judge, Court of Criminal Appeals, Place 5",,GRN,Judith Sanders-Castro,2,0,64
Lipscomb,409,"Judge, Court of Criminal Appeals, Place 6",,REP,Michael E. Keasler,69,16,64
Lipscomb,409,"Judge, Court of Criminal Appeals, Place 6",,,Over Votes,0,0,0
Lipscomb,409,"Judge, Court of Criminal Appeals, Place 6",,,Under Votes,1,0,1
Lipscomb,409,"Judge, Court of Criminal Appeals, Place 6",,DEM,Robert Burns,8,0,64
Lipscomb,409,"Judge, Court of Criminal Appeals, Place 6",,LIB,Mark W. Bennett,2,0,64
Lipscomb,409,"Member, State Board of Education",15,REP,Marty Rowley,71,15,64
Lipscomb,409,"Member, State Board of Education",15,,Over Votes,0,0,0
Lipscomb,409,"Member, State Board of Education",15,,Under Votes,9,1,8
Lipscomb,409,State Representative,88,REP,Ken King,70,14,64
Lipscomb,409,State Representative,88,,Over Votes,0,0,0
Lipscomb,409,State Representative,88,,Under Votes,10,2,8
Lipscomb,409,"Justice, 7th Court of Appeals District, Place 4",,REP,Jim Campbell,72,16,64
Lipscomb,409,"Justice, 7th Court of Appeals District, Place 4",,,Over Votes,0,0,0
Lipscomb,409,"Justice, 7th Court of Appeals District, Place 4",,,Under Votes,8,0,8
Lipscomb,409,"District Attorney, 31st Judicial District",,REP,Franklin McDonough,72,16,64
Lipscomb,409,"District Attorney, 31st Judicial District",,,Over Votes,0,0,0
Lipscomb,409,"District Attorney, 31st Judicial District",,,Under Votes,8,0,8
Lipscomb,409,County Attorney,,REP,Matthew Bartosiewicz,72,15,64
Lipscomb,409,County Attorney,,,Over Votes,0,0,0
Lipscomb,409,County Attorney,,,Under Votes,8,1,7
Lipscomb,409,Sheriff,,REP,Kenneth M. Eggleston,72,16,64
Lipscomb,409,Sheriff,,,Over Votes,0,0,0
Lipscomb,409,Sheriff,,,Under Votes,8,0,8
Lipscomb,409,Tax Assessor-Collector,,REP,Sharla Bradshaw,70,16,64
Lipscomb,409,Tax Assessor-Collector,,,Over Votes,0,0,0
Lipscomb,409,Tax Assessor-Collector,,,Under Votes,10,0,10
Lipscomb,409,County Treasurer - Unexpired Term,,REP,Kimberly L. Long,72,16,64
Lipscomb,409,County Treasurer - Unexpired Term,,,Over Votes,0,0,0
Lipscomb,409,County Treasurer - Unexpired Term,,,Under Votes,8,0,8
