county,precinct,office,district,party,candidate,votes,early_votes,election_day
Lampasas,1,President ,,REP,Ben Carson,25,5,20
Lampasas,1,President ,,REP,Chris Christie,0,0,0
Lampasas,1,President ,,REP,Rick Santorum,0,0,0
Lampasas,1,President ,,REP,John R. Kasich,13,4,9
Lampasas,1,President ,,REP,Donald J. Trump,167,43,124
Lampasas,1,President ,,REP,Carly Fiorina,0,0,0
Lampasas,1,President ,,REP,Rand Paul,1,0,1
Lampasas,1,President ,,REP,Marco Rubio,74,27,47
Lampasas,1,President ,,REP,Lindsey Graham,0,0,0
Lampasas,1,President ,,REP,Mike Huckabee,3,1,2
Lampasas,1,President ,,REP,Elizabeth Gray,0,0,0
Lampasas,1,President ,,REP,Jeb Bush,9,7,2
Lampasas,1,President ,,REP,Ted Cruz,194,40,154
Lampasas,1,President ,,REP,Uncommitted,5,4,1
Lampasas,1,U.S. House,25,REP,Roger Williams,414,114,300
Lampasas,1,Railroad Commissioner ,,REP,Weston Martinez,40,14,26
Lampasas,1,Railroad Commissioner ,,REP,Wayne Christian,77,18,59
Lampasas,1,Railroad Commissioner ,,REP,Lance N. Christian,46,8,38
Lampasas,1,Railroad Commissioner ,,REP,John Greytok,29,5,24
Lampasas,1,Railroad Commissioner ,,REP,Doug Jeffrey,61,15,46
Lampasas,1,Railroad Commissioner ,,REP,Ron Hale,69,21,48
Lampasas,1,Railroad Commissioner ,,REP,Gary Gates,82,29,53
Lampasas,1,"Justice, Supreme Court, Place 3 ",,REP,Michael Massengale,235,65,170
Lampasas,1,"Justice, Supreme Court, Place 3 ",,REP,Debra Lehrmann,188,50,138
Lampasas,1,"Justice, Supreme Court, Place 5 ",,REP,Rick Green,275,69,206
Lampasas,1,"Justice, Supreme Court, Place 5 ",,REP,Paul Green,136,44,92
Lampasas,1,"Justice, Supreme Court, Place 9 ",,REP,Joe Pool,220,54,166
Lampasas,1,"Justice, Supreme Court, Place 9 ",,REP,Eva Guzman,196,58,138
Lampasas,1,"Judge, Court of Criminal Appeals, Place 2 ",,REP,Mary Lou Keel,160,43,117
Lampasas,1,"Judge, Court of Criminal Appeals, Place 2 ",,REP,Ray Wheless,168,47,121
Lampasas,1,"Judge, Court of Criminal Appeals, Place 2 ",,REP,Chris Oldner,82,19,63
Lampasas,1,"Judge, Court of Criminal Appeals, Place 5 ",,REP,Sid Harle,60,29,31
Lampasas,1,"Judge, Court of Criminal Appeals, Place 5 ",,REP,Scott Walker,195,51,144
Lampasas,1,"Judge, Court of Criminal Appeals, Place 5 ",,REP,Steve Smith,83,15,68
Lampasas,1,"Judge, Court of Criminal Appeals, Place 5 ",,REP,Brent Webster,68,16,52
Lampasas,1,"Judge, Court of Criminal Appeals, Place 6 ",,REP,Richard Davis,218,57,161
Lampasas,1,"Judge, Court of Criminal Appeals, Place 6 ",,REP,Michael E. Keasler,178,53,125
Lampasas,1,"Member, State Board of Education",14,REP,Sue Melton-Malone,381,108,273
Lampasas,1,State Senate,24,REP,Dawn Buckingham,122,28,94
Lampasas,1,State Senate,24,REP,Brent Mayes,57,13,44
Lampasas,1,State Senate,24,REP,Reed Williams,34,8,26
Lampasas,1,State Senate,24,REP,Ryan Downton,12,7,5
Lampasas,1,State Senate,24,REP,Susan King,79,26,53
Lampasas,1,State Senate,24,REP,Jon Cobb,133,40,93
Lampasas,1,State Representative,54,REP,Austin Ruiz,141,31,110
Lampasas,1,State Representative,54,REP,Larry S. Smith,138,52,86
Lampasas,1,State Representative,54,REP,Scott Cosper,171,36,135
Lampasas,1,"Justice, 3rd Court of Appeals District, Place 2 ",,REP,Cindy Olson Bourland,390,106,284
Lampasas,1,"Justice, 3rd Court of Appeals District, Place 4 ",,REP,Melissa Goodwin,387,106,281
Lampasas,1,"District Judge, 27th Judicial District ",,REP,John Gauntt,387,106,281
Lampasas,1,County Attorney ,,REP,John Greenwood,394,113,281
Lampasas,1,Sheriff ,,REP,Jess Ramos,410,112,298
Lampasas,1,Tax Assessor-Collector ,,REP,Linda Crawford,420,115,305
Lampasas,1,"County Commissioner, Precinct No. 1 ",,REP,"James ""Bobby"" Evans",162,59,103
Lampasas,1,"County Commissioner, Precinct No. 1 ",,REP,Bobby Carroll,278,62,216
Lampasas,1,"Constable, Precinct No. 4 ",,REP,Forrest W. Spence,402,109,293
Lampasas,1,County Chairman ,,REP,Skipper Wallace,398,111,287
Lampasas,1,President ,,DEM,Martin J. O'Malley,1,1,0
Lampasas,1,President ,,DEM,"Roque ""Rocky"" De La Fuente",0,0,0
Lampasas,1,President ,,DEM,Keith Judd,0,0,0
Lampasas,1,President ,,DEM,Willie L. Wilson,0,0,0
Lampasas,1,President ,,DEM,Bernie Sanders,36,9,27
Lampasas,1,President ,,DEM,Calvis L. Hawes,0,0,0
Lampasas,1,President ,,DEM,Star Locke,0,0,0
Lampasas,1,President ,,DEM,Hillary Clinton,62,16,46
Lampasas,1,U.S. House,25,REP,Kathi Thomas,88,25,63
Lampasas,1,Railroad Commissioner ,,DEM,Cody Garrett,34,10,24
Lampasas,1,Railroad Commissioner ,,DEM,Grady Yarbrough,30,7,23
Lampasas,1,Railroad Commissioner ,,DEM,Lon Burnam,24,7,17
Lampasas,1,"Justice, Supreme Court, Place 3 ",,DEM,Mike Westergren,85,25,60
Lampasas,1,"Justice, Supreme Court, Place 5 ",,DEM,Dori Contreras Garza,86,25,61
Lampasas,1,"Justice, Supreme Court, Place 9 ",,DEM,Savannah Robinson,81,25,56
Lampasas,1,"Judge, Court of Criminal Appeals, Place 2 ",,DEM,"Lawrence ""Larry"" Meyers",81,23,58
Lampasas,1,"Judge, Court of Criminal Appeals, Place 5 ",,DEM,Betsy Johnson,81,24,57
Lampasas,1,"Judge, Court of Criminal Appeals, Place 6 ",,DEM,Robert Burns,81,23,58
Lampasas,1,State Senate,24,,"Virginia ""Jennie Lou"" Leeder",81,24,57
Lampasas,1,State Representative,54,REP,Lan Carter,30,5,25
Lampasas,1,State Representative,54,REP,Sandra Blankenship,59,19,40
Lampasas,1,County Chairman ,,DEM,Jennifer Scribner,73,21,52
Lampasas,1,REFERENDA ITEM #1 ,,DEM,For,98,26,72
Lampasas,1,REFERENDA ITEM #1 ,,DEM,Against,0,0,0
Lampasas,1,REFERENDA ITEM #2  ,,DEM,For,93,26,67
Lampasas,1,REFERENDA ITEM #2  ,,DEM,Against,3,0,3
Lampasas,1,REFERENDA ITEM #3  ,,DEM,For,92,25,67
Lampasas,1,REFERENDA ITEM #3  ,,DEM,Against,5,0,5
Lampasas,1,REFERENDA ITEM #4  ,,DEM,For,91,25,66
Lampasas,1,REFERENDA ITEM #4  ,,DEM,Against,4,0,4
Lampasas,1,REFERENDA ITEM #5  ,,DEM,For,76,22,54
Lampasas,1,REFERENDA ITEM #5  ,,DEM,Against,22,3,19
Lampasas,1,REFERENDA ITEM #6  ,,DEM,For,87,23,64
Lampasas,1,REFERENDA ITEM #6  ,,DEM,Against,10,2,8
Lampasas,1,Proposition 1 ,,REP,YES,328,87,241
Lampasas,1,Proposition 1 ,,REP,NO,140,38,102
Lampasas,1,Proposition 2 ,,REP,YES,303,87,216
Lampasas,1,Proposition 2 ,,REP,NO,174,41,133
Lampasas,1,Proposition 3 ,,REP,YES,403,117,286
Lampasas,1,Proposition 3 ,,REP,NO,62,11,51
Lampasas,1,Proposition 4 ,,REP,YES,451,125,326
Lampasas,1,Proposition 4 ,,REP,NO,18,3,15
Lampasas,2,President ,,REP,Ben Carson,47,19,28
Lampasas,2,President ,,REP,Chris Christie,0,0,0
Lampasas,2,President ,,REP,Rick Santorum,0,0,0
Lampasas,2,President ,,REP,John R. Kasich,51,37,14
Lampasas,2,President ,,REP,Donald J. Trump,307,158,149
Lampasas,2,President ,,REP,Carly Fiorina,0,0,0
Lampasas,2,President ,,REP,Rand Paul,4,2,2
Lampasas,2,President ,,REP,Marco Rubio,157,92,65
Lampasas,2,President ,,REP,Lindsey Graham,0,0,0
Lampasas,2,President ,,REP,Mike Huckabee,4,3,1
Lampasas,2,President ,,REP,Elizabeth Gray,0,0,0
Lampasas,2,President ,,REP,Jeb Bush,14,9,5
Lampasas,2,President ,,REP,Ted Cruz,427,191,236
Lampasas,2,President ,,REP,Uncommitted,13,10,3
Lampasas,2,U.S. House,25,REP,Roger Williams,802,423,379
Lampasas,2,Railroad Commissioner ,,REP,Weston Martinez,74,35,39
Lampasas,2,Railroad Commissioner ,,REP,Wayne Christian,129,76,53
Lampasas,2,Railroad Commissioner ,,REP,Lance N. Christian,88,48,40
Lampasas,2,Railroad Commissioner ,,REP,John Greytok,55,24,31
Lampasas,2,Railroad Commissioner ,,REP,Doug Jeffrey,68,31,37
Lampasas,2,Railroad Commissioner ,,REP,Ron Hale,115,53,62
Lampasas,2,Railroad Commissioner ,,REP,Gary Gates,229,136,93
Lampasas,2,"Justice, Supreme Court, Place 3 ",,REP,Michael Massengale,422,215,207
Lampasas,2,"Justice, Supreme Court, Place 3 ",,REP,Debra Lehrmann,380,212,168
Lampasas,2,"Justice, Supreme Court, Place 5 ",,REP,Rick Green,526,272,254
Lampasas,2,"Justice, Supreme Court, Place 5 ",,REP,Paul Green,262,146,116
Lampasas,2,"Justice, Supreme Court, Place 9 ",,REP,Joe Pool,407,185,222
Lampasas,2,"Justice, Supreme Court, Place 9 ",,REP,Eva Guzman,395,244,151
Lampasas,2,"Judge, Court of Criminal Appeals, Place 2 ",,REP,Mary Lou Keel,325,192,133
Lampasas,2,"Judge, Court of Criminal Appeals, Place 2 ",,REP,Ray Wheless,249,131,118
Lampasas,2,"Judge, Court of Criminal Appeals, Place 2 ",,REP,Chris Oldner,183,86,97
Lampasas,2,"Judge, Court of Criminal Appeals, Place 5 ",,REP,Sid Harle,160,108,52
Lampasas,2,"Judge, Court of Criminal Appeals, Place 5 ",,REP,Scott Walker,328,164,164
Lampasas,2,"Judge, Court of Criminal Appeals, Place 5 ",,REP,Steve Smith,141,55,86
Lampasas,2,"Judge, Court of Criminal Appeals, Place 5 ",,REP,Brent Webster,131,84,47
Lampasas,2,"Judge, Court of Criminal Appeals, Place 6 ",,REP,Richard Davis,408,207,201
Lampasas,2,"Judge, Court of Criminal Appeals, Place 6 ",,REP,Michael E. Keasler,330,189,141
Lampasas,2,"Member, State Board of Education",14,,Sue Melton-Malone,712,376,336
Lampasas,2,State Senate,24,,Dawn Buckingham,223,110,113
Lampasas,2,State Senate,24,,Brent Mayes,129,74,55
Lampasas,2,State Senate,24,,Reed Williams,117,64,53
Lampasas,2,State Senate,24,,Ryan Downton,23,13,10
Lampasas,2,State Senate,24,,Susan King,181,99,82
Lampasas,2,State Senate,24,,Jon Cobb,207,110,97
Lampasas,2,State Representative,54,REP,Austin Ruiz,241,93,148
Lampasas,2,State Representative,54,REP,Larry S. Smith,295,173,122
Lampasas,2,State Representative,54,REP,Scott Cosper,374,211,163
Lampasas,2,"Justice, 3rd Court of Appeals District, Place 2 ",,REP,Cindy Olson Bourland,720,376,344
Lampasas,2,"Justice, 3rd Court of Appeals District, Place 4 ",,REP,Melissa Goodwin,723,379,344
Lampasas,2,"District Judge, 27th Judicial District ",,REP,John Gauntt,732,384,348
Lampasas,2,County Attorney ,,REP,John Greenwood,802,425,377
Lampasas,2,Sheriff ,,REP,Jess Ramos,878,460,418
Lampasas,2,Tax Assessor-Collector ,,REP,Linda Crawford,868,462,406
Lampasas,2,"Constable, Precinct No. 1 ",,REP,Bob Montgomery,809,418,391
Lampasas,2,County Chairman ,,REP,Skipper Wallace,815,430,385
Lampasas,2,President ,,DEM,Martin J. O'Malley,1,0,1
Lampasas,2,President ,,DEM,"Roque ""Rocky"" De La Fuente",0,0,0
Lampasas,2,President ,,DEM,Keith Judd,1,0,1
Lampasas,2,President ,,DEM,Willie L. Wilson,1,0,1
Lampasas,2,President ,,DEM,Bernie Sanders,55,26,29
Lampasas,2,President ,,DEM,Calvis L. Hawes,0,0,0
Lampasas,2,President ,,DEM,Star Locke,0,0,0
Lampasas,2,President ,,DEM,Hillary Clinton,91,48,43
Lampasas,2,U.S. House,25,REP,Kathi Thomas,114,63,51
Lampasas,2,Railroad Commissioner ,,DEM,Cody Garrett,40,19,21
Lampasas,2,Railroad Commissioner ,,DEM,Grady Yarbrough,48,25,23
Lampasas,2,Railroad Commissioner ,,DEM,Lon Burnam,27,16,11
Lampasas,2,"Justice, Supreme Court, Place 3 ",,DEM,Mike Westergren,106,58,48
Lampasas,2,"Justice, Supreme Court, Place 5 ",,DEM,Dori Contreras Garza,108,56,52
Lampasas,2,"Justice, Supreme Court, Place 9 ",,DEM,Savannah Robinson,106,59,47
Lampasas,2,"Judge, Court of Criminal Appeals, Place 2 ",,DEM,"Lawrence ""Larry"" Meyers",105,58,47
Lampasas,2,"Judge, Court of Criminal Appeals, Place 5 ",,DEM,Betsy Johnson,112,60,52
Lampasas,2,"Judge, Court of Criminal Appeals, Place 6 ",,DEM,Robert Burns,108,58,50
Lampasas,2,State Senate,24,,"Virginia ""Jennie Lou"" Leeder",108,58,50
Lampasas,2,State Representative,54,REP,Lan Carter,35,17,18
Lampasas,2,State Representative,54,REP,Sandra Blankenship,85,46,39
Lampasas,2,County Chairman ,,DEM,Jennifer Scribner,96,53,43
Lampasas,2,REFERENDA ITEM #1 ,,DEM,For,120,60,60
Lampasas,2,REFERENDA ITEM #1 ,,DEM,Against,20,9,11
Lampasas,2,REFERENDA ITEM #2  ,,DEM,For,127,64,63
Lampasas,2,REFERENDA ITEM #2  ,,DEM,Against,13,5,8
Lampasas,2,REFERENDA ITEM #3  ,,DEM,For,123,64,59
Lampasas,2,REFERENDA ITEM #3  ,,DEM,Against,15,5,10
Lampasas,2,REFERENDA ITEM #4  ,,DEM,For,116,60,56
Lampasas,2,REFERENDA ITEM #4  ,,DEM,Against,12,3,9
Lampasas,2,REFERENDA ITEM #5  ,,DEM,For,112,62,50
Lampasas,2,REFERENDA ITEM #5  ,,DEM,Against,26,8,18
Lampasas,2,REFERENDA ITEM #6  ,,DEM,For,114,53,61
Lampasas,2,REFERENDA ITEM #6  ,,DEM,Against,22,15,7
Lampasas,2,Proposition 1 ,,REP,YES,662,344,318
Lampasas,2,Proposition 1 ,,REP,NO,284,146,138
Lampasas,2,Proposition 2 ,,REP,YES,585,293,292
Lampasas,2,Proposition 2 ,,REP,NO,362,191,171
Lampasas,2,Proposition 3 ,,REP,YES,790,405,385
Lampasas,2,Proposition 3 ,,REP,NO,158,86,72
Lampasas,2,Proposition 4 ,,REP,YES,907,469,438
Lampasas,2,Proposition 4 ,,REP,NO,41,18,23
Lampasas,3,President ,,REP,Ben Carson,23,5,18
Lampasas,3,President ,,REP,Chris Christie,0,0,0
Lampasas,3,President ,,REP,Rick Santorum,0,0,0
Lampasas,3,President ,,REP,John R. Kasich,7,4,3
Lampasas,3,President ,,REP,Donald J. Trump,101,52,49
Lampasas,3,President ,,REP,Carly Fiorina,1,1,0
Lampasas,3,President ,,REP,Rand Paul,2,1,1
Lampasas,3,President ,,REP,Marco Rubio,33,11,22
Lampasas,3,President ,,REP,Lindsey Graham,0,0,0
Lampasas,3,President ,,REP,Mike Huckabee,0,0,0
Lampasas,3,President ,,REP,Elizabeth Gray,1,0,1
Lampasas,3,President ,,REP,Jeb Bush,15,12,3
Lampasas,3,President ,,REP,Ted Cruz,176,77,99
Lampasas,3,President ,,REP,Uncommitted,6,3,3
Lampasas,3,U.S. House,25,REP,Roger Williams,294,137,157
Lampasas,3,Railroad Commissioner ,,REP,Weston Martinez,33,13,20
Lampasas,3,Railroad Commissioner ,,REP,Wayne Christian,59,31,28
Lampasas,3,Railroad Commissioner ,,REP,Lance N. Christian,28,11,17
Lampasas,3,Railroad Commissioner ,,REP,John Greytok,15,8,7
Lampasas,3,Railroad Commissioner ,,REP,Doug Jeffrey,22,10,12
Lampasas,3,Railroad Commissioner ,,REP,Ron Hale,55,20,35
Lampasas,3,Railroad Commissioner ,,REP,Gary Gates,65,39,26
Lampasas,3,"Justice, Supreme Court, Place 3 ",,REP,Michael Massengale,156,70,86
Lampasas,3,"Justice, Supreme Court, Place 3 ",,REP,Debra Lehrmann,133,67,66
Lampasas,3,"Justice, Supreme Court, Place 5 ",,REP,Rick Green,207,89,118
Lampasas,3,"Justice, Supreme Court, Place 5 ",,REP,Paul Green,72,41,31
Lampasas,3,"Justice, Supreme Court, Place 9 ",,REP,Joe Pool,154,71,83
Lampasas,3,"Justice, Supreme Court, Place 9 ",,REP,Eva Guzman,136,66,70
Lampasas,3,"Judge, Court of Criminal Appeals, Place 2 ",,REP,Mary Lou Keel,103,48,55
Lampasas,3,"Judge, Court of Criminal Appeals, Place 2 ",,REP,Ray Wheless,98,56,42
Lampasas,3,"Judge, Court of Criminal Appeals, Place 2 ",,REP,Chris Oldner,66,26,40
Lampasas,3,"Judge, Court of Criminal Appeals, Place 5 ",,REP,Sid Harle,36,21,15
Lampasas,3,"Judge, Court of Criminal Appeals, Place 5 ",,REP,Scott Walker,122,59,63
Lampasas,3,"Judge, Court of Criminal Appeals, Place 5 ",,REP,Steve Smith,46,20,26
Lampasas,3,"Judge, Court of Criminal Appeals, Place 5 ",,REP,Brent Webster,63,29,34
Lampasas,3,"Judge, Court of Criminal Appeals, Place 6 ",,REP,Richard Davis,141,70,71
Lampasas,3,"Judge, Court of Criminal Appeals, Place 6 ",,REP,Michael E. Keasler,118,55,63
Lampasas,3,"Member, State Board of Education",14,,Sue Melton-Malone,254,120,134
Lampasas,3,State Senate,24,,Dawn Buckingham,89,42,47
Lampasas,3,State Senate,24,,Brent Mayes,53,28,25
Lampasas,3,State Senate,24,,Reed Williams,38,16,22
Lampasas,3,State Senate,24,,Ryan Downton,21,7,14
Lampasas,3,State Senate,24,,Susan King,59,31,28
Lampasas,3,State Senate,24,,Jon Cobb,66,29,37
Lampasas,3,State Representative,54,REP,Austin Ruiz,105,29,76
Lampasas,3,State Representative,54,REP,Larry S. Smith,126,70,56
Lampasas,3,State Representative,54,REP,Scott Cosper,98,50,48
Lampasas,3,"Justice, 3rd Court of Appeals District, Place 2 ",,REP,Cindy Olson Bourland,267,120,147
Lampasas,3,"Justice, 3rd Court of Appeals District, Place 4 ",,REP,Melissa Goodwin,274,121,153
Lampasas,3,"District Judge, 27th Judicial District ",,REP,John Gauntt,269,124,145
Lampasas,3,County Attorney ,,REP,John Greenwood,283,133,150
Lampasas,3,Sheriff ,,REP,Jess Ramos,314,144,170
Lampasas,3,Tax Assessor-Collector ,,REP,Linda Crawford,312,145,167
Lampasas,3,"County Commissioner, Precinct No. 3 ",,REP,Lewis Bridges,279,128,151
Lampasas,3,"Constable, Precinct No. 1 ",,REP,Bob Montgomery,279,130,149
Lampasas,3,County Chairman ,,REP,Skipper Wallace,288,133,155
Lampasas,3,President ,,DEM,Martin J. O'Malley,1,0,1
Lampasas,3,President ,,DEM,"Roque ""Rocky"" De La Fuente",1,1,0
Lampasas,3,President ,,DEM,Keith Judd,0,0,0
Lampasas,3,President ,,DEM,Willie L. Wilson,0,0,0
Lampasas,3,President ,,DEM,Bernie Sanders,26,11,15
Lampasas,3,President ,,DEM,Calvis L. Hawes,0,0,0
Lampasas,3,President ,,DEM,Star Locke,0,0,0
Lampasas,3,President ,,DEM,Hillary Clinton,43,23,20
Lampasas,3,U.S. House,25,REP,Kathi Thomas,54,29,25
Lampasas,3,Railroad Commissioner ,,DEM,Cody Garrett,21,8,13
Lampasas,3,Railroad Commissioner ,,DEM,Grady Yarbrough,20,9,11
Lampasas,3,Railroad Commissioner ,,DEM,Lon Burnam,10,9,1
Lampasas,3,"Justice, Supreme Court, Place 3 ",,DEM,Mike Westergren,51,28,23
Lampasas,3,"Justice, Supreme Court, Place 5 ",,DEM,Dori Contreras Garza,52,30,22
Lampasas,3,"Justice, Supreme Court, Place 9 ",,DEM,Savannah Robinson,53,31,22
Lampasas,3,"Judge, Court of Criminal Appeals, Place 2 ",,DEM,"Lawrence ""Larry"" Meyers",54,31,23
Lampasas,3,"Judge, Court of Criminal Appeals, Place 5 ",,DEM,Betsy Johnson,53,31,22
Lampasas,3,"Judge, Court of Criminal Appeals, Place 6 ",,DEM,Robert Burns,53,31,22
Lampasas,3,State Senate,24,,"Virginia ""Jennie Lou"" Leeder",53,31,22
Lampasas,3,State Representative,54,REP,Lan Carter,21,11,10
Lampasas,3,State Representative,54,REP,Sandra Blankenship,37,20,17
Lampasas,3,County Chairman ,,DEM,Jennifer Scribner,51,26,25
Lampasas,3,REFERENDA ITEM #1 ,,DEM,For,62,34,28
Lampasas,3,REFERENDA ITEM #1 ,,DEM,Against,1,0,1
Lampasas,3,REFERENDA ITEM #2  ,,DEM,For,58,33,25
Lampasas,3,REFERENDA ITEM #2  ,,DEM,Against,6,2,4
Lampasas,3,REFERENDA ITEM #3  ,,DEM,For,55,30,25
Lampasas,3,REFERENDA ITEM #3  ,,DEM,Against,9,4,5
Lampasas,3,REFERENDA ITEM #4  ,,DEM,For,57,32,25
Lampasas,3,REFERENDA ITEM #4  ,,DEM,Against,6,3,3
Lampasas,3,REFERENDA ITEM #5  ,,DEM,For,53,32,21
Lampasas,3,REFERENDA ITEM #5  ,,DEM,Against,13,4,9
Lampasas,3,REFERENDA ITEM #6  ,,DEM,For,57,33,24
Lampasas,3,REFERENDA ITEM #6  ,,DEM,Against,5,1,4
Lampasas,3,Proposition 1 ,,REP,YES,248,119,129
Lampasas,3,Proposition 1 ,,REP,NO,96,43,53
Lampasas,3,Proposition 2 ,,REP,YES,213,92,121
Lampasas,3,Proposition 2 ,,REP,NO,140,71,69
Lampasas,3,Proposition 3 ,,REP,YES,285,138,147
Lampasas,3,Proposition 3 ,,REP,NO,56,21,35
Lampasas,3,Proposition 4 ,,REP,YES,328,155,173
Lampasas,3,Proposition 4 ,,REP,NO,16,7,9
Lampasas,4,President ,,REP,Ben Carson,17,6,11
Lampasas,4,President ,,REP,Chris Christie,0,0,0
Lampasas,4,President ,,REP,Rick Santorum,0,0,0
Lampasas,4,President ,,REP,John R. Kasich,11,4,7
Lampasas,4,President ,,REP,Donald J. Trump,107,54,53
Lampasas,4,President ,,REP,Carly Fiorina,1,0,1
Lampasas,4,President ,,REP,Rand Paul,0,0,0
Lampasas,4,President ,,REP,Marco Rubio,31,10,21
Lampasas,4,President ,,REP,Lindsey Graham,1,1,0
Lampasas,4,President ,,REP,Mike Huckabee,1,1,0
Lampasas,4,President ,,REP,Elizabeth Gray,0,0,0
Lampasas,4,President ,,REP,Jeb Bush,4,4,0
Lampasas,4,President ,,REP,Ted Cruz,149,64,85
Lampasas,4,President ,,REP,Uncommitted,4,1,3
Lampasas,4,U.S. House,25,REP,Roger Williams,263,120,143
Lampasas,4,Railroad Commissioner ,,REP,Weston Martinez,22,7,15
Lampasas,4,Railroad Commissioner ,,REP,Wayne Christian,58,33,25
Lampasas,4,Railroad Commissioner ,,REP,Lance N. Christian,21,10,11
Lampasas,4,Railroad Commissioner ,,REP,John Greytok,16,8,8
Lampasas,4,Railroad Commissioner ,,REP,Doug Jeffrey,24,11,13
Lampasas,4,Railroad Commissioner ,,REP,Ron Hale,46,21,25
Lampasas,4,Railroad Commissioner ,,REP,Gary Gates,65,32,33
Lampasas,4,"Justice, Supreme Court, Place 3 ",,REP,Michael Massengale,158,78,80
Lampasas,4,"Justice, Supreme Court, Place 3 ",,REP,Debra Lehrmann,112,52,60
Lampasas,4,"Justice, Supreme Court, Place 5 ",,REP,Rick Green,185,85,100
Lampasas,4,"Justice, Supreme Court, Place 5 ",,REP,Paul Green,75,41,34
Lampasas,4,"Justice, Supreme Court, Place 9 ",,REP,Joe Pool,133,67,66
Lampasas,4,"Justice, Supreme Court, Place 9 ",,REP,Eva Guzman,136,62,74
Lampasas,4,"Judge, Court of Criminal Appeals, Place 2 ",,REP,Mary Lou Keel,112,53,59
Lampasas,4,"Judge, Court of Criminal Appeals, Place 2 ",,REP,Ray Wheless,77,40,37
Lampasas,4,"Judge, Court of Criminal Appeals, Place 2 ",,REP,Chris Oldner,62,28,34
Lampasas,4,"Judge, Court of Criminal Appeals, Place 5 ",,REP,Sid Harle,35,16,19
Lampasas,4,"Judge, Court of Criminal Appeals, Place 5 ",,REP,Scott Walker,114,58,56
Lampasas,4,"Judge, Court of Criminal Appeals, Place 5 ",,REP,Steve Smith,49,19,30
Lampasas,4,"Judge, Court of Criminal Appeals, Place 5 ",,REP,Brent Webster,52,27,25
Lampasas,4,"Judge, Court of Criminal Appeals, Place 6 ",,REP,Richard Davis,141,68,73
Lampasas,4,"Judge, Court of Criminal Appeals, Place 6 ",,REP,Michael E. Keasler,100,49,51
Lampasas,4,"Member, State Board of Education",14,,Sue Melton-Malone,243,120,123
Lampasas,4,State Senate,24,,Dawn Buckingham,87,41,46
Lampasas,4,State Senate,24,,Brent Mayes,49,23,26
Lampasas,4,State Senate,24,,Reed Williams,26,8,18
Lampasas,4,State Senate,24,,Ryan Downton,7,2,5
Lampasas,4,State Senate,24,,Susan King,41,23,18
Lampasas,4,State Senate,24,,Jon Cobb,83,40,43
Lampasas,4,State Representative,54,REP,Austin Ruiz,92,32,60
Lampasas,4,State Representative,54,REP,Larry S. Smith,99,59,40
Lampasas,4,State Representative,54,REP,Scott Cosper,108,47,61
Lampasas,4,"Justice, 3rd Court of Appeals District, Place 2 ",,REP,Cindy Olson Bourland,247,123,124
Lampasas,4,"Justice, 3rd Court of Appeals District, Place 4 ",,REP,Melissa Goodwin,243,120,123
Lampasas,4,"District Judge, 27th Judicial District ",,REP,John Gauntt,254,124,130
Lampasas,4,County Attorney ,,REP,John Greenwood,261,122,139
Lampasas,4,Sheriff ,,REP,Jess Ramos,279,129,150
Lampasas,4,Tax Assessor-Collector ,,REP,Linda Crawford,283,130,153
Lampasas,4,"Constable, Precinct No. 1 ",,REP,Bob Montgomery,260,124,136
Lampasas,4,County Chairman ,,REP,Skipper Wallace,261,126,135
Lampasas,4,President ,,DEM,Martin J. O'Malley,0,0,0
Lampasas,4,President ,,DEM,"Roque ""Rocky"" De La Fuente",0,0,0
Lampasas,4,President ,,DEM,Keith Judd,0,0,0
Lampasas,4,President ,,DEM,Willie L. Wilson,1,0,1
Lampasas,4,President ,,DEM,Bernie Sanders,13,7,6
Lampasas,4,President ,,DEM,Calvis L. Hawes,0,0,0
Lampasas,4,President ,,DEM,Star Locke,0,0,0
Lampasas,4,President ,,DEM,Hillary Clinton,16,8,8
Lampasas,4,U.S. House,25,REP,Kathi Thomas,23,11,12
Lampasas,4,Railroad Commissioner ,,DEM,Cody Garrett,5,2,3
Lampasas,4,Railroad Commissioner ,,DEM,Grady Yarbrough,13,4,9
Lampasas,4,Railroad Commissioner ,,DEM,Lon Burnam,8,7,1
Lampasas,4,"Justice, Supreme Court, Place 3 ",,DEM,Mike Westergren,22,11,11
Lampasas,4,"Justice, Supreme Court, Place 5 ",,DEM,Dori Contreras Garza,24,11,13
Lampasas,4,"Justice, Supreme Court, Place 9 ",,DEM,Savannah Robinson,22,10,12
Lampasas,4,"Judge, Court of Criminal Appeals, Place 2 ",,DEM,"Lawrence ""Larry"" Meyers",22,11,11
Lampasas,4,"Judge, Court of Criminal Appeals, Place 5 ",,DEM,Betsy Johnson,23,11,12
Lampasas,4,"Judge, Court of Criminal Appeals, Place 6 ",,DEM,Robert Burns,23,11,12
Lampasas,4,State Senate,24,,"Virginia ""Jennie Lou"" Leeder",22,11,11
Lampasas,4,State Representative,54,REP,Lan Carter,8,5,3
Lampasas,4,State Representative,54,REP,Sandra Blankenship,17,7,10
Lampasas,4,County Chairman ,,DEM,Jennifer Scribner,25,13,12
Lampasas,4,REFERENDA ITEM #1 ,,DEM,For,27,14,13
Lampasas,4,REFERENDA ITEM #1 ,,DEM,Against,3,1,2
Lampasas,4,REFERENDA ITEM #2  ,,DEM,For,30,16,14
Lampasas,4,REFERENDA ITEM #2  ,,DEM,Against,1,0,1
Lampasas,4,REFERENDA ITEM #3  ,,DEM,For,29,14,15
Lampasas,4,REFERENDA ITEM #3  ,,DEM,Against,0,0,0
Lampasas,4,REFERENDA ITEM #4  ,,DEM,For,24,12,12
Lampasas,4,REFERENDA ITEM #4  ,,DEM,Against,4,1,3
Lampasas,4,REFERENDA ITEM #5  ,,DEM,For,22,12,10
Lampasas,4,REFERENDA ITEM #5  ,,DEM,Against,6,2,4
Lampasas,4,REFERENDA ITEM #6  ,,DEM,For,24,13,11
Lampasas,4,REFERENDA ITEM #6  ,,DEM,Against,5,1,4
Lampasas,4,Proposition 1 ,,REP,YES,232,116,116
Lampasas,4,Proposition 1 ,,REP,NO,79,27,52
Lampasas,4,Proposition 2 ,,REP,YES,196,81,115
Lampasas,4,Proposition 2 ,,REP,NO,124,65,59
Lampasas,4,Proposition 3 ,,REP,YES,275,131,144
Lampasas,4,Proposition 3 ,,REP,NO,41,13,28
Lampasas,4,Proposition 4 ,,REP,YES,304,139,165
Lampasas,4,Proposition 4 ,,REP,NO,15,7,8
Lampasas,5,President ,,REP,Ben Carson,6,0,6
Lampasas,5,President ,,REP,Chris Christie,0,0,0
Lampasas,5,President ,,REP,Rick Santorum,0,0,0
Lampasas,5,President ,,REP,John R. Kasich,4,1,3
Lampasas,5,President ,,REP,Donald J. Trump,69,40,29
Lampasas,5,President ,,REP,Carly Fiorina,0,0,0
Lampasas,5,President ,,REP,Rand Paul,0,0,0
Lampasas,5,President ,,REP,Marco Rubio,10,5,5
Lampasas,5,President ,,REP,Lindsey Graham,0,0,0
Lampasas,5,President ,,REP,Mike Huckabee,0,0,0
Lampasas,5,President ,,REP,Elizabeth Gray,0,0,0
Lampasas,5,President ,,REP,Jeb Bush,1,0,1
Lampasas,5,President ,,REP,Ted Cruz,116,37,79
Lampasas,5,President ,,REP,Uncommitted,1,0,1
Lampasas,5,U.S. House,25,REP,Roger Williams,153,66,87
Lampasas,5,Railroad Commissioner ,,REP,Weston Martinez,6,3,3
Lampasas,5,Railroad Commissioner ,,REP,Wayne Christian,32,18,14
Lampasas,5,Railroad Commissioner ,,REP,Lance N. Christian,19,8,11
Lampasas,5,Railroad Commissioner ,,REP,John Greytok,10,6,4
Lampasas,5,Railroad Commissioner ,,REP,Doug Jeffrey,15,4,11
Lampasas,5,Railroad Commissioner ,,REP,Ron Hale,25,7,18
Lampasas,5,Railroad Commissioner ,,REP,Gary Gates,46,22,24
Lampasas,5,"Justice, Supreme Court, Place 3 ",,REP,Michael Massengale,108,44,64
Lampasas,5,"Justice, Supreme Court, Place 3 ",,REP,Debra Lehrmann,61,30,31
Lampasas,5,"Justice, Supreme Court, Place 5 ",,REP,Rick Green,99,43,56
Lampasas,5,"Justice, Supreme Court, Place 5 ",,REP,Paul Green,61,28,33
Lampasas,5,"Justice, Supreme Court, Place 9 ",,REP,Joe Pool,66,28,38
Lampasas,5,"Justice, Supreme Court, Place 9 ",,REP,Eva Guzman,102,46,56
Lampasas,5,"Judge, Court of Criminal Appeals, Place 2 ",,REP,Mary Lou Keel,46,17,29
Lampasas,5,"Judge, Court of Criminal Appeals, Place 2 ",,REP,Ray Wheless,88,40,48
Lampasas,5,"Judge, Court of Criminal Appeals, Place 2 ",,REP,Chris Oldner,29,12,17
Lampasas,5,"Judge, Court of Criminal Appeals, Place 5 ",,REP,Sid Harle,30,16,14
Lampasas,5,"Judge, Court of Criminal Appeals, Place 5 ",,REP,Scott Walker,76,28,48
Lampasas,5,"Judge, Court of Criminal Appeals, Place 5 ",,REP,Steve Smith,10,4,6
Lampasas,5,"Judge, Court of Criminal Appeals, Place 5 ",,REP,Brent Webster,47,21,26
Lampasas,5,"Judge, Court of Criminal Appeals, Place 6 ",,REP,Richard Davis,83,37,46
Lampasas,5,"Judge, Court of Criminal Appeals, Place 6 ",,REP,Michael E. Keasler,65,28,37
Lampasas,5,"Member, State Board of Education",14,,Sue Melton-Malone,133,61,72
Lampasas,5,State Senate,24,,Dawn Buckingham,42,18,24
Lampasas,5,State Senate,24,,Brent Mayes,50,20,30
Lampasas,5,State Senate,24,,Reed Williams,14,4,10
Lampasas,5,State Senate,24,,Ryan Downton,3,2,1
Lampasas,5,State Senate,24,,Susan King,26,13,13
Lampasas,5,State Senate,24,,Jon Cobb,43,19,24
Lampasas,5,State Representative,54,REP,Austin Ruiz,37,15,22
Lampasas,5,State Representative,54,REP,Larry S. Smith,72,30,42
Lampasas,5,State Representative,54,REP,Scott Cosper,70,31,39
Lampasas,5,"Justice, 3rd Court of Appeals District, Place 2 ",,REP,Cindy Olson Bourland,136,59,77
Lampasas,5,"Justice, 3rd Court of Appeals District, Place 4 ",,REP,Melissa Goodwin,134,59,75
Lampasas,5,"District Judge, 27th Judicial District ",,REP,John Gauntt,132,58,74
Lampasas,5,County Attorney ,,REP,John Greenwood,150,63,87
Lampasas,5,Sheriff ,,REP,Jess Ramos,163,70,93
Lampasas,5,Tax Assessor-Collector ,,REP,Linda Crawford,170,71,99
Lampasas,5,"Constable, Precinct No. 4 ",,REP,Forrest W. Spence,150,67,83
Lampasas,5,County Chairman ,,REP,Skipper Wallace,154,67,87
Lampasas,5,President ,,DEM,Martin J. O'Malley,0,0,0
Lampasas,5,President ,,DEM,"Roque ""Rocky"" De La Fuente",0,0,0
Lampasas,5,President ,,DEM,Keith Judd,0,0,0
Lampasas,5,President ,,DEM,Willie L. Wilson,0,0,0
Lampasas,5,President ,,DEM,Bernie Sanders,9,5,4
Lampasas,5,President ,,DEM,Calvis L. Hawes,0,0,0
Lampasas,5,President ,,DEM,Star Locke,0,0,0
Lampasas,5,President ,,DEM,Hillary Clinton,12,5,7
Lampasas,5,U.S. House,25,REP,Kathi Thomas,16,8,8
Lampasas,5,Railroad Commissioner ,,DEM,Cody Garrett,5,1,4
Lampasas,5,Railroad Commissioner ,,DEM,Grady Yarbrough,5,2,3
Lampasas,5,Railroad Commissioner ,,DEM,Lon Burnam,6,4,2
Lampasas,5,"Justice, Supreme Court, Place 3 ",,DEM,Mike Westergren,16,8,8
Lampasas,5,"Justice, Supreme Court, Place 5 ",,DEM,Dori Contreras Garza,15,8,7
Lampasas,5,"Justice, Supreme Court, Place 9 ",,DEM,Savannah Robinson,16,8,8
Lampasas,5,"Judge, Court of Criminal Appeals, Place 2 ",,DEM,"Lawrence ""Larry"" Meyers",16,8,8
Lampasas,5,"Judge, Court of Criminal Appeals, Place 5 ",,DEM,Betsy Johnson,16,8,8
Lampasas,5,"Judge, Court of Criminal Appeals, Place 6 ",,DEM,Robert Burns,16,8,8
Lampasas,5,State Senate,24,,"Virginia ""Jennie Lou"" Leeder",16,8,8
Lampasas,5,State Representative,54,REP,Lan Carter,5,4,1
Lampasas,5,State Representative,54,REP,Sandra Blankenship,13,5,8
Lampasas,5,County Chairman ,,DEM,Jennifer Scribner,16,9,7
Lampasas,5,REFERENDA ITEM #1 ,,DEM,For,21,10,11
Lampasas,5,REFERENDA ITEM #1 ,,DEM,Against,0,0,0
Lampasas,5,REFERENDA ITEM #2  ,,DEM,For,21,10,11
Lampasas,5,REFERENDA ITEM #2  ,,DEM,Against,0,0,0
Lampasas,5,REFERENDA ITEM #3  ,,DEM,For,19,10,9
Lampasas,5,REFERENDA ITEM #3  ,,DEM,Against,1,0,1
Lampasas,5,REFERENDA ITEM #4  ,,DEM,For,20,9,11
Lampasas,5,REFERENDA ITEM #4  ,,DEM,Against,1,1,0
Lampasas,5,REFERENDA ITEM #5  ,,DEM,For,18,9,9
Lampasas,5,REFERENDA ITEM #5  ,,DEM,Against,3,1,2
Lampasas,5,REFERENDA ITEM #6  ,,DEM,For,20,10,10
Lampasas,5,REFERENDA ITEM #6  ,,DEM,Against,0,0,0
Lampasas,5,Proposition 1 ,,REP,YES,139,63,76
Lampasas,5,Proposition 1 ,,REP,NO,45,15,30
Lampasas,5,Proposition 2 ,,REP,YES,110,52,58
Lampasas,5,Proposition 2 ,,REP,NO,76,26,50
Lampasas,5,Proposition 3 ,,REP,YES,172,74,98
Lampasas,5,Proposition 3 ,,REP,NO,11,3,8
Lampasas,5,Proposition 4 ,,REP,YES,176,73,103
Lampasas,5,Proposition 4 ,,REP,NO,7,3,4
Lampasas,6,President ,,REP,Ben Carson,9,5,4
Lampasas,6,President ,,REP,Chris Christie,0,0,0
Lampasas,6,President ,,REP,Rick Santorum,0,0,0
Lampasas,6,President ,,REP,John R. Kasich,6,3,3
Lampasas,6,President ,,REP,Donald J. Trump,70,37,33
Lampasas,6,President ,,REP,Carly Fiorina,0,0,0
Lampasas,6,President ,,REP,Rand Paul,2,0,2
Lampasas,6,President ,,REP,Marco Rubio,21,10,11
Lampasas,6,President ,,REP,Lindsey Graham,0,0,0
Lampasas,6,President ,,REP,Mike Huckabee,0,0,0
Lampasas,6,President ,,REP,Elizabeth Gray,0,0,0
Lampasas,6,President ,,REP,Jeb Bush,1,1,0
Lampasas,6,President ,,REP,Ted Cruz,95,47,48
Lampasas,6,President ,,REP,Uncommitted,1,1,0
Lampasas,6,U.S. House,25,REP,Roger Williams,156,83,73
Lampasas,6,Railroad Commissioner ,,REP,Weston Martinez,10,7,3
Lampasas,6,Railroad Commissioner ,,REP,Wayne Christian,23,14,9
Lampasas,6,Railroad Commissioner ,,REP,Lance N. Christian,12,7,5
Lampasas,6,Railroad Commissioner ,,REP,John Greytok,7,3,4
Lampasas,6,Railroad Commissioner ,,REP,Doug Jeffrey,21,11,10
Lampasas,6,Railroad Commissioner ,,REP,Ron Hale,28,13,15
Lampasas,6,Railroad Commissioner ,,REP,Gary Gates,51,24,27
Lampasas,6,"Justice, Supreme Court, Place 3 ",,REP,Michael Massengale,104,59,45
Lampasas,6,"Justice, Supreme Court, Place 3 ",,REP,Debra Lehrmann,62,31,31
Lampasas,6,"Justice, Supreme Court, Place 5 ",,REP,Rick Green,107,57,50
Lampasas,6,"Justice, Supreme Court, Place 5 ",,REP,Paul Green,53,28,25
Lampasas,6,"Justice, Supreme Court, Place 9 ",,REP,Joe Pool,88,45,43
Lampasas,6,"Justice, Supreme Court, Place 9 ",,REP,Eva Guzman,80,46,34
Lampasas,6,"Judge, Court of Criminal Appeals, Place 2 ",,REP,Mary Lou Keel,46,23,23
Lampasas,6,"Judge, Court of Criminal Appeals, Place 2 ",,REP,Ray Wheless,69,43,26
Lampasas,6,"Judge, Court of Criminal Appeals, Place 2 ",,REP,Chris Oldner,41,21,20
Lampasas,6,"Judge, Court of Criminal Appeals, Place 5 ",,REP,Sid Harle,20,12,8
Lampasas,6,"Judge, Court of Criminal Appeals, Place 5 ",,REP,Scott Walker,68,40,28
Lampasas,6,"Judge, Court of Criminal Appeals, Place 5 ",,REP,Steve Smith,30,13,17
Lampasas,6,"Judge, Court of Criminal Appeals, Place 5 ",,REP,Brent Webster,36,21,15
Lampasas,6,"Judge, Court of Criminal Appeals, Place 6 ",,REP,Richard Davis,82,39,43
Lampasas,6,"Judge, Court of Criminal Appeals, Place 6 ",,REP,Michael E. Keasler,61,40,21
Lampasas,6,"Member, State Board of Education",14,,Sue Melton-Malone,133,72,61
Lampasas,6,State Senate,24,,Dawn Buckingham,52,24,28
Lampasas,6,State Senate,24,,Brent Mayes,34,24,10
Lampasas,6,State Senate,24,,Reed Williams,25,11,14
Lampasas,6,State Senate,24,,Ryan Downton,4,4,0
Lampasas,6,State Senate,24,,Susan King,16,9,7
Lampasas,6,State Senate,24,,Jon Cobb,51,25,26
Lampasas,6,State Representative,54,REP,Austin Ruiz,45,21,24
Lampasas,6,State Representative,54,REP,Larry S. Smith,57,39,18
Lampasas,6,State Representative,54,REP,Scott Cosper,84,36,48
Lampasas,6,"Justice, 3rd Court of Appeals District, Place 2 ",,REP,Cindy Olson Bourland,138,73,65
Lampasas,6,"Justice, 3rd Court of Appeals District, Place 4 ",,REP,Melissa Goodwin,137,73,64
Lampasas,6,"District Judge, 27th Judicial District ",,REP,John Gauntt,138,75,63
Lampasas,6,County Attorney ,,REP,John Greenwood,141,77,64
Lampasas,6,Sheriff ,,REP,Jess Ramos,156,82,74
Lampasas,6,Tax Assessor-Collector ,,REP,Linda Crawford,154,81,73
Lampasas,6,"Constable, Precinct No. 2 and 3 ",,REP,Misty Maldonado,62,26,36
Lampasas,6,"Constable, Precinct No. 2 and 3 ",,REP,John W. Harris,120,71,49
Lampasas,6,County Chairman ,,REP,Skipper Wallace,141,78,63
Lampasas,6,President ,,DEM,Martin J. O'Malley,0,0,0
Lampasas,6,President ,,DEM,"Roque ""Rocky"" De La Fuente",0,0,0
Lampasas,6,President ,,DEM,Keith Judd,0,0,0
Lampasas,6,President ,,DEM,Willie L. Wilson,0,0,0
Lampasas,6,President ,,DEM,Bernie Sanders,4,1,3
Lampasas,6,President ,,DEM,Calvis L. Hawes,0,0,0
Lampasas,6,President ,,DEM,Star Locke,0,0,0
Lampasas,6,President ,,DEM,Hillary Clinton,11,9,2
Lampasas,6,U.S. House,25,REP,Kathi Thomas,15,10,5
Lampasas,6,Railroad Commissioner ,,DEM,Cody Garrett,4,2,2
Lampasas,6,Railroad Commissioner ,,DEM,Grady Yarbrough,8,7,1
Lampasas,6,Railroad Commissioner ,,DEM,Lon Burnam,2,1,1
Lampasas,6,"Justice, Supreme Court, Place 3 ",,DEM,Mike Westergren,13,9,4
Lampasas,6,"Justice, Supreme Court, Place 5 ",,DEM,Dori Contreras Garza,14,10,4
Lampasas,6,"Justice, Supreme Court, Place 9 ",,DEM,Savannah Robinson,13,10,3
Lampasas,6,"Judge, Court of Criminal Appeals, Place 2 ",,DEM,"Lawrence ""Larry"" Meyers",14,10,4
Lampasas,6,"Judge, Court of Criminal Appeals, Place 5 ",,DEM,Betsy Johnson,14,10,4
Lampasas,6,"Judge, Court of Criminal Appeals, Place 6 ",,DEM,Robert Burns,14,10,4
Lampasas,6,State Senate,24,,"Virginia ""Jennie Lou"" Leeder",13,9,4
Lampasas,6,State Representative,54,REP,Lan Carter,7,4,3
Lampasas,6,State Representative,54,REP,Sandra Blankenship,8,6,2
Lampasas,6,County Chairman ,,DEM,Jennifer Scribner,13,9,4
Lampasas,6,REFERENDA ITEM #1 ,,DEM,For,12,8,4
Lampasas,6,REFERENDA ITEM #1 ,,DEM,Against,2,2,0
Lampasas,6,REFERENDA ITEM #2  ,,DEM,For,15,10,5
Lampasas,6,REFERENDA ITEM #2  ,,DEM,Against,0,0,0
Lampasas,6,REFERENDA ITEM #3  ,,DEM,For,13,9,4
Lampasas,6,REFERENDA ITEM #3  ,,DEM,Against,1,1,0
Lampasas,6,REFERENDA ITEM #4  ,,DEM,For,14,10,4
Lampasas,6,REFERENDA ITEM #4  ,,DEM,Against,0,0,0
Lampasas,6,REFERENDA ITEM #5  ,,DEM,For,11,7,4
Lampasas,6,REFERENDA ITEM #5  ,,DEM,Against,3,3,0
Lampasas,6,REFERENDA ITEM #6  ,,DEM,For,13,9,4
Lampasas,6,REFERENDA ITEM #6  ,,DEM,Against,1,1,0
Lampasas,6,Proposition 1 ,,REP,YES,148,80,68
Lampasas,6,Proposition 1 ,,REP,NO,43,21,22
Lampasas,6,Proposition 2 ,,REP,YES,107,51,56
Lampasas,6,Proposition 2 ,,REP,NO,88,54,34
Lampasas,6,Proposition 3 ,,REP,YES,167,94,73
Lampasas,6,Proposition 3 ,,REP,NO,24,10,14
Lampasas,6,Proposition 4 ,,REP,YES,182,97,85
Lampasas,6,Proposition 4 ,,REP,NO,11,6,5
Lampasas,7,President ,,REP,Ben Carson,25,7,18
Lampasas,7,President ,,REP,Chris Christie,0,0,0
Lampasas,7,President ,,REP,Rick Santorum,0,0,0
Lampasas,7,President ,,REP,John R. Kasich,9,4,5
Lampasas,7,President ,,REP,Donald J. Trump,96,29,67
Lampasas,7,President ,,REP,Carly Fiorina,0,0,0
Lampasas,7,President ,,REP,Rand Paul,0,0,0
Lampasas,7,President ,,REP,Marco Rubio,20,6,14
Lampasas,7,President ,,REP,Lindsey Graham,0,0,0
Lampasas,7,President ,,REP,Mike Huckabee,0,0,0
Lampasas,7,President ,,REP,Elizabeth Gray,0,0,0
Lampasas,7,President ,,REP,Jeb Bush,4,4,0
Lampasas,7,President ,,REP,Ted Cruz,122,29,93
Lampasas,7,President ,,REP,Uncommitted,2,1,1
Lampasas,7,U.S. House,25,REP,Roger Williams,217,70,147
Lampasas,7,Railroad Commissioner ,,REP,Weston Martinez,7,0,7
Lampasas,7,Railroad Commissioner ,,REP,Wayne Christian,35,10,25
Lampasas,7,Railroad Commissioner ,,REP,Lance N. Christian,19,6,13
Lampasas,7,Railroad Commissioner ,,REP,John Greytok,10,3,7
Lampasas,7,Railroad Commissioner ,,REP,Doug Jeffrey,30,5,25
Lampasas,7,Railroad Commissioner ,,REP,Ron Hale,38,10,28
Lampasas,7,Railroad Commissioner ,,REP,Gary Gates,68,26,42
Lampasas,7,"Justice, Supreme Court, Place 3 ",,REP,Michael Massengale,117,35,82
Lampasas,7,"Justice, Supreme Court, Place 3 ",,REP,Debra Lehrmann,108,31,77
Lampasas,7,"Justice, Supreme Court, Place 5 ",,REP,Rick Green,139,37,102
Lampasas,7,"Justice, Supreme Court, Place 5 ",,REP,Paul Green,79,27,52
Lampasas,7,"Justice, Supreme Court, Place 9 ",,REP,Joe Pool,126,36,90
Lampasas,7,"Justice, Supreme Court, Place 9 ",,REP,Eva Guzman,94,29,65
Lampasas,7,"Judge, Court of Criminal Appeals, Place 2 ",,REP,Mary Lou Keel,82,25,57
Lampasas,7,"Judge, Court of Criminal Appeals, Place 2 ",,REP,Ray Wheless,73,20,53
Lampasas,7,"Judge, Court of Criminal Appeals, Place 2 ",,REP,Chris Oldner,48,15,33
Lampasas,7,"Judge, Court of Criminal Appeals, Place 5 ",,REP,Sid Harle,26,4,22
Lampasas,7,"Judge, Court of Criminal Appeals, Place 5 ",,REP,Scott Walker,113,34,79
Lampasas,7,"Judge, Court of Criminal Appeals, Place 5 ",,REP,Steve Smith,41,12,29
Lampasas,7,"Judge, Court of Criminal Appeals, Place 5 ",,REP,Brent Webster,31,11,20
Lampasas,7,"Judge, Court of Criminal Appeals, Place 6 ",,REP,Richard Davis,128,33,95
Lampasas,7,"Judge, Court of Criminal Appeals, Place 6 ",,REP,Michael E. Keasler,71,26,45
Lampasas,7,"Member, State Board of Education",14,,Sue Melton-Malone,187,59,128
Lampasas,7,State Senate,24,,Dawn Buckingham,68,19,49
Lampasas,7,State Senate,24,,Brent Mayes,29,9,20
Lampasas,7,State Senate,24,,Reed Williams,24,7,17
Lampasas,7,State Senate,24,,Ryan Downton,7,4,3
Lampasas,7,State Senate,24,,Susan King,39,9,30
Lampasas,7,State Senate,24,,Jon Cobb,75,23,52
Lampasas,7,State Representative,54,REP,Austin Ruiz,76,24,52
Lampasas,7,State Representative,54,REP,Larry S. Smith,74,21,53
Lampasas,7,State Representative,54,REP,Scott Cosper,99,28,71
Lampasas,7,"Justice, 3rd Court of Appeals District, Place 2 ",,REP,Cindy Olson Bourland,195,61,134
Lampasas,7,"Justice, 3rd Court of Appeals District, Place 4 ",,REP,Melissa Goodwin,196,62,134
Lampasas,7,"District Judge, 27th Judicial District ",,REP,John Gauntt,192,59,133
Lampasas,7,County Attorney ,,REP,John Greenwood,201,64,137
Lampasas,7,Sheriff ,,REP,Jess Ramos,229,72,157
Lampasas,7,Tax Assessor-Collector ,,REP,Linda Crawford,225,69,156
Lampasas,7,"County Commissioner, Precinct No. 3 ",,REP,Lewis Bridges,243,75,168
Lampasas,7,"Constable, Precinct No. 2 and 3 ",,REP,Misty Maldonado,156,44,112
Lampasas,7,"Constable, Precinct No. 2 and 3 ",,REP,John W. Harris,113,36,77
Lampasas,7,County Chairman ,,REP,Skipper Wallace,205,67,138
Lampasas,7,President ,,DEM,Martin J. O'Malley,0,0,0
Lampasas,7,President ,,DEM,"Roque ""Rocky"" De La Fuente",0,0,0
Lampasas,7,President ,,DEM,Keith Judd,0,0,0
Lampasas,7,President ,,DEM,Willie L. Wilson,0,0,0
Lampasas,7,President ,,DEM,Bernie Sanders,2,0,2
Lampasas,7,President ,,DEM,Calvis L. Hawes,0,0,0
Lampasas,7,President ,,DEM,Star Locke,0,0,0
Lampasas,7,President ,,DEM,Hillary Clinton,16,4,12
Lampasas,7,U.S. House,25,REP,Kathi Thomas,14,4,10
Lampasas,7,Railroad Commissioner ,,DEM,Cody Garrett,7,1,6
Lampasas,7,Railroad Commissioner ,,DEM,Grady Yarbrough,6,3,3
Lampasas,7,Railroad Commissioner ,,DEM,Lon Burnam,1,0,1
Lampasas,7,"Justice, Supreme Court, Place 3 ",,DEM,Mike Westergren,15,4,11
Lampasas,7,"Justice, Supreme Court, Place 5 ",,DEM,Dori Contreras Garza,15,4,11
Lampasas,7,"Justice, Supreme Court, Place 9 ",,DEM,Savannah Robinson,15,4,11
Lampasas,7,"Judge, Court of Criminal Appeals, Place 2 ",,DEM,"Lawrence ""Larry"" Meyers",15,4,11
Lampasas,7,"Judge, Court of Criminal Appeals, Place 5 ",,DEM,Betsy Johnson,14,3,11
Lampasas,7,"Judge, Court of Criminal Appeals, Place 6 ",,DEM,Robert Burns,14,3,11
Lampasas,7,State Senate,24,,"Virginia ""Jennie Lou"" Leeder",14,3,11
Lampasas,7,State Representative,54,REP,Lan Carter,4,0,4
Lampasas,7,State Representative,54,REP,Sandra Blankenship,11,4,7
Lampasas,7,County Chairman ,,DEM,Jennifer Scribner,14,4,10
Lampasas,7,REFERENDA ITEM #1 ,,DEM,For,11,2,9
Lampasas,7,REFERENDA ITEM #1 ,,DEM,Against,5,2,3
Lampasas,7,REFERENDA ITEM #2  ,,DEM,For,11,2,9
Lampasas,7,REFERENDA ITEM #2  ,,DEM,Against,5,2,3
Lampasas,7,REFERENDA ITEM #3  ,,DEM,For,12,2,10
Lampasas,7,REFERENDA ITEM #3  ,,DEM,Against,4,2,2
Lampasas,7,REFERENDA ITEM #4  ,,DEM,For,14,4,10
Lampasas,7,REFERENDA ITEM #4  ,,DEM,Against,1,0,1
Lampasas,7,REFERENDA ITEM #5  ,,DEM,For,9,2,7
Lampasas,7,REFERENDA ITEM #5  ,,DEM,Against,6,2,4
Lampasas,7,REFERENDA ITEM #6  ,,DEM,For,14,4,10
Lampasas,7,REFERENDA ITEM #6  ,,DEM,Against,1,0,1
Lampasas,7,Proposition 1 ,,REP,YES,190,54,136
Lampasas,7,Proposition 1 ,,REP,NO,66,21,45
Lampasas,7,Proposition 2 ,,REP,YES,156,49,107
Lampasas,7,Proposition 2 ,,REP,NO,102,27,75
Lampasas,7,Proposition 3 ,,REP,YES,221,67,154
Lampasas,7,Proposition 3 ,,REP,NO,37,7,30
Lampasas,7,Proposition 4 ,,REP,YES,238,69,169
Lampasas,7,Proposition 4 ,,REP,NO,18,4,14
Lampasas,8,President ,,REP,Ben Carson,30,12,18
Lampasas,8,President ,,REP,Chris Christie,0,0,0
Lampasas,8,President ,,REP,Rick Santorum,0,0,0
Lampasas,8,President ,,REP,John R. Kasich,13,7,6
Lampasas,8,President ,,REP,Donald J. Trump,170,56,114
Lampasas,8,President ,,REP,Carly Fiorina,1,0,1
Lampasas,8,President ,,REP,Rand Paul,1,0,1
Lampasas,8,President ,,REP,Marco Rubio,66,20,46
Lampasas,8,President ,,REP,Lindsey Graham,0,0,0
Lampasas,8,President ,,REP,Mike Huckabee,0,0,0
Lampasas,8,President ,,REP,Elizabeth Gray,0,0,0
Lampasas,8,President ,,REP,Jeb Bush,5,3,2
Lampasas,8,President ,,REP,Ted Cruz,202,54,148
Lampasas,8,President ,,REP,Uncommitted,5,4,1
Lampasas,8,U.S. House,25,REP,Roger Williams,413,134,279
Lampasas,8,Railroad Commissioner ,,REP,Weston Martinez,43,17,26
Lampasas,8,Railroad Commissioner ,,REP,Wayne Christian,74,20,54
Lampasas,8,Railroad Commissioner ,,REP,Lance N. Christian,42,13,29
Lampasas,8,Railroad Commissioner ,,REP,John Greytok,27,9,18
Lampasas,8,Railroad Commissioner ,,REP,Doug Jeffrey,44,10,34
Lampasas,8,Railroad Commissioner ,,REP,Ron Hale,71,19,52
Lampasas,8,Railroad Commissioner ,,REP,Gary Gates,98,35,63
Lampasas,8,"Justice, Supreme Court, Place 3 ",,REP,Michael Massengale,224,76,148
Lampasas,8,"Justice, Supreme Court, Place 3 ",,REP,Debra Lehrmann,201,57,144
Lampasas,8,"Justice, Supreme Court, Place 5 ",,REP,Rick Green,246,71,175
Lampasas,8,"Justice, Supreme Court, Place 5 ",,REP,Paul Green,167,58,109
Lampasas,8,"Justice, Supreme Court, Place 9 ",,REP,Joe Pool,216,69,147
Lampasas,8,"Justice, Supreme Court, Place 9 ",,REP,Eva Guzman,202,63,139
Lampasas,8,"Judge, Court of Criminal Appeals, Place 2 ",,REP,Mary Lou Keel,166,51,115
Lampasas,8,"Judge, Court of Criminal Appeals, Place 2 ",,REP,Ray Wheless,150,43,107
Lampasas,8,"Judge, Court of Criminal Appeals, Place 2 ",,REP,Chris Oldner,98,34,64
Lampasas,8,"Judge, Court of Criminal Appeals, Place 5 ",,REP,Sid Harle,68,33,35
Lampasas,8,"Judge, Court of Criminal Appeals, Place 5 ",,REP,Scott Walker,199,56,143
Lampasas,8,"Judge, Court of Criminal Appeals, Place 5 ",,REP,Steve Smith,79,16,63
Lampasas,8,"Judge, Court of Criminal Appeals, Place 5 ",,REP,Brent Webster,69,22,47
Lampasas,8,"Judge, Court of Criminal Appeals, Place 6 ",,REP,Richard Davis,214,65,149
Lampasas,8,"Judge, Court of Criminal Appeals, Place 6 ",,REP,Michael E. Keasler,193,60,133
Lampasas,8,"Member, State Board of Education",14,,Sue Melton-Malone,386,125,261
Lampasas,8,State Senate,24,,Dawn Buckingham,121,43,78
Lampasas,8,State Senate,24,,Brent Mayes,60,20,40
Lampasas,8,State Senate,24,,Reed Williams,42,12,30
Lampasas,8,State Senate,24,,Ryan Downton,19,4,15
Lampasas,8,State Senate,24,,Susan King,93,31,62
Lampasas,8,State Senate,24,,Jon Cobb,118,31,87
Lampasas,8,State Representative,54,REP,Austin Ruiz,126,37,89
Lampasas,8,State Representative,54,REP,Larry S. Smith,146,45,101
Lampasas,8,State Representative,54,REP,Scott Cosper,185,58,127
Lampasas,8,"Justice, 3rd Court of Appeals District, Place 2 ",,REP,Cindy Olson Bourland,398,127,271
Lampasas,8,"Justice, 3rd Court of Appeals District, Place 4 ",,REP,Melissa Goodwin,397,127,270
Lampasas,8,"District Judge, 27th Judicial District ",,REP,John Gauntt,399,127,272
Lampasas,8,County Attorney ,,REP,John Greenwood,414,136,278
Lampasas,8,Sheriff ,,REP,Jess Ramos,422,138,284
Lampasas,8,Tax Assessor-Collector ,,REP,Linda Crawford,427,140,287
Lampasas,8,"Constable, Precinct No. 4 ",,REP,Forrest W. Spence,407,131,276
Lampasas,8,County Chairman ,,REP,Skipper Wallace,409,137,272
Lampasas,8,President ,,DEM,Martin J. O'Malley,0,0,0
Lampasas,8,President ,,DEM,"Roque ""Rocky"" De La Fuente",1,0,1
Lampasas,8,President ,,DEM,Keith Judd,1,1,0
Lampasas,8,President ,,DEM,Willie L. Wilson,0,0,0
Lampasas,8,President ,,DEM,Bernie Sanders,32,11,21
Lampasas,8,President ,,DEM,Calvis L. Hawes,1,0,1
Lampasas,8,President ,,DEM,Star Locke,1,0,1
Lampasas,8,President ,,DEM,Hillary Clinton,41,13,28
Lampasas,8,U.S. House,25,REP,Kathi Thomas,62,21,41
Lampasas,8,Railroad Commissioner ,,DEM,Cody Garrett,24,9,15
Lampasas,8,Railroad Commissioner ,,DEM,Grady Yarbrough,33,9,24
Lampasas,8,Railroad Commissioner ,,DEM,Lon Burnam,9,3,6
Lampasas,8,"Justice, Supreme Court, Place 3 ",,DEM,Mike Westergren,66,21,45
Lampasas,8,"Justice, Supreme Court, Place 5 ",,DEM,Dori Contreras Garza,55,21,34
Lampasas,8,"Justice, Supreme Court, Place 9 ",,DEM,Savannah Robinson,58,21,37
Lampasas,8,"Judge, Court of Criminal Appeals, Place 2 ",,DEM,"Lawrence ""Larry"" Meyers",60,21,39
Lampasas,8,"Judge, Court of Criminal Appeals, Place 5 ",,DEM,Betsy Johnson,58,21,37
Lampasas,8,"Judge, Court of Criminal Appeals, Place 6 ",,DEM,Robert Burns,58,21,37
Lampasas,8,State Senate,24,,"Virginia ""Jennie Lou"" Leeder",60,21,39
Lampasas,8,State Representative,54,REP,Lan Carter,21,6,15
Lampasas,8,State Representative,54,REP,Sandra Blankenship,46,16,30
Lampasas,8,County Chairman ,,DEM,Jennifer Scribner,54,21,33
Lampasas,8,REFERENDA ITEM #1 ,,DEM,For,67,21,46
Lampasas,8,REFERENDA ITEM #1 ,,DEM,Against,6,3,3
Lampasas,8,REFERENDA ITEM #2  ,,DEM,For,69,22,47
Lampasas,8,REFERENDA ITEM #2  ,,DEM,Against,4,1,3
Lampasas,8,REFERENDA ITEM #3  ,,DEM,For,66,22,44
Lampasas,8,REFERENDA ITEM #3  ,,DEM,Against,8,3,5
Lampasas,8,REFERENDA ITEM #4  ,,DEM,For,65,20,45
Lampasas,8,REFERENDA ITEM #4  ,,DEM,Against,9,5,4
Lampasas,8,REFERENDA ITEM #5  ,,DEM,For,52,19,33
Lampasas,8,REFERENDA ITEM #5  ,,DEM,Against,22,6,16
Lampasas,8,REFERENDA ITEM #6  ,,DEM,For,58,19,39
Lampasas,8,REFERENDA ITEM #6  ,,DEM,Against,10,3,7
Lampasas,8,Proposition 1 ,,REP,YES,342,110,232
Lampasas,8,Proposition 1 ,,REP,NO,136,42,94
Lampasas,8,Proposition 2 ,,REP,YES,302,97,205
Lampasas,8,Proposition 2 ,,REP,NO,176,55,121
Lampasas,8,Proposition 3 ,,REP,YES,417,138,279
Lampasas,8,Proposition 3 ,,REP,NO,64,15,49
Lampasas,8,Proposition 4 ,,REP,YES,465,148,317
Lampasas,8,Proposition 4 ,,REP,NO,11,3,8
Lampasas,9,President ,,REP,Ben Carson,16,2,14
Lampasas,9,President ,,REP,Chris Christie,0,0,0
Lampasas,9,President ,,REP,Rick Santorum,0,0,0
Lampasas,9,President ,,REP,John R. Kasich,13,4,9
Lampasas,9,President ,,REP,Donald J. Trump,162,45,117
Lampasas,9,President ,,REP,Carly Fiorina,0,0,0
Lampasas,9,President ,,REP,Rand Paul,0,0,0
Lampasas,9,President ,,REP,Marco Rubio,51,13,38
Lampasas,9,President ,,REP,Lindsey Graham,0,0,0
Lampasas,9,President ,,REP,Mike Huckabee,1,0,1
Lampasas,9,President ,,REP,Elizabeth Gray,0,0,0
Lampasas,9,President ,,REP,Jeb Bush,5,5,0
Lampasas,9,President ,,REP,Ted Cruz,228,66,162
Lampasas,9,President ,,REP,Uncommitted,6,2,4
Lampasas,9,U.S. House,25,REP,Roger Williams,388,119,269
Lampasas,9,Railroad Commissioner ,,REP,Weston Martinez,51,15,36
Lampasas,9,Railroad Commissioner ,,REP,Wayne Christian,81,19,62
Lampasas,9,Railroad Commissioner ,,REP,Lance N. Christian,33,10,23
Lampasas,9,Railroad Commissioner ,,REP,John Greytok,23,4,19
Lampasas,9,Railroad Commissioner ,,REP,Doug Jeffrey,35,12,23
Lampasas,9,Railroad Commissioner ,,REP,Ron Hale,63,20,43
Lampasas,9,Railroad Commissioner ,,REP,Gary Gates,95,34,61
Lampasas,9,"Justice, Supreme Court, Place 3 ",,REP,Michael Massengale,229,69,160
Lampasas,9,"Justice, Supreme Court, Place 3 ",,REP,Debra Lehrmann,178,51,127
Lampasas,9,"Justice, Supreme Court, Place 5 ",,REP,Rick Green,246,76,170
Lampasas,9,"Justice, Supreme Court, Place 5 ",,REP,Paul Green,154,41,113
Lampasas,9,"Justice, Supreme Court, Place 9 ",,REP,Joe Pool,178,40,138
Lampasas,9,"Justice, Supreme Court, Place 9 ",,REP,Eva Guzman,219,74,145
Lampasas,9,"Judge, Court of Criminal Appeals, Place 2 ",,REP,Mary Lou Keel,149,40,109
Lampasas,9,"Judge, Court of Criminal Appeals, Place 2 ",,REP,Ray Wheless,132,41,91
Lampasas,9,"Judge, Court of Criminal Appeals, Place 2 ",,REP,Chris Oldner,99,30,69
Lampasas,9,"Judge, Court of Criminal Appeals, Place 5 ",,REP,Sid Harle,56,24,32
Lampasas,9,"Judge, Court of Criminal Appeals, Place 5 ",,REP,Scott Walker,179,46,133
Lampasas,9,"Judge, Court of Criminal Appeals, Place 5 ",,REP,Steve Smith,69,18,51
Lampasas,9,"Judge, Court of Criminal Appeals, Place 5 ",,REP,Brent Webster,73,25,48
Lampasas,9,"Judge, Court of Criminal Appeals, Place 6 ",,REP,Richard Davis,195,51,144
Lampasas,9,"Judge, Court of Criminal Appeals, Place 6 ",,REP,Michael E. Keasler,176,58,118
Lampasas,9,"Member, State Board of Education",14,,Sue Melton-Malone,355,103,252
Lampasas,9,State Senate,24,,Dawn Buckingham,111,25,86
Lampasas,9,State Senate,24,,Brent Mayes,71,28,43
Lampasas,9,State Senate,24,,Reed Williams,32,7,25
Lampasas,9,State Senate,24,,Ryan Downton,20,6,14
Lampasas,9,State Senate,24,,Susan King,63,17,46
Lampasas,9,State Senate,24,,Jon Cobb,131,44,87
Lampasas,9,State Representative,54,REP,Austin Ruiz,138,29,109
Lampasas,9,State Representative,54,REP,Larry S. Smith,126,48,78
Lampasas,9,State Representative,54,REP,Scott Cosper,180,55,125
Lampasas,9,"Justice, 3rd Court of Appeals District, Place 2 ",,REP,Cindy Olson Bourland,361,107,254
Lampasas,9,"Justice, 3rd Court of Appeals District, Place 4 ",,REP,Melissa Goodwin,361,107,254
Lampasas,9,"District Judge, 27th Judicial District ",,REP,John Gauntt,362,105,257
Lampasas,9,County Attorney ,,REP,John Greenwood,369,111,258
Lampasas,9,Sheriff ,,REP,Jess Ramos,392,116,276
Lampasas,9,Tax Assessor-Collector ,,REP,Linda Crawford,402,120,282
Lampasas,9,"County Commissioner, Precinct No. 1 ",,REP,"James ""Bobby"" Evans",180,51,129
Lampasas,9,"County Commissioner, Precinct No. 1 ",,REP,Bobby Carroll,263,78,185
Lampasas,9,"Constable, Precinct No. 4 ",,REP,Forrest W. Spence,374,111,263
Lampasas,9,County Chairman ,,REP,Skipper Wallace,378,111,267
Lampasas,9,President ,,DEM,Martin J. O'Malley,0,0,0
Lampasas,9,President ,,DEM,"Roque ""Rocky"" De La Fuente",0,0,0
Lampasas,9,President ,,DEM,Keith Judd,0,0,0
Lampasas,9,President ,,DEM,Willie L. Wilson,0,0,0
Lampasas,9,President ,,DEM,Bernie Sanders,30,7,23
Lampasas,9,President ,,DEM,Calvis L. Hawes,0,0,0
Lampasas,9,President ,,DEM,Star Locke,0,0,0
Lampasas,9,President ,,DEM,Hillary Clinton,32,6,26
Lampasas,9,U.S. House,25,REP,Kathi Thomas,50,10,40
Lampasas,9,Railroad Commissioner ,,DEM,Cody Garrett,21,7,14
Lampasas,9,Railroad Commissioner ,,DEM,Grady Yarbrough,22,3,19
Lampasas,9,Railroad Commissioner ,,DEM,Lon Burnam,6,1,5
Lampasas,9,"Justice, Supreme Court, Place 3 ",,DEM,Mike Westergren,47,9,38
Lampasas,9,"Justice, Supreme Court, Place 5 ",,DEM,Dori Contreras Garza,48,10,38
Lampasas,9,"Justice, Supreme Court, Place 9 ",,DEM,Savannah Robinson,47,9,38
Lampasas,9,"Judge, Court of Criminal Appeals, Place 2 ",,DEM,"Lawrence ""Larry"" Meyers",48,10,38
Lampasas,9,"Judge, Court of Criminal Appeals, Place 5 ",,DEM,Betsy Johnson,47,9,38
Lampasas,9,"Judge, Court of Criminal Appeals, Place 6 ",,DEM,Robert Burns,48,10,38
Lampasas,9,State Senate,24,,"Virginia ""Jennie Lou"" Leeder",48,10,38
Lampasas,9,State Representative,54,REP,Lan Carter,16,5,11
Lampasas,9,State Representative,54,REP,Sandra Blankenship,34,6,28
Lampasas,9,County Chairman ,,DEM,Jennifer Scribner,48,10,38
Lampasas,9,REFERENDA ITEM #1 ,,DEM,For,51,9,42
Lampasas,9,REFERENDA ITEM #1 ,,DEM,Against,8,2,6
Lampasas,9,REFERENDA ITEM #2  ,,DEM,For,54,10,44
Lampasas,9,REFERENDA ITEM #2  ,,DEM,Against,5,2,3
Lampasas,9,REFERENDA ITEM #3  ,,DEM,For,50,9,41
Lampasas,9,REFERENDA ITEM #3  ,,DEM,Against,8,2,6
Lampasas,9,REFERENDA ITEM #4  ,,DEM,For,48,6,42
Lampasas,9,REFERENDA ITEM #4  ,,DEM,Against,7,5,2
Lampasas,9,REFERENDA ITEM #5  ,,DEM,For,47,8,39
Lampasas,9,REFERENDA ITEM #5  ,,DEM,Against,10,3,7
Lampasas,9,REFERENDA ITEM #6  ,,DEM,For,50,10,40
Lampasas,9,REFERENDA ITEM #6  ,,DEM,Against,6,1,5
Lampasas,9,Proposition 1 ,,REP,YES,328,108,220
Lampasas,9,Proposition 1 ,,REP,NO,128,27,101
Lampasas,9,Proposition 2 ,,REP,YES,285,80,205
Lampasas,9,Proposition 2 ,,REP,NO,184,57,127
Lampasas,9,Proposition 3 ,,REP,YES,394,117,277
Lampasas,9,Proposition 3 ,,REP,NO,61,13,48
Lampasas,9,Proposition 4 ,,REP,YES,442,132,310
Lampasas,9,Proposition 4 ,,REP,NO,17,4,13