county,precinct,office,district,party,candidate,votes,mail,early_voting,election_day,provisional
Kleberg,0001 Pct 11 / 12,REGISTERED VOTERS,,,,2742,,,,
Kleberg,0001 Pct 11 / 12,BALLOTS CAST,,,,1241,79,738,419,5
Kleberg,0001 Pct 11 / 12,U.S. House,34,REP,Mayra Flores,760,30,448,280,2
Kleberg,0001 Pct 11 / 12,U.S. House,34,DEM,Vicente Gonzalez,439,46,262,129,2
Kleberg,0001 Pct 11 / 12,U.S. House,34,IND,Chris Royal,25,2,12,10,1
Kleberg,0001 Pct 11 / 12,Governor,,REP,Greg Abbott,769,33,453,281,2
Kleberg,0001 Pct 11 / 12,Governor,,DEM,Beto O-Rourke,448,43,274,128,3
Kleberg,0001 Pct 11 / 12,Governor,,LIB,Mark Tippetts,8,0,4,4,0
Kleberg,0001 Pct 11 / 12,Governor,,GRN,Delilah Barrios,5,0,1,4,0
Kleberg,0001 Pct 11 / 12,Governor,,,WRITE-IN,1,1,0,0,0
Kleberg,0001 Pct 11 / 12,Lieutenant Governor,,REP,Dan Patrick,763,34,444,283,2
Kleberg,0001 Pct 11 / 12,Lieutenant Governor,,DEM,Mike Collier,437,43,266,125,3
Kleberg,0001 Pct 11 / 12,Lieutenant Governor,,LIB,Shanna Steele,22,1,11,10,0
Kleberg,0001 Pct 11 / 12,Attorney General,,REP,Ken Paxton,753,31,436,284,2
Kleberg,0001 Pct 11 / 12,Attorney General,,DEM,Rochelle Mercedes Garza,447,46,271,127,3
Kleberg,0001 Pct 11 / 12,Attorney General,,LIB,Mark Ash,22,1,15,6,0
Kleberg,0001 Pct 11 / 12,Comptroller of Public Accounts,,REP,Glenn Hegar,755,32,436,285,2
Kleberg,0001 Pct 11 / 12,Comptroller of Public Accounts,,DEM,Janet T Dudding,414,45,247,121,1
Kleberg,0001 Pct 11 / 12,Comptroller of Public Accounts,,LIB,V Alonzo Echevarria-Garza,40,2,26,10,2
Kleberg,0001 Pct 11 / 12,Comm General Land Office,,REP,Dawn Buckingham,639,28,364,245,2
Kleberg,0001 Pct 11 / 12,Comm General Land Office,,DEM,Jay Kleberg,585,50,361,171,3
Kleberg,0001 Pct 11 / 12,Comm General Land Office,,GRN,"Alfredo Molison, Jr",9,1,5,3,0
Kleberg,0001 Pct 11 / 12,Comm General Land Office,,,WRITE-IN,0,0,0,0,0
Kleberg,0001 Pct 11 / 12,Commissioner of Agriculture,,REP,Sid Miller,771,34,446,289,2
Kleberg,0001 Pct 11 / 12,Commissioner of Agriculture,,DEM,Susan Hays,446,45,270,128,3
Kleberg,0001 Pct 11 / 12,Railroad Commissioner,,REP,Wayne Christian,743,32,427,282,2
Kleberg,0001 Pct 11 / 12,Railroad Commissioner,,DEM,Luke Warford,421,44,260,115,2
Kleberg,0001 Pct 11 / 12,Railroad Commissioner,,LIB,Jaime Andres Diez,39,1,23,14,1
Kleberg,0001 Pct 11 / 12,Railroad Commissioner,,GRN,Hunter Wayne Crow,12,2,5,5,0
Kleberg,0001 Pct 11 / 12,"Justice, Supreme Court, Place 3",,REP,Debra Lehrmann,758,33,438,285,2
Kleberg,0001 Pct 11 / 12,"Justice, Supreme Court, Place 3",,DEM,Erin A Nowell,431,45,263,120,3
Kleberg,0001 Pct 11 / 12,"Justice, Supreme Court, Place 3",,LIB,Thomas Edward Oxford,23,1,12,10,0
Kleberg,0001 Pct 11 / 12,"Justice, Supreme Court, Place 5",,REP,Rebeca Huddle,754,34,435,283,2
Kleberg,0001 Pct 11 / 12,"Justice, Supreme Court, Place 5",,DEM,Amanda Reichek,456,45,277,131,3
Kleberg,0001 Pct 11 / 12,"Justice, Supreme Court, Place 9",,REP,Evan Young,738,32,427,277,2
Kleberg,0001 Pct 11 / 12,"Justice, Supreme Court, Place 9",,DEM,Julia Maldonado,475,47,286,139,3
Kleberg,0001 Pct 11 / 12,"Judge, Court of Criminal Appeals, Place 5",,REP,Scott Walker,757,33,438,284,2
Kleberg,0001 Pct 11 / 12,"Judge, Court of Criminal Appeals, Place 5",,DEM,Dana Huffman,450,45,272,130,3
Kleberg,0001 Pct 11 / 12,"Judge, Court of Criminal Appeals, Place 6",,REP,"Jesse F McClure, III",756,34,435,285,2
Kleberg,0001 Pct 11 / 12,"Judge, Court of Criminal Appeals, Place 6",,DEM,Robert Johnson,448,45,270,130,3
Kleberg,0001 Pct 11 / 12,"Member, State Board of Education",2,REP,LJ Francis,725,32,420,271,2
Kleberg,0001 Pct 11 / 12,"Member, State Board of Education",2,DEM,Victor Perez,478,45,286,144,3
Kleberg,0001 Pct 11 / 12,State Senate,27,REP,Adam Hinojosa,799,35,461,301,2
Kleberg,0001 Pct 11 / 12,State Senate,27,DEM,Moragan LaMantia,415,41,257,114,3
Kleberg,0001 Pct 11 / 12,"Justice, 13th Court of Appeals District, Place 3",,REP,Aaron Pena,731,31,419,279,2
Kleberg,0001 Pct 11 / 12,"Justice, 13th Court of Appeals District, Place 3",,DEM,Leticia Hinojosa,466,46,281,136,3
Kleberg,0001 Pct 11 / 12,County Judge,,REP,Rudy Madrid,882,48,525,305,4
Kleberg,0001 Pct 11 / 12,County Judge,,DEM,Al Garcia,330,24,196,109,1
Kleberg,0001 Pct 11 / 12,"Judge, County Court at Law",,REP,J Dean Craig,704,28,415,259,2
Kleberg,0001 Pct 11 / 12,"Judge, County Court at Law",,DEM,Jaime E Carrillo,516,49,307,157,3
Kleberg,0001 Pct 11 / 12,County Clerk,,REP,"Salvador ""Sonny"" Barrera, III",806,38,474,291,3
Kleberg,0001 Pct 11 / 12,County Clerk,,DEM,Andre Ortiz,408,40,242,124,2
Kleberg,0001 Pct 11 / 12,"Justice of the Peace, Pct 1",,REP,"Ventura ""Sonny"" Gonzalez, III",672,27,373,268,4
Kleberg,0001 Pct 11 / 12,"Justice of the Peace, Pct 1",,DEM,Andy Gonzalez,550,51,350,148,1
Kleberg,0001 Pct 11 / 12,Kleberg County Special Election,,,FOR,248,14,150,82,2
Kleberg,0001 Pct 11 / 12,Kleberg County Special Election,,,AGAINST,432,16,278,135,3
Kleberg,0002 Pct 13,REGISTERED VOTERS,,,,741,,,,
Kleberg,0002 Pct 13,BALLOTS CAST,,,,251,30,136,85,0
Kleberg,0002 Pct 13,U.S. House,34,REP,Mayra Flores,102,3,63,36,0
Kleberg,0002 Pct 13,U.S. House,34,DEM,Vicente Gonzalez,137,26,65,46,0
Kleberg,0002 Pct 13,U.S. House,34,IND,Chris Royal,8,1,4,3,0
Kleberg,0002 Pct 13,Governor,,REP,Greg Abbott,107,3,65,39,0
Kleberg,0002 Pct 13,Governor,,DEM,Beto O-Rourke,138,27,67,44,0
Kleberg,0002 Pct 13,Governor,,LIB,Mark Tippetts,2,0,1,1,0
Kleberg,0002 Pct 13,Governor,,GRN,Delilah Barrios,2,0,1,1,0
Kleberg,0002 Pct 13,Governor,,,WRITE-IN,0,0,0,0,0
Kleberg,0002 Pct 13,Lieutenant Governor,,REP,Dan Patrick,99,3,62,34,0
Kleberg,0002 Pct 13,Lieutenant Governor,,DEM,Mike Collier,142,27,66,49,0
Kleberg,0002 Pct 13,Lieutenant Governor,,LIB,Shanna Steele,5,0,3,2,0
Kleberg,0002 Pct 13,Attorney General,,REP,Ken Paxton,98,3,58,37,0
Kleberg,0002 Pct 13,Attorney General,,DEM,Rochelle Mercedes Garza,144,26,70,48,0
Kleberg,0002 Pct 13,Attorney General,,LIB,Mark Ash,5,1,4,0,0
Kleberg,0002 Pct 13,Comptroller of Public Accounts,,REP,Glenn Hegar,91,3,54,34,0
Kleberg,0002 Pct 13,Comptroller of Public Accounts,,DEM,Janet T Dudding,138,25,67,46,0
Kleberg,0002 Pct 13,Comptroller of Public Accounts,,LIB,V Alonzo Echevarria-Garza,16,1,10,5,0
Kleberg,0002 Pct 13,Comm General Land Office,,REP,Dawn Buckingham,81,3,48,30,0
Kleberg,0002 Pct 13,Comm General Land Office,,DEM,Jay Kleberg,162,27,80,55,0
Kleberg,0002 Pct 13,Comm General Land Office,,GRN,"Alfredo Molison, Jr",3,0,3,0,0
Kleberg,0002 Pct 13,Comm General Land Office,,,WRITE-IN,0,0,0,0,0
Kleberg,0002 Pct 13,Commissioner of Agriculture,,REP,Sid Miller,97,3,59,35,0
Kleberg,0002 Pct 13,Commissioner of Agriculture,,DEM,Susan Hays,148,27,71,50,0
Kleberg,0002 Pct 13,Railroad Commissioner,,REP,Wayne Christian,93,3,59,31,0
Kleberg,0002 Pct 13,Railroad Commissioner,,DEM,Luke Warford,135,27,61,47,0
Kleberg,0002 Pct 13,Railroad Commissioner,,LIB,Jaime Andres Diez,14,0,9,5,0
Kleberg,0002 Pct 13,Railroad Commissioner,,GRN,Hunter Wayne Crow,4,0,2,2,0
Kleberg,0002 Pct 13,"Justice, Supreme Court, Place 3",,REP,Debra Lehrmann,96,3,60,33,0
Kleberg,0002 Pct 13,"Justice, Supreme Court, Place 3",,DEM,Erin A Nowell,145,27,66,52,0
Kleberg,0002 Pct 13,"Justice, Supreme Court, Place 3",,LIB,Thomas Edward Oxford,4,0,4,0,0
Kleberg,0002 Pct 13,"Justice, Supreme Court, Place 5",,REP,Rebeca Huddle,97,3,60,34,0
Kleberg,0002 Pct 13,"Justice, Supreme Court, Place 5",,DEM,Amanda Reichek,144,27,66,51,0
Kleberg,0002 Pct 13,"Justice, Supreme Court, Place 9",,REP,Evan Young,90,3,58,29,0
Kleberg,0002 Pct 13,"Justice, Supreme Court, Place 9",,DEM,Julia Maldonado,155,27,73,55,0
Kleberg,0002 Pct 13,"Judge, Court of Criminal Appeals, Place 5",,REP,Scott Walker,101,3,65,33,0
Kleberg,0002 Pct 13,"Judge, Court of Criminal Appeals, Place 5",,DEM,Dana Huffman,145,27,67,51,0
Kleberg,0002 Pct 13,"Judge, Court of Criminal Appeals, Place 6",,REP,"Jesse F McClure, III",99,4,61,34,0
Kleberg,0002 Pct 13,"Judge, Court of Criminal Appeals, Place 6",,DEM,Robert Johnson,144,26,68,50,0
Kleberg,0002 Pct 13,"Member, State Board of Education",2,REP,LJ Francis,91,3,56,32,0
Kleberg,0002 Pct 13,"Member, State Board of Education",2,DEM,Victor Perez,155,27,76,52,0
Kleberg,0002 Pct 13,State Senate,27,REP,Adam Hinojosa,107,5,65,37,0
Kleberg,0002 Pct 13,State Senate,27,DEM,Moragan LaMantia,135,25,63,47,0
Kleberg,0002 Pct 13,"Justice, 13th Court of Appeals District, Place 3",,REP,Aaron Pena,99,3,62,34,0
Kleberg,0002 Pct 13,"Justice, 13th Court of Appeals District, Place 3",,DEM,Leticia Hinojosa,147,26,70,51,0
Kleberg,0002 Pct 13,County Judge,,REP,Rudy Madrid,149,11,87,51,0
Kleberg,0002 Pct 13,County Judge,,DEM,Al Garcia,99,19,46,34,0
Kleberg,0002 Pct 13,"Judge, County Court at Law",,REP,J Dean Craig,97,4,62,31,0
Kleberg,0002 Pct 13,"Judge, County Court at Law",,DEM,Jaime E Carrillo,150,26,70,54,0
Kleberg,0002 Pct 13,County Clerk,,REP,"Salvador ""Sonny"" Barrera, III",123,5,74,44,0
Kleberg,0002 Pct 13,County Clerk,,DEM,Andre Ortiz,125,25,59,41,0
Kleberg,0002 Pct 13,"Justice of the Peace, Pct 1",,REP,"Ventura ""Sonny"" Gonzalez, III",100,5,61,34,0
Kleberg,0002 Pct 13,"Justice of the Peace, Pct 1",,DEM,Andy Gonzalez,147,25,71,51,0
Kleberg,0003 Pct 14,REGISTERED VOTERS,,,,1372,,,,
Kleberg,0003 Pct 14,BALLOTS CAST,,,,556,27,302,226,1
Kleberg,0003 Pct 14,U.S. House,34,REP,Mayra Flores,277,6,156,115,0
Kleberg,0003 Pct 14,U.S. House,34,DEM,Vicente Gonzalez,262,20,138,103,1
Kleberg,0003 Pct 14,U.S. House,34,IND,Chris Royal,11,0,3,8,0
Kleberg,0003 Pct 14,Governor,,REP,Greg Abbott,274,6,157,111,0
Kleberg,0003 Pct 14,Governor,,DEM,Beto O-Rourke,271,21,139,110,1
Kleberg,0003 Pct 14,Governor,,LIB,Mark Tippetts,3,0,1,2,0
Kleberg,0003 Pct 14,Governor,,GRN,Delilah Barrios,5,0,3,2,0
Kleberg,0003 Pct 14,Governor,,,WRITE-IN,1,0,1,0,0
Kleberg,0003 Pct 14,Lieutenant Governor,,REP,Dan Patrick,274,6,156,112,0
Kleberg,0003 Pct 14,Lieutenant Governor,,DEM,Mike Collier,261,21,134,105,1
Kleberg,0003 Pct 14,Lieutenant Governor,,LIB,Shanna Steele,12,0,4,8,0
Kleberg,0003 Pct 14,Attorney General,,REP,Ken Paxton,266,6,151,109,0
Kleberg,0003 Pct 14,Attorney General,,DEM,Rochelle Mercedes Garza,270,21,140,108,1
Kleberg,0003 Pct 14,Attorney General,,LIB,Mark Ash,13,0,4,9,0
Kleberg,0003 Pct 14,Comptroller of Public Accounts,,REP,Glenn Hegar,267,5,151,111,0
Kleberg,0003 Pct 14,Comptroller of Public Accounts,,DEM,Janet T Dudding,254,21,131,101,1
Kleberg,0003 Pct 14,Comptroller of Public Accounts,,LIB,V Alonzo Echevarria-Garza,20,0,7,13,0
Kleberg,0003 Pct 14,Comm General Land Office,,REP,Dawn Buckingham,219,5,123,91,0
Kleberg,0003 Pct 14,Comm General Land Office,,DEM,Jay Kleberg,322,21,170,130,1
Kleberg,0003 Pct 14,Comm General Land Office,,GRN,"Alfredo Molison, Jr",4,0,1,3,0
Kleberg,0003 Pct 14,Comm General Land Office,,,WRITE-IN,1,0,0,1,0
Kleberg,0003 Pct 14,Commissioner of Agriculture,,REP,Sid Miller,256,5,144,107,0
Kleberg,0003 Pct 14,Commissioner of Agriculture,,DEM,Susan Hays,286,21,146,118,1
Kleberg,0003 Pct 14,Railroad Commissioner,,REP,Wayne Christian,256,5,142,109,0
Kleberg,0003 Pct 14,Railroad Commissioner,,DEM,Luke Warford,251,21,130,99,1
Kleberg,0003 Pct 14,Railroad Commissioner,,LIB,Jaime Andres Diez,22,0,9,13,0
Kleberg,0003 Pct 14,Railroad Commissioner,,GRN,Hunter Wayne Crow,8,0,4,4,0
Kleberg,0003 Pct 14,"Justice, Supreme Court, Place 3",,REP,Debra Lehrmann,265,5,149,111,0
Kleberg,0003 Pct 14,"Justice, Supreme Court, Place 3",,DEM,Erin A Nowell,259,21,133,104,1
Kleberg,0003 Pct 14,"Justice, Supreme Court, Place 3",,LIB,Thomas Edward Oxford,12,0,3,9,0
Kleberg,0003 Pct 14,"Justice, Supreme Court, Place 5",,REP,Rebeca Huddle,267,5,151,111,0
Kleberg,0003 Pct 14,"Justice, Supreme Court, Place 5",,DEM,Amanda Reichek,269,21,135,112,1
Kleberg,0003 Pct 14,"Justice, Supreme Court, Place 9",,REP,Evan Young,257,5,148,104,0
Kleberg,0003 Pct 14,"Justice, Supreme Court, Place 9",,DEM,Julia Maldonado,286,21,143,121,1
Kleberg,0003 Pct 14,"Judge, Court of Criminal Appeals, Place 5",,REP,Scott Walker,266,5,153,108,0
Kleberg,0003 Pct 14,"Judge, Court of Criminal Appeals, Place 5",,DEM,Dana Huffman,271,21,134,115,1
Kleberg,0003 Pct 14,"Judge, Court of Criminal Appeals, Place 6",,REP,"Jesse F McClure, III",267,5,154,108,0
Kleberg,0003 Pct 14,"Judge, Court of Criminal Appeals, Place 6",,DEM,Robert Johnson,269,21,132,115,1
Kleberg,0003 Pct 14,"Member, State Board of Education",2,REP,LJ Francis,251,5,145,101,0
Kleberg,0003 Pct 14,"Member, State Board of Education",2,DEM,Victor Perez,288,21,143,123,1
Kleberg,0003 Pct 14,State Senate,27,REP,Adam Hinojosa,290,5,165,120,0
Kleberg,0003 Pct 14,State Senate,27,DEM,Moragan LaMantia,254,21,127,105,1
Kleberg,0003 Pct 14,"Justice, 13th Court of Appeals District, Place 3",,REP,Aaron Pena,253,5,146,102,0
Kleberg,0003 Pct 14,"Justice, 13th Court of Appeals District, Place 3",,DEM,Leticia Hinojosa,282,21,138,122,1
Kleberg,0003 Pct 14,County Judge,,REP,Rudy Madrid,366,17,207,142,0
Kleberg,0003 Pct 14,County Judge,,DEM,Al Garcia,182,10,89,82,1
Kleberg,0003 Pct 14,"Judge, County Court at Law",,REP,J Dean Craig,251,5,141,105,0
Kleberg,0003 Pct 14,"Judge, County Court at Law",,DEM,Jaime E Carrillo,299,19,159,120,1
Kleberg,0003 Pct 14,County Clerk,,REP,"Salvador ""Sonny"" Barrera, III",301,8,172,121,0
Kleberg,0003 Pct 14,County Clerk,,DEM,Andre Ortiz,243,17,123,103,0
Kleberg,0003 Pct 14,"Justice of the Peace, Pct 1",,REP,"Ventura ""Sonny"" Gonzalez, III",266,8,149,109,0
Kleberg,0003 Pct 14,"Justice of the Peace, Pct 1",,DEM,Andy Gonzalez,284,17,150,116,1
Kleberg,0004 Pct 21,REGISTERED VOTERS,,,,1610,,,,
Kleberg,0004 Pct 21,BALLOTS CAST,,,,797,40,479,278,0
Kleberg,0004 Pct 21,U.S. House,34,REP,Mayra Flores,490,21,294,175,0
Kleberg,0004 Pct 21,U.S. House,34,DEM,Vicente Gonzalez,285,19,174,92,0
Kleberg,0004 Pct 21,U.S. House,34,IND,Chris Royal,16,0,5,11,0
Kleberg,0004 Pct 21,Governor,,REP,Greg Abbott,493,21,299,173,0
Kleberg,0004 Pct 21,Governor,,DEM,Beto O-Rourke,298,18,177,103,0
Kleberg,0004 Pct 21,Governor,,LIB,Mark Tippetts,3,0,1,2,0
Kleberg,0004 Pct 21,Governor,,GRN,Delilah Barrios,0,0,0,0,0
Kleberg,0004 Pct 21,Governor,,,WRITE-IN,0,0,0,0,0
Kleberg,0004 Pct 21,Lieutenant Governor,,REP,Dan Patrick,478,22,288,168,0
Kleberg,0004 Pct 21,Lieutenant Governor,,DEM,Mike Collier,297,17,177,103,0
Kleberg,0004 Pct 21,Lieutenant Governor,,LIB,Shanna Steele,14,0,7,7,0
Kleberg,0004 Pct 21,Attorney General,,REP,Ken Paxton,475,22,288,165,0
Kleberg,0004 Pct 21,Attorney General,,DEM,Rochelle Mercedes Garza,295,17,176,102,0
Kleberg,0004 Pct 21,Attorney General,,LIB,Mark Ash,18,0,7,11,0
Kleberg,0004 Pct 21,Comptroller of Public Accounts,,REP,Glenn Hegar,480,22,285,173,0
Kleberg,0004 Pct 21,Comptroller of Public Accounts,,DEM,Janet T Dudding,275,15,168,92,0
Kleberg,0004 Pct 21,Comptroller of Public Accounts,,LIB,V Alonzo Echevarria-Garza,28,1,14,13,0
Kleberg,0004 Pct 21,Comm General Land Office,,REP,Dawn Buckingham,412,17,244,151,0
Kleberg,0004 Pct 21,Comm General Land Office,,DEM,Jay Kleberg,371,21,226,124,0
Kleberg,0004 Pct 21,Comm General Land Office,,GRN,"Alfredo Molison, Jr",7,1,3,3,0
Kleberg,0004 Pct 21,Comm General Land Office,,,WRITE-IN,0,0,0,0,0
Kleberg,0004 Pct 21,Commissioner of Agriculture,,REP,Sid Miller,480,23,288,169,0
Kleberg,0004 Pct 21,Commissioner of Agriculture,,DEM,Susan Hays,309,16,184,109,0
Kleberg,0004 Pct 21,Railroad Commissioner,,REP,Wayne Christian,477,23,286,168,0
Kleberg,0004 Pct 21,Railroad Commissioner,,DEM,Luke Warford,272,16,162,94,0
Kleberg,0004 Pct 21,Railroad Commissioner,,LIB,Jaime Andres Diez,31,0,18,13,0
Kleberg,0004 Pct 21,Railroad Commissioner,,GRN,Hunter Wayne Crow,6,0,3,3,0
Kleberg,0004 Pct 21,"Justice, Supreme Court, Place 3",,REP,Debra Lehrmann,488,20,295,173,0
Kleberg,0004 Pct 21,"Justice, Supreme Court, Place 3",,DEM,Erin A Nowell,282,19,168,95,0
Kleberg,0004 Pct 21,"Justice, Supreme Court, Place 3",,LIB,Thomas Edward Oxford,15,0,5,10,0
Kleberg,0004 Pct 21,"Justice, Supreme Court, Place 5",,REP,Rebeca Huddle,493,22,294,177,0
Kleberg,0004 Pct 21,"Justice, Supreme Court, Place 5",,DEM,Amanda Reichek,296,17,178,101,0
Kleberg,0004 Pct 21,"Justice, Supreme Court, Place 9",,REP,Evan Young,474,20,287,167,0
Kleberg,0004 Pct 21,"Justice, Supreme Court, Place 9",,DEM,Julia Maldonado,314,19,184,111,0
Kleberg,0004 Pct 21,"Judge, Court of Criminal Appeals, Place 5",,REP,Scott Walker,485,21,292,172,0
Kleberg,0004 Pct 21,"Judge, Court of Criminal Appeals, Place 5",,DEM,Dana Huffman,301,18,177,106,0
Kleberg,0004 Pct 21,"Judge, Court of Criminal Appeals, Place 6",,REP,"Jesse F McClure, III",495,22,296,177,0
Kleberg,0004 Pct 21,"Judge, Court of Criminal Appeals, Place 6",,DEM,Robert Johnson,293,17,175,101,0
Kleberg,0004 Pct 21,"Member, State Board of Education",2,REP,LJ Francis,484,22,289,173,0
Kleberg,0004 Pct 21,"Member, State Board of Education",2,DEM,Victor Perez,304,17,182,105,0
Kleberg,0004 Pct 21,State Senate,27,REP,Adam Hinojosa,503,23,298,182,0
Kleberg,0004 Pct 21,State Senate,27,DEM,Moragan LaMantia,285,16,173,96,0
Kleberg,0004 Pct 21,"Justice, 13th Court of Appeals District, Place 3",,REP,Aaron Pena,468,20,281,167,0
Kleberg,0004 Pct 21,"Justice, 13th Court of Appeals District, Place 3",,DEM,Leticia Hinojosa,321,19,191,111,0
Kleberg,0004 Pct 21,County Judge,,REP,Rudy Madrid,558,25,332,201,0
Kleberg,0004 Pct 21,County Judge,,DEM,Al Garcia,232,14,141,77,0
Kleberg,0004 Pct 21,"Judge, County Court at Law",,REP,J Dean Craig,467,25,279,163,0
Kleberg,0004 Pct 21,"Judge, County Court at Law",,DEM,Jaime E Carrillo,323,14,194,115,0
Kleberg,0004 Pct 21,County Clerk,,REP,"Salvador ""Sonny"" Barrera, III",520,23,312,185,0
Kleberg,0004 Pct 21,County Clerk,,DEM,Andre Ortiz,267,16,158,93,0
Kleberg,0004 Pct 21,"Justice of the Peace, Pct 2",,REP,Brandon Wayne Barrera,528,28,313,187,0
Kleberg,0004 Pct 21,"Justice of the Peace, Pct 2",,DEM,Nick Prado,259,10,159,90,0
Kleberg,0004 Pct 21,Kleberg County Special Election,,,FOR,2,0,1,1,0
Kleberg,0004 Pct 21,Kleberg County Special Election,,,AGAINST,1,0,1,0,0
Kleberg,0005 Pct 22/23,REGISTERED VOTERS,,,,1154,,,,
Kleberg,0005 Pct 22/23,BALLOTS CAST,,,,434,19,260,155,0
Kleberg,0005 Pct 22/23,U.S. House,34,REP,Mayra Flores,206,7,120,79,0
Kleberg,0005 Pct 22/23,U.S. House,34,DEM,Vicente Gonzalez,207,11,128,68,0
Kleberg,0005 Pct 22/23,U.S. House,34,IND,Chris Royal,10,1,4,5,0
Kleberg,0005 Pct 22/23,Governor,,REP,Greg Abbott,214,9,123,82,0
Kleberg,0005 Pct 22/23,Governor,,DEM,Beto O-Rourke,213,9,134,70,0
Kleberg,0005 Pct 22/23,Governor,,LIB,Mark Tippetts,3,1,0,2,0
Kleberg,0005 Pct 22/23,Governor,,GRN,Delilah Barrios,1,0,0,1,0
Kleberg,0005 Pct 22/23,Governor,,,WRITE-IN,0,0,0,0,0
Kleberg,0005 Pct 22/23,Lieutenant Governor,,REP,Dan Patrick,204,8,122,74,0
Kleberg,0005 Pct 22/23,Lieutenant Governor,,DEM,Mike Collier,205,11,124,70,0
Kleberg,0005 Pct 22/23,Lieutenant Governor,,LIB,Shanna Steele,13,0,5,8,0
Kleberg,0005 Pct 22/23,Attorney General,,REP,Ken Paxton,195,7,113,75,0
Kleberg,0005 Pct 22/23,Attorney General,,DEM,Rochelle Mercedes Garza,213,12,133,68,0
Kleberg,0005 Pct 22/23,Attorney General,,LIB,Mark Ash,13,0,5,8,0
Kleberg,0005 Pct 22/23,Comptroller of Public Accounts,,REP,Glenn Hegar,192,7,108,77,0
Kleberg,0005 Pct 22/23,Comptroller of Public Accounts,,DEM,Janet T Dudding,197,11,124,62,0
Kleberg,0005 Pct 22/23,Comptroller of Public Accounts,,LIB,V Alonzo Echevarria-Garza,23,1,11,11,0
Kleberg,0005 Pct 22/23,Comm General Land Office,,REP,Dawn Buckingham,166,6,97,63,0
Kleberg,0005 Pct 22/23,Comm General Land Office,,DEM,Jay Kleberg,254,12,155,87,0
Kleberg,0005 Pct 22/23,Comm General Land Office,,GRN,"Alfredo Molison, Jr",3,0,1,2,0
Kleberg,0005 Pct 22/23,Comm General Land Office,,,WRITE-IN,1,1,0,0,0
Kleberg,0005 Pct 22/23,Commissioner of Agriculture,,REP,Sid Miller,201,7,119,75,0
Kleberg,0005 Pct 22/23,Commissioner of Agriculture,,DEM,Susan Hays,220,12,132,76,0
Kleberg,0005 Pct 22/23,Railroad Commissioner,,REP,Wayne Christian,192,8,110,74,0
Kleberg,0005 Pct 22/23,Railroad Commissioner,,DEM,Luke Warford,195,10,124,61,0
Kleberg,0005 Pct 22/23,Railroad Commissioner,,LIB,Jaime Andres Diez,25,1,12,12,0
Kleberg,0005 Pct 22/23,Railroad Commissioner,,GRN,Hunter Wayne Crow,7,0,4,3,0
Kleberg,0005 Pct 22/23,"Justice, Supreme Court, Place 3",,REP,Debra Lehrmann,200,8,118,74,0
Kleberg,0005 Pct 22/23,"Justice, Supreme Court, Place 3",,DEM,Erin A Nowell,203,10,123,70,0
Kleberg,0005 Pct 22/23,"Justice, Supreme Court, Place 3",,LIB,Thomas Edward Oxford,9,1,2,6,0
Kleberg,0005 Pct 22/23,"Justice, Supreme Court, Place 5",,REP,Rebeca Huddle,202,9,114,79,0
Kleberg,0005 Pct 22/23,"Justice, Supreme Court, Place 5",,DEM,Amanda Reichek,215,10,134,71,0
Kleberg,0005 Pct 22/23,"Justice, Supreme Court, Place 9",,REP,Evan Young,192,7,113,72,0
Kleberg,0005 Pct 22/23,"Justice, Supreme Court, Place 9",,DEM,Julia Maldonado,228,12,138,78,0
Kleberg,0005 Pct 22/23,"Judge, Court of Criminal Appeals, Place 5",,REP,Scott Walker,198,9,115,74,0
Kleberg,0005 Pct 22/23,"Judge, Court of Criminal Appeals, Place 5",,DEM,Dana Huffman,222,10,135,77,0
Kleberg,0005 Pct 22/23,"Judge, Court of Criminal Appeals, Place 6",,REP,"Jesse F McClure, III",207,8,116,83,0
Kleberg,0005 Pct 22/23,"Judge, Court of Criminal Appeals, Place 6",,DEM,Robert Johnson,213,11,135,67,0
Kleberg,0005 Pct 22/23,"Member, State Board of Education",2,REP,LJ Francis,198,8,116,74,0
Kleberg,0005 Pct 22/23,"Member, State Board of Education",2,DEM,Victor Perez,226,11,137,78,0
Kleberg,0005 Pct 22/23,State Senate,27,REP,Adam Hinojosa,229,9,133,87,0
Kleberg,0005 Pct 22/23,State Senate,27,DEM,Moragan LaMantia,194,10,120,64,0
Kleberg,0005 Pct 22/23,"Justice, 13th Court of Appeals District, Place 3",,REP,Aaron Pena,200,8,115,77,0
Kleberg,0005 Pct 22/23,"Justice, 13th Court of Appeals District, Place 3",,DEM,Leticia Hinojosa,222,11,137,74,0
Kleberg,0005 Pct 22/23,County Judge,,REP,Rudy Madrid,260,10,147,103,0
Kleberg,0005 Pct 22/23,County Judge,,DEM,Al Garcia,166,9,107,50,0
Kleberg,0005 Pct 22/23,"Judge, County Court at Law",,REP,J Dean Craig,195,6,112,77,0
Kleberg,0005 Pct 22/23,"Judge, County Court at Law",,DEM,Jaime E Carrillo,230,13,140,77,0
Kleberg,0005 Pct 22/23,County Clerk,,REP,"Salvador ""Sonny"" Barrera, III",217,8,126,83,0
Kleberg,0005 Pct 22/23,County Clerk,,DEM,Andre Ortiz,204,11,124,69,0
Kleberg,0005 Pct 22/23,"Justice of the Peace, Pct 2",,REP,Brandon Wayne Barrera,218,6,125,87,0
Kleberg,0005 Pct 22/23,"Justice of the Peace, Pct 2",,DEM,Nick Prado,202,13,127,62,0
Kleberg,0006 Pct 24,REGISTERED VOTERS,,,,1166,,,,
Kleberg,0006 Pct 24,BALLOTS CAST,,,,428,22,256,149,1
Kleberg,0006 Pct 24,U.S. House,34,REP,Mayra Flores,214,8,137,69,0
Kleberg,0006 Pct 24,U.S. House,34,DEM,Vicente Gonzalez,198,14,106,77,1
Kleberg,0006 Pct 24,U.S. House,34,IND,Chris Royal,10,0,7,3,0
Kleberg,0006 Pct 24,Governor,,REP,Greg Abbott,214,6,140,68,0
Kleberg,0006 Pct 24,Governor,,DEM,Beto O-Rourke,205,16,109,79,1
Kleberg,0006 Pct 24,Governor,,LIB,Mark Tippetts,4,0,2,2,0
Kleberg,0006 Pct 24,Governor,,GRN,Delilah Barrios,2,0,2,0,0
Kleberg,0006 Pct 24,Governor,,,WRITE-IN,0,0,0,0,0
Kleberg,0006 Pct 24,Lieutenant Governor,,REP,Dan Patrick,201,3,133,65,0
Kleberg,0006 Pct 24,Lieutenant Governor,,DEM,Mike Collier,194,16,106,71,1
Kleberg,0006 Pct 24,Lieutenant Governor,,LIB,Shanna Steele,17,1,7,9,0
Kleberg,0006 Pct 24,Attorney General,,REP,Ken Paxton,192,3,130,59,0
Kleberg,0006 Pct 24,Attorney General,,DEM,Rochelle Mercedes Garza,210,15,111,83,1
Kleberg,0006 Pct 24,Attorney General,,LIB,Mark Ash,8,2,4,2,0
Kleberg,0006 Pct 24,Comptroller of Public Accounts,,REP,Glenn Hegar,200,6,134,60,0
Kleberg,0006 Pct 24,Comptroller of Public Accounts,,DEM,Janet T Dudding,175,13,94,67,1
Kleberg,0006 Pct 24,Comptroller of Public Accounts,,LIB,V Alonzo Echevarria-Garza,34,3,16,15,0
Kleberg,0006 Pct 24,Comm General Land Office,,REP,Dawn Buckingham,164,5,108,51,0
Kleberg,0006 Pct 24,Comm General Land Office,,DEM,Jay Kleberg,245,16,136,92,1
Kleberg,0006 Pct 24,Comm General Land Office,,GRN,"Alfredo Molison, Jr",8,1,4,3,0
Kleberg,0006 Pct 24,Comm General Land Office,,,WRITE-IN,0,0,0,0,0
Kleberg,0006 Pct 24,Commissioner of Agriculture,,REP,Sid Miller,201,4,135,62,0
Kleberg,0006 Pct 24,Commissioner of Agriculture,,DEM,Susan Hays,207,16,110,80,1
Kleberg,0006 Pct 24,Railroad Commissioner,,REP,Wayne Christian,194,4,131,59,0
Kleberg,0006 Pct 24,Railroad Commissioner,,DEM,Luke Warford,181,13,98,69,1
Kleberg,0006 Pct 24,Railroad Commissioner,,LIB,Jaime Andres Diez,26,2,13,11,0
Kleberg,0006 Pct 24,Railroad Commissioner,,GRN,Hunter Wayne Crow,7,1,3,3,0
Kleberg,0006 Pct 24,"Justice, Supreme Court, Place 3",,REP,Debra Lehrmann,199,5,133,61,0
Kleberg,0006 Pct 24,"Justice, Supreme Court, Place 3",,DEM,Erin A Nowell,193,14,105,73,1
Kleberg,0006 Pct 24,"Justice, Supreme Court, Place 3",,LIB,Thomas Edward Oxford,14,2,6,6,0
Kleberg,0006 Pct 24,"Justice, Supreme Court, Place 5",,REP,Rebeca Huddle,202,6,134,62,0
Kleberg,0006 Pct 24,"Justice, Supreme Court, Place 5",,DEM,Amanda Reichek,205,15,110,79,1
Kleberg,0006 Pct 24,"Justice, Supreme Court, Place 9",,REP,Evan Young,194,5,129,60,0
Kleberg,0006 Pct 24,"Justice, Supreme Court, Place 9",,DEM,Julia Maldonado,218,16,117,84,1
Kleberg,0006 Pct 24,"Judge, Court of Criminal Appeals, Place 5",,REP,Scott Walker,213,6,139,68,0
Kleberg,0006 Pct 24,"Judge, Court of Criminal Appeals, Place 5",,DEM,Dana Huffman,196,15,105,75,1
Kleberg,0006 Pct 24,"Judge, Court of Criminal Appeals, Place 6",,REP,"Jesse F McClure, III",205,6,132,67,0
Kleberg,0006 Pct 24,"Judge, Court of Criminal Appeals, Place 6",,DEM,Robert Johnson,202,15,111,75,1
Kleberg,0006 Pct 24,"Member, State Board of Education",2,REP,LJ Francis,195,6,129,60,0
Kleberg,0006 Pct 24,"Member, State Board of Education",2,DEM,Victor Perez,215,15,116,83,1
Kleberg,0006 Pct 24,State Senate,27,REP,Adam Hinojosa,214,6,142,66,0
Kleberg,0006 Pct 24,State Senate,27,DEM,Moragan LaMantia,201,15,108,77,1
Kleberg,0006 Pct 24,"Justice, 13th Court of Appeals District, Place 3",,REP,Aaron Pena,199,6,130,63,0
Kleberg,0006 Pct 24,"Justice, 13th Court of Appeals District, Place 3",,DEM,Leticia Hinojosa,215,15,117,82,1
Kleberg,0006 Pct 24,County Judge,,REP,Rudy Madrid,263,9,171,83,0
Kleberg,0006 Pct 24,County Judge,,DEM,Al Garcia,156,12,79,64,1
Kleberg,0006 Pct 24,"Judge, County Court at Law",,REP,J Dean Craig,194,10,129,55,0
Kleberg,0006 Pct 24,"Judge, County Court at Law",,DEM,Jaime E Carrillo,222,11,121,89,1
Kleberg,0006 Pct 24,County Clerk,,REP,"Salvador ""Sonny"" Barrera, III",228,7,150,71,0
Kleberg,0006 Pct 24,County Clerk,,DEM,Andre Ortiz,187,14,98,74,1
Kleberg,0006 Pct 24,"Justice of the Peace, Pct 2",,REP,Brandon Wayne Barrera,232,9,144,79,0
Kleberg,0006 Pct 24,"Justice of the Peace, Pct 2",,DEM,Nick Prado,185,12,105,67,1
Kleberg,0006 Pct 24,Kleberg County Special Election,,,FOR,8,0,8,0,0
Kleberg,0006 Pct 24,Kleberg County Special Election,,,AGAINST,6,2,4,0,0
Kleberg,0006 Pct 24,School Board Trustee SGISD,,,April Grigg,0,0,0,0,0
Kleberg,0006 Pct 24,School Board Trustee SGISD,,,Jennifer Cash,0,0,0,0,0
Kleberg,0006 Pct 24,School Board Trustee SGISD,,,Delia Perez,0,0,0,0,0
Kleberg,0006 Pct 24,School Board Trustee SGISD,,,Carmen Falcon,0,0,0,0,0
Kleberg,0006 Pct 24,School Board Trustee SGISD,,,"Oscar Cortez, Jr",0,0,0,0,0
Kleberg,0007 Pct 31,REGISTERED VOTERS,,,,1852,,,,
Kleberg,0007 Pct 31,BALLOTS CAST,,,,754,45,484,223,2
Kleberg,0007 Pct 31,U.S. House,34,REP,Mayra Flores,396,13,262,119,2
Kleberg,0007 Pct 31,U.S. House,34,DEM,Vicente Gonzalez,329,29,208,92,0
Kleberg,0007 Pct 31,U.S. House,34,IND,Chris Royal,21,2,9,10,0
Kleberg,0007 Pct 31,Governor,,REP,Greg Abbott,397,14,270,111,2
Kleberg,0007 Pct 31,Governor,,DEM,Beto O-Rourke,343,28,210,105,0
Kleberg,0007 Pct 31,Governor,,LIB,Mark Tippetts,6,1,2,3,0
Kleberg,0007 Pct 31,Governor,,GRN,Delilah Barrios,3,1,0,2,0
Kleberg,0007 Pct 31,Governor,,,WRITE-IN,1,0,0,1,0
Kleberg,0007 Pct 31,Lieutenant Governor,,REP,Dan Patrick,396,13,267,114,2
Kleberg,0007 Pct 31,Lieutenant Governor,,DEM,Mike Collier,327,30,203,94,0
Kleberg,0007 Pct 31,Lieutenant Governor,,LIB,Shanna Steele,18,0,8,10,0
Kleberg,0007 Pct 31,Attorney General,,REP,Ken Paxton,378,14,253,109,2
Kleberg,0007 Pct 31,Attorney General,,DEM,Rochelle Mercedes Garza,344,28,215,101,0
Kleberg,0007 Pct 31,Attorney General,,LIB,Mark Ash,18,1,8,9,0
Kleberg,0007 Pct 31,Comptroller of Public Accounts,,REP,Glenn Hegar,388,13,256,117,2
Kleberg,0007 Pct 31,Comptroller of Public Accounts,,DEM,Janet T Dudding,319,28,204,87,0
Kleberg,0007 Pct 31,Comptroller of Public Accounts,,LIB,V Alonzo Echevarria-Garza,28,1,13,14,0
Kleberg,0007 Pct 31,Comm General Land Office,,REP,Dawn Buckingham,315,10,210,93,2
Kleberg,0007 Pct 31,Comm General Land Office,,DEM,Jay Kleberg,419,34,265,120,0
Kleberg,0007 Pct 31,Comm General Land Office,,GRN,"Alfredo Molison, Jr",8,0,4,4,0
Kleberg,0007 Pct 31,Comm General Land Office,,,WRITE-IN,1,0,0,1,0
Kleberg,0007 Pct 31,Commissioner of Agriculture,,REP,Sid Miller,388,13,257,116,2
Kleberg,0007 Pct 31,Commissioner of Agriculture,,DEM,Susan Hays,350,29,220,101,0
Kleberg,0007 Pct 31,Railroad Commissioner,,REP,Wayne Christian,374,12,249,111,2
Kleberg,0007 Pct 31,Railroad Commissioner,,DEM,Luke Warford,320,29,202,89,0
Kleberg,0007 Pct 31,Railroad Commissioner,,LIB,Jaime Andres Diez,23,1,13,9,0
Kleberg,0007 Pct 31,Railroad Commissioner,,GRN,Hunter Wayne Crow,12,0,5,7,0
Kleberg,0007 Pct 31,"Justice, Supreme Court, Place 3",,REP,Debra Lehrmann,384,13,254,115,2
Kleberg,0007 Pct 31,"Justice, Supreme Court, Place 3",,DEM,Erin A Nowell,335,28,209,98,0
Kleberg,0007 Pct 31,"Justice, Supreme Court, Place 3",,LIB,Thomas Edward Oxford,12,1,7,4,0
Kleberg,0007 Pct 31,"Justice, Supreme Court, Place 5",,REP,Rebeca Huddle,389,12,259,116,2
Kleberg,0007 Pct 31,"Justice, Supreme Court, Place 5",,DEM,Amanda Reichek,342,30,211,101,0
Kleberg,0007 Pct 31,"Justice, Supreme Court, Place 9",,REP,Evan Young,371,13,248,108,2
Kleberg,0007 Pct 31,"Justice, Supreme Court, Place 9",,DEM,Julia Maldonado,366,31,225,110,0
Kleberg,0007 Pct 31,"Judge, Court of Criminal Appeals, Place 5",,REP,Scott Walker,390,14,261,113,2
Kleberg,0007 Pct 31,"Judge, Court of Criminal Appeals, Place 5",,DEM,Dana Huffman,342,29,210,103,0
Kleberg,0007 Pct 31,"Judge, Court of Criminal Appeals, Place 6",,REP,"Jesse F McClure, III",389,14,257,116,2
Kleberg,0007 Pct 31,"Judge, Court of Criminal Appeals, Place 6",,DEM,Robert Johnson,341,29,212,100,0
Kleberg,0007 Pct 31,"Member, State Board of Education",2,REP,LJ Francis,374,12,248,112,2
Kleberg,0007 Pct 31,"Member, State Board of Education",2,DEM,Victor Perez,361,31,224,106,0
Kleberg,0007 Pct 31,State Senate,27,REP,Adam Hinojosa,404,15,266,121,2
Kleberg,0007 Pct 31,State Senate,27,DEM,Moragan LaMantia,331,30,206,95,0
Kleberg,0007 Pct 31,"Justice, 13th Court of Appeals District, Place 3",,REP,Aaron Pena,377,11,252,112,2
Kleberg,0007 Pct 31,"Justice, 13th Court of Appeals District, Place 3",,DEM,Leticia Hinojosa,355,34,216,105,0
Kleberg,0007 Pct 31,County Judge,,REP,Rudy Madrid,465,21,319,123,2
Kleberg,0007 Pct 31,County Judge,,DEM,Al Garcia,274,21,159,94,0
Kleberg,0007 Pct 31,"Judge, County Court at Law",,REP,J Dean Craig,366,13,252,99,2
Kleberg,0007 Pct 31,"Judge, County Court at Law",,DEM,Jaime E Carrillo,381,30,229,122,0
Kleberg,0007 Pct 31,County Clerk,,REP,"Salvador ""Sonny"" Barrera, III",426,18,280,126,2
Kleberg,0007 Pct 31,County Clerk,,DEM,Andre Ortiz,317,25,198,94,0
Kleberg,0007 Pct 31,"Justice of the Peace, Pct 3",,REP,Chris Lee,407,13,267,125,2
Kleberg,0007 Pct 31,"Justice of the Peace, Pct 3",,DEM,"Cicildo ""Cid"" Zavala",332,31,207,94,0
Kleberg,0008 Pct 32,REGISTERED VOTERS,,,,678,,,,
Kleberg,0008 Pct 32,BALLOTS CAST,,,,228,13,127,88,0
Kleberg,0008 Pct 32,U.S. House,34,REP,Mayra Flores,87,6,51,30,0
Kleberg,0008 Pct 32,U.S. House,34,DEM,Vicente Gonzalez,133,7,71,55,0
Kleberg,0008 Pct 32,U.S. House,34,IND,Chris Royal,6,0,4,2,0
Kleberg,0008 Pct 32,Governor,,REP,Greg Abbott,96,6,57,33,0
Kleberg,0008 Pct 32,Governor,,DEM,Beto O-Rourke,127,6,67,54,0
Kleberg,0008 Pct 32,Governor,,LIB,Mark Tippetts,1,0,1,0,0
Kleberg,0008 Pct 32,Governor,,GRN,Delilah Barrios,1,0,1,0,0
Kleberg,0008 Pct 32,Governor,,,WRITE-IN,0,0,0,0,0
Kleberg,0008 Pct 32,Lieutenant Governor,,REP,Dan Patrick,94,6,53,35,0
Kleberg,0008 Pct 32,Lieutenant Governor,,DEM,Mike Collier,128,7,70,51,0
Kleberg,0008 Pct 32,Lieutenant Governor,,LIB,Shanna Steele,3,0,2,1,0
Kleberg,0008 Pct 32,Attorney General,,REP,Ken Paxton,92,6,51,35,0
Kleberg,0008 Pct 32,Attorney General,,DEM,Rochelle Mercedes Garza,129,7,71,51,0
Kleberg,0008 Pct 32,Attorney General,,LIB,Mark Ash,3,0,2,1,0
Kleberg,0008 Pct 32,Comptroller of Public Accounts,,REP,Glenn Hegar,92,6,53,33,0
Kleberg,0008 Pct 32,Comptroller of Public Accounts,,DEM,Janet T Dudding,124,6,67,51,0
Kleberg,0008 Pct 32,Comptroller of Public Accounts,,LIB,V Alonzo Echevarria-Garza,6,0,4,2,0
Kleberg,0008 Pct 32,Comm General Land Office,,REP,Dawn Buckingham,78,6,43,29,0
Kleberg,0008 Pct 32,Comm General Land Office,,DEM,Jay Kleberg,145,6,80,59,0
Kleberg,0008 Pct 32,Comm General Land Office,,GRN,"Alfredo Molison, Jr",3,0,3,0,0
Kleberg,0008 Pct 32,Comm General Land Office,,,WRITE-IN,0,0,0,0,0
Kleberg,0008 Pct 32,Commissioner of Agriculture,,REP,Sid Miller,98,6,58,34,0
Kleberg,0008 Pct 32,Commissioner of Agriculture,,DEM,Susan Hays,128,7,68,53,0
Kleberg,0008 Pct 32,Railroad Commissioner,,REP,Wayne Christian,91,6,53,32,0
Kleberg,0008 Pct 32,Railroad Commissioner,,DEM,Luke Warford,122,7,66,49,0
Kleberg,0008 Pct 32,Railroad Commissioner,,LIB,Jaime Andres Diez,9,0,5,4,0
Kleberg,0008 Pct 32,Railroad Commissioner,,GRN,Hunter Wayne Crow,2,0,1,1,0
Kleberg,0008 Pct 32,"Justice, Supreme Court, Place 3",,REP,Debra Lehrmann,88,6,52,30,0
Kleberg,0008 Pct 32,"Justice, Supreme Court, Place 3",,DEM,Erin A Nowell,129,6,68,55,0
Kleberg,0008 Pct 32,"Justice, Supreme Court, Place 3",,LIB,Thomas Edward Oxford,6,0,5,1,0
Kleberg,0008 Pct 32,"Justice, Supreme Court, Place 5",,REP,Rebeca Huddle,92,6,52,34,0
Kleberg,0008 Pct 32,"Justice, Supreme Court, Place 5",,DEM,Amanda Reichek,131,6,72,53,0
Kleberg,0008 Pct 32,"Justice, Supreme Court, Place 9",,REP,Evan Young,88,6,50,32,0
Kleberg,0008 Pct 32,"Justice, Supreme Court, Place 9",,DEM,Julia Maldonado,137,7,75,55,0
Kleberg,0008 Pct 32,"Judge, Court of Criminal Appeals, Place 5",,REP,Scott Walker,93,6,55,32,0
Kleberg,0008 Pct 32,"Judge, Court of Criminal Appeals, Place 5",,DEM,Dana Huffman,130,7,69,54,0
Kleberg,0008 Pct 32,"Judge, Court of Criminal Appeals, Place 6",,REP,"Jesse F McClure, III",96,6,57,33,0
Kleberg,0008 Pct 32,"Judge, Court of Criminal Appeals, Place 6",,DEM,Robert Johnson,127,7,67,53,0
Kleberg,0008 Pct 32,"Member, State Board of Education",2,REP,LJ Francis,88,6,51,31,0
Kleberg,0008 Pct 32,"Member, State Board of Education",2,DEM,Victor Perez,136,7,73,56,0
Kleberg,0008 Pct 32,State Senate,27,REP,Adam Hinojosa,99,6,57,36,0
Kleberg,0008 Pct 32,State Senate,27,DEM,Moragan LaMantia,128,7,70,51,0
Kleberg,0008 Pct 32,"Justice, 13th Court of Appeals District, Place 3",,REP,Aaron Pena,92,6,54,32,0
Kleberg,0008 Pct 32,"Justice, 13th Court of Appeals District, Place 3",,DEM,Leticia Hinojosa,132,7,69,56,0
Kleberg,0008 Pct 32,County Judge,,REP,Rudy Madrid,139,7,78,54,0
Kleberg,0008 Pct 32,County Judge,,DEM,Al Garcia,85,5,46,34,0
Kleberg,0008 Pct 32,"Judge, County Court at Law",,REP,J Dean Craig,95,7,52,36,0
Kleberg,0008 Pct 32,"Judge, County Court at Law",,DEM,Jaime E Carrillo,132,6,74,52,0
Kleberg,0008 Pct 32,County Clerk,,REP,"Salvador ""Sonny"" Barrera, III",106,6,65,35,0
Kleberg,0008 Pct 32,County Clerk,,DEM,Andre Ortiz,120,7,60,53,0
Kleberg,0008 Pct 32,"Justice of the Peace, Pct 3",,REP,Chris Lee,99,6,58,35,0
Kleberg,0008 Pct 32,"Justice of the Peace, Pct 3",,DEM,"Cicildo ""Cid"" Zavala",126,7,67,52,0
Kleberg,0009 Pct 33,REGISTERED VOTERS,,,,484,,,,
Kleberg,0009 Pct 33,BALLOTS CAST,,,,274,7,183,84,0
Kleberg,0009 Pct 33,U.S. House,34,REP,Mayra Flores,195,4,127,64,0
Kleberg,0009 Pct 33,U.S. House,34,DEM,Vicente Gonzalez,72,3,50,19,0
Kleberg,0009 Pct 33,U.S. House,34,IND,Chris Royal,2,0,2,0,0
Kleberg,0009 Pct 33,Governor,,REP,Greg Abbott,191,4,129,58,0
Kleberg,0009 Pct 33,Governor,,DEM,Beto O-Rourke,79,2,52,25,0
Kleberg,0009 Pct 33,Governor,,LIB,Mark Tippetts,1,0,0,1,0
Kleberg,0009 Pct 33,Governor,,GRN,Delilah Barrios,2,0,2,0,0
Kleberg,0009 Pct 33,Governor,,,WRITE-IN,0,0,0,0,0
Kleberg,0009 Pct 33,Lieutenant Governor,,REP,Dan Patrick,188,5,125,58,0
Kleberg,0009 Pct 33,Lieutenant Governor,,DEM,Mike Collier,77,2,53,22,0
Kleberg,0009 Pct 33,Lieutenant Governor,,LIB,Shanna Steele,5,0,2,3,0
Kleberg,0009 Pct 33,Attorney General,,REP,Ken Paxton,180,5,119,56,0
Kleberg,0009 Pct 33,Attorney General,,DEM,Rochelle Mercedes Garza,80,2,54,24,0
Kleberg,0009 Pct 33,Attorney General,,LIB,Mark Ash,9,0,7,2,0
Kleberg,0009 Pct 33,Comptroller of Public Accounts,,REP,Glenn Hegar,187,4,125,58,0
Kleberg,0009 Pct 33,Comptroller of Public Accounts,,DEM,Janet T Dudding,75,3,52,20,0
Kleberg,0009 Pct 33,Comptroller of Public Accounts,,LIB,V Alonzo Echevarria-Garza,4,0,1,3,0
Kleberg,0009 Pct 33,Comm General Land Office,,REP,Dawn Buckingham,141,2,93,46,0
Kleberg,0009 Pct 33,Comm General Land Office,,DEM,Jay Kleberg,130,5,88,37,0
Kleberg,0009 Pct 33,Comm General Land Office,,GRN,"Alfredo Molison, Jr",1,0,1,0,0
Kleberg,0009 Pct 33,Comm General Land Office,,,WRITE-IN,0,0,0,0,0
Kleberg,0009 Pct 33,Commissioner of Agriculture,,REP,Sid Miller,191,5,128,58,0
Kleberg,0009 Pct 33,Commissioner of Agriculture,,DEM,Susan Hays,78,2,52,24,0
Kleberg,0009 Pct 33,Railroad Commissioner,,REP,Wayne Christian,188,4,124,60,0
Kleberg,0009 Pct 33,Railroad Commissioner,,DEM,Luke Warford,69,3,48,18,0
Kleberg,0009 Pct 33,Railroad Commissioner,,LIB,Jaime Andres Diez,6,0,3,3,0
Kleberg,0009 Pct 33,Railroad Commissioner,,GRN,Hunter Wayne Crow,2,0,2,0,0
Kleberg,0009 Pct 33,"Justice, Supreme Court, Place 3",,REP,Debra Lehrmann,181,4,120,57,0
Kleberg,0009 Pct 33,"Justice, Supreme Court, Place 3",,DEM,Erin A Nowell,81,3,57,21,0
Kleberg,0009 Pct 33,"Justice, Supreme Court, Place 3",,LIB,Thomas Edward Oxford,4,0,1,3,0
Kleberg,0009 Pct 33,"Justice, Supreme Court, Place 5",,REP,Rebeca Huddle,188,4,126,58,0
Kleberg,0009 Pct 33,"Justice, Supreme Court, Place 5",,DEM,Amanda Reichek,78,3,52,23,0
Kleberg,0009 Pct 33,"Justice, Supreme Court, Place 9",,REP,Evan Young,180,4,117,59,0
Kleberg,0009 Pct 33,"Justice, Supreme Court, Place 9",,DEM,Julia Maldonado,89,3,63,23,0
Kleberg,0009 Pct 33,"Judge, Court of Criminal Appeals, Place 5",,REP,Scott Walker,186,3,122,61,0
Kleberg,0009 Pct 33,"Judge, Court of Criminal Appeals, Place 5",,DEM,Dana Huffman,80,4,55,21,0
Kleberg,0009 Pct 33,"Judge, Court of Criminal Appeals, Place 6",,REP,"Jesse F McClure, III",183,4,121,58,0
Kleberg,0009 Pct 33,"Judge, Court of Criminal Appeals, Place 6",,DEM,Robert Johnson,82,3,56,23,0
Kleberg,0009 Pct 33,"Member, State Board of Education",2,REP,LJ Francis,181,4,119,58,0
Kleberg,0009 Pct 33,"Member, State Board of Education",2,DEM,Victor Perez,86,2,60,24,0
Kleberg,0009 Pct 33,State Senate,27,REP,Adam Hinojosa,186,4,123,59,0
Kleberg,0009 Pct 33,State Senate,27,DEM,Moragan LaMantia,85,3,58,24,0
Kleberg,0009 Pct 33,"Justice, 13th Court of Appeals District, Place 3",,REP,Aaron Pena,178,4,116,58,0
Kleberg,0009 Pct 33,"Justice, 13th Court of Appeals District, Place 3",,DEM,Leticia Hinojosa,91,3,63,25,0
Kleberg,0009 Pct 33,County Judge,,REP,Rudy Madrid,204,6,127,71,0
Kleberg,0009 Pct 33,County Judge,,DEM,Al Garcia,62,1,48,13,0
Kleberg,0009 Pct 33,"Judge, County Court at Law",,REP,J Dean Craig,165,5,108,52,0
Kleberg,0009 Pct 33,"Judge, County Court at Law",,DEM,Jaime E Carrillo,106,2,73,31,0
Kleberg,0009 Pct 33,County Clerk,,REP,"Salvador ""Sonny"" Barrera, III",192,5,125,62,0
Kleberg,0009 Pct 33,County Clerk,,DEM,Andre Ortiz,76,2,53,21,0
Kleberg,0009 Pct 33,"Justice of the Peace, Pct 3",,REP,Chris Lee,175,3,115,57,0
Kleberg,0009 Pct 33,"Justice of the Peace, Pct 3",,DEM,"Cicildo ""Cid"" Zavala",93,4,64,25,0
Kleberg,0009 Pct 33,Kleberg County Special Election,,,FOR,73,3,46,24,0
Kleberg,0009 Pct 33,Kleberg County Special Election,,,AGAINST,112,2,76,34,0
Kleberg,0009 Pct 33,School Board Trustee SGISD,,,April Grigg,23,2,16,5,0
Kleberg,0009 Pct 33,School Board Trustee SGISD,,,Jennifer Cash,24,2,16,6,0
Kleberg,0009 Pct 33,School Board Trustee SGISD,,,Delia Perez,13,1,10,2,0
Kleberg,0009 Pct 33,School Board Trustee SGISD,,,Carmen Falcon,27,3,18,6,0
Kleberg,0009 Pct 33,School Board Trustee SGISD,,,"Oscar Cortez, Jr",23,3,15,5,0
Kleberg,0010 Pct 34,REGISTERED VOTERS,,,,1134,,,,
Kleberg,0010 Pct 34,BALLOTS CAST,,,,585,27,281,276,1
Kleberg,0010 Pct 34,U.S. House,34,REP,Mayra Flores,407,16,189,201,1
Kleberg,0010 Pct 34,U.S. House,34,DEM,Vicente Gonzalez,151,9,82,60,0
Kleberg,0010 Pct 34,U.S. House,34,IND,Chris Royal,17,1,4,12,0
Kleberg,0010 Pct 34,Governor,,REP,Greg Abbott,412,18,187,206,1
Kleberg,0010 Pct 34,Governor,,DEM,Beto O-Rourke,161,8,88,65,0
Kleberg,0010 Pct 34,Governor,,LIB,Mark Tippetts,6,1,2,3,0
Kleberg,0010 Pct 34,Governor,,GRN,Delilah Barrios,0,0,0,0,0
Kleberg,0010 Pct 34,Governor,,,WRITE-IN,0,0,0,0,0
Kleberg,0010 Pct 34,Lieutenant Governor,,REP,Dan Patrick,405,17,184,203,1
Kleberg,0010 Pct 34,Lieutenant Governor,,DEM,Mike Collier,162,9,90,63,0
Kleberg,0010 Pct 34,Lieutenant Governor,,LIB,Shanna Steele,9,1,2,6,0
Kleberg,0010 Pct 34,Attorney General,,REP,Ken Paxton,396,16,179,200,1
Kleberg,0010 Pct 34,Attorney General,,DEM,Rochelle Mercedes Garza,166,10,88,68,0
Kleberg,0010 Pct 34,Attorney General,,LIB,Mark Ash,8,1,3,4,0
Kleberg,0010 Pct 34,Comptroller of Public Accounts,,REP,Glenn Hegar,397,16,182,198,1
Kleberg,0010 Pct 34,Comptroller of Public Accounts,,DEM,Janet T Dudding,162,9,85,68,0
Kleberg,0010 Pct 34,Comptroller of Public Accounts,,LIB,V Alonzo Echevarria-Garza,12,2,4,6,0
Kleberg,0010 Pct 34,Comm General Land Office,,REP,Dawn Buckingham,346,13,159,173,1
Kleberg,0010 Pct 34,Comm General Land Office,,DEM,Jay Kleberg,228,14,118,96,0
Kleberg,0010 Pct 34,Comm General Land Office,,GRN,"Alfredo Molison, Jr",2,0,0,2,0
Kleberg,0010 Pct 34,Comm General Land Office,,,WRITE-IN,0,0,0,0,0
Kleberg,0010 Pct 34,Commissioner of Agriculture,,REP,Sid Miller,398,17,181,199,1
Kleberg,0010 Pct 34,Commissioner of Agriculture,,DEM,Susan Hays,178,10,96,72,0
Kleberg,0010 Pct 34,Railroad Commissioner,,REP,Wayne Christian,389,15,178,195,1
Kleberg,0010 Pct 34,Railroad Commissioner,,DEM,Luke Warford,161,9,85,67,0
Kleberg,0010 Pct 34,Railroad Commissioner,,LIB,Jaime Andres Diez,16,3,5,8,0
Kleberg,0010 Pct 34,Railroad Commissioner,,GRN,Hunter Wayne Crow,3,0,3,0,0
Kleberg,0010 Pct 34,"Justice, Supreme Court, Place 3",,REP,Debra Lehrmann,393,15,181,196,1
Kleberg,0010 Pct 34,"Justice, Supreme Court, Place 3",,DEM,Erin A Nowell,168,10,89,69,0
Kleberg,0010 Pct 34,"Justice, Supreme Court, Place 3",,LIB,Thomas Edward Oxford,10,2,3,5,0
Kleberg,0010 Pct 34,"Justice, Supreme Court, Place 5",,REP,Rebeca Huddle,401,17,183,200,1
Kleberg,0010 Pct 34,"Justice, Supreme Court, Place 5",,DEM,Amanda Reichek,168,10,90,68,0
Kleberg,0010 Pct 34,"Justice, Supreme Court, Place 9",,REP,Evan Young,390,17,179,193,1
Kleberg,0010 Pct 34,"Justice, Supreme Court, Place 9",,DEM,Julia Maldonado,179,8,95,76,
Kleberg,0010 Pct 34,"Judge, Court of Criminal Appeals, Place 5",,REP,Scott Walker,393,17,179,196,1
Kleberg,0010 Pct 34,"Judge, Court of Criminal Appeals, Place 5",,DEM,Dana Huffman,174,9,92,73,
Kleberg,0010 Pct 34,"Judge, Court of Criminal Appeals, Place 6",,REP,"Jesse F McClure, III",397,17,181,198,1
Kleberg,0010 Pct 34,"Judge, Court of Criminal Appeals, Place 6",,DEM,Robert Johnson,172,8,94,70,0
Kleberg,0010 Pct 34,"Member, State Board of Education",2,REP,LJ Francis,393,16,184,192,1
Kleberg,0010 Pct 34,"Member, State Board of Education",2,DEM,Victor Perez,175,10,88,77,0
Kleberg,0010 Pct 34,State Senate,27,REP,Adam Hinojosa,412,16,189,206,1
Kleberg,0010 Pct 34,State Senate,27,DEM,Moragan LaMantia,158,10,83,65,0
Kleberg,0010 Pct 34,"Justice, 13th Court of Appeals District, Place 3",,REP,Aaron Pena,385,18,177,189,1
Kleberg,0010 Pct 34,"Justice, 13th Court of Appeals District, Place 3",,DEM,Leticia Hinojosa,180,8,93,79,
Kleberg,0010 Pct 34,County Judge,,REP,Rudy Madrid,399,18,184,196,1
Kleberg,0010 Pct 34,County Judge,,DEM,Al Garcia,165,8,89,68,0
Kleberg,0010 Pct 34,"Judge, County Court at Law",,REP,J Dean Craig,381,19,171,191,0
Kleberg,0010 Pct 34,"Judge, County Court at Law",,DEM,Jaime E Carrillo,190,7,102,80,1
Kleberg,0010 Pct 34,County Clerk,,REP,"Salvador ""Sonny"" Barrera, III",412,19,192,200,1
Kleberg,0010 Pct 34,County Clerk,,DEM,Andre Ortiz,158,7,83,68,0
Kleberg,0010 Pct 34,"Justice of the Peace, Pct 3",,REP,Chris Lee,396,16,169,210,1
Kleberg,0010 Pct 34,"Justice of the Peace, Pct 3",,DEM,"Cicildo ""Cid"" Zavala",179,11,108,60,0
Kleberg,0010 Pct 34,Kleberg County Special Election,,,FOR,196,14,81,101,0
Kleberg,0010 Pct 34,Kleberg County Special Election,,,AGAINST,348,10,172,165,1
Kleberg,0010 Pct 34,School Board Trustee SGISD,,,April Grigg,5,0,1,4,0
Kleberg,0010 Pct 34,School Board Trustee SGISD,,,Jennifer Cash,3,0,2,1,0
Kleberg,0010 Pct 34,School Board Trustee SGISD,,,Delia Perez,1,0,1,0,0
Kleberg,0010 Pct 34,School Board Trustee SGISD,,,Carmen Falcon,3,0,0,3,0
Kleberg,0010 Pct 34,School Board Trustee SGISD,,,"Oscar Cortez, Jr",1,0,1,0,0
Kleberg,0011 Pct 35,REGISTERED VOTERS,,,,1174,,,,
Kleberg,0011 Pct 35,BALLOTS CAST,,,,518,16,264,238,0
Kleberg,0011 Pct 35,U.S. House,34,REP,Mayra Flores,335,4,172,159,0
Kleberg,0011 Pct 35,U.S. House,34,DEM,Vicente Gonzalez,163,10,82,71,0
Kleberg,0011 Pct 35,U.S. House,34,IND,Chris Royal,11,1,3,7,0
Kleberg,0011 Pct 35,Governor,,REP,Greg Abbott,332,5,172,155,0
Kleberg,0011 Pct 35,Governor,,DEM,Beto O-Rourke,175,9,88,78,0
Kleberg,0011 Pct 35,Governor,,LIB,Mark Tippetts,3,0,1,2,0
Kleberg,0011 Pct 35,Governor,,GRN,Delilah Barrios,5,1,2,2,0
Kleberg,0011 Pct 35,Governor,,,WRITE-IN,1,0,0,1,0
Kleberg,0011 Pct 35,Lieutenant Governor,,REP,Dan Patrick,331,5,170,156,0
Kleberg,0011 Pct 35,Lieutenant Governor,,DEM,Mike Collier,172,10,85,77,0
Kleberg,0011 Pct 35,Lieutenant Governor,,LIB,Shanna Steele,6,0,2,4,0
Kleberg,0011 Pct 35,Attorney General,,REP,Ken Paxton,322,4,168,150,0
Kleberg,0011 Pct 35,Attorney General,,DEM,Rochelle Mercedes Garza,188,12,92,84,0
Kleberg,0011 Pct 35,Attorney General,,LIB,Mark Ash,3,0,0,3,0
Kleberg,0011 Pct 35,Comptroller of Public Accounts,,REP,Glenn Hegar,326,3,166,157,0
Kleberg,0011 Pct 35,Comptroller of Public Accounts,,DEM,Janet T Dudding,161,11,81,69,0
Kleberg,0011 Pct 35,Comptroller of Public Accounts,,LIB,V Alonzo Echevarria-Garza,18,1,6,11,0
Kleberg,0011 Pct 35,Comm General Land Office,,REP,Dawn Buckingham,284,3,149,132,0
Kleberg,0011 Pct 35,Comm General Land Office,,DEM,Jay Kleberg,223,10,108,105,0
Kleberg,0011 Pct 35,Comm General Land Office,,GRN,"Alfredo Molison, Jr",2,0,1,1,0
Kleberg,0011 Pct 35,Comm General Land Office,,,WRITE-IN,0,0,0,0,0
Kleberg,0011 Pct 35,Commissioner of Agriculture,,REP,Sid Miller,328,3,169,156,0
Kleberg,0011 Pct 35,Commissioner of Agriculture,,DEM,Susan Hays,179,11,88,80,0
Kleberg,0011 Pct 35,Railroad Commissioner,,REP,Wayne Christian,323,4,164,155,0
Kleberg,0011 Pct 35,Railroad Commissioner,,DEM,Luke Warford,160,10,77,73,0
Kleberg,0011 Pct 35,Railroad Commissioner,,LIB,Jaime Andres Diez,17,1,10,6,0
Kleberg,0011 Pct 35,Railroad Commissioner,,GRN,Hunter Wayne Crow,5,0,2,3,0
Kleberg,0011 Pct 35,"Justice, Supreme Court, Place 3",,REP,Debra Lehrmann,334,4,168,162,0
Kleberg,0011 Pct 35,"Justice, Supreme Court, Place 3",,DEM,Erin A Nowell,166,11,84,71,0
Kleberg,0011 Pct 35,"Justice, Supreme Court, Place 3",,LIB,Thomas Edward Oxford,3,0,1,2,0
Kleberg,0011 Pct 35,"Justice, Supreme Court, Place 5",,REP,Rebeca Huddle,333,3,168,162,0
Kleberg,0011 Pct 35,"Justice, Supreme Court, Place 5",,DEM,Amanda Reichek,170,10,85,75,0
Kleberg,0011 Pct 35,"Justice, Supreme Court, Place 9",,REP,Evan Young,316,3,163,150,0
Kleberg,0011 Pct 35,"Justice, Supreme Court, Place 9",,DEM,Julia Maldonado,192,12,93,87,0
Kleberg,0011 Pct 35,"Judge, Court of Criminal Appeals, Place 5",,REP,Scott Walker,322,4,163,155,0
Kleberg,0011 Pct 35,"Judge, Court of Criminal Appeals, Place 5",,DEM,Dana Huffman,180,11,87,82,0
Kleberg,0011 Pct 35,"Judge, Court of Criminal Appeals, Place 6",,REP,"Jesse F McClure, III",321,4,160,157,0
Kleberg,0011 Pct 35,"Judge, Court of Criminal Appeals, Place 6",,DEM,Robert Johnson,174,10,86,78,0
Kleberg,0011 Pct 35,"Member, State Board of Education",2,REP,LJ Francis,317,3,161,153,0
Kleberg,0011 Pct 35,"Member, State Board of Education",2,DEM,Victor Perez,186,11,91,84,0
Kleberg,0011 Pct 35,State Senate,27,REP,Adam Hinojosa,340,4,170,166,0
Kleberg,0011 Pct 35,State Senate,27,DEM,Moragan LaMantia,165,10,83,72,0
Kleberg,0011 Pct 35,"Justice, 13th Court of Appeals District, Place 3",,REP,Aaron Pena,312,3,160,149,0
Kleberg,0011 Pct 35,"Justice, 13th Court of Appeals District, Place 3",,DEM,Leticia Hinojosa,190,12,90,88,0
Kleberg,0011 Pct 35,County Judge,,REP,Rudy Madrid,378,6,192,180,0
Kleberg,0011 Pct 35,County Judge,,DEM,Al Garcia,133,9,67,57,0
Kleberg,0011 Pct 35,"Judge, County Court at Law",,REP,J Dean Craig,307,4,153,150,0
Kleberg,0011 Pct 35,"Judge, County Court at Law",,DEM,Jaime E Carrillo,206,11,109,86,0
Kleberg,0011 Pct 35,County Clerk,,REP,"Salvador ""Sonny"" Barrera, III",341,3,172,166,0
Kleberg,0011 Pct 35,County Clerk,,DEM,Andre Ortiz,166,11,86,69,0
Kleberg,0011 Pct 35,"Justice of the Peace, Pct 3",,REP,Chris Lee,318,5,166,147,0
Kleberg,0011 Pct 35,"Justice of the Peace, Pct 3",,DEM,"Cicildo ""Cid"" Zavala",192,10,93,89,0
Kleberg,0011 Pct 35,Kleberg County Special Election,,,FOR,214,5,94,115,0
Kleberg,0011 Pct 35,Kleberg County Special Election,,,AGAINST,272,9,146,117,0
Kleberg,0012 Pct 41,REGISTERED VOTERS,,,,1227,,,,
Kleberg,0012 Pct 41,BALLOTS CAST,,,,452,19,266,166,1
Kleberg,0012 Pct 41,U.S. House,34,REP,Mayra Flores,186,4,113,69,0
Kleberg,0012 Pct 41,U.S. House,34,DEM,Vicente Gonzalez,247,14,139,93,1
Kleberg,0012 Pct 41,U.S. House,34,IND,Chris Royal,8,0,6,2,0
Kleberg,0012 Pct 41,Governor,,REP,Greg Abbott,186,5,116,65,0
Kleberg,0012 Pct 41,Governor,,DEM,Beto O-Rourke,258,13,146,98,1
Kleberg,0012 Pct 41,Governor,,LIB,Mark Tippetts,2,0,2,0,0
Kleberg,0012 Pct 41,Governor,,GRN,Delilah Barrios,2,0,0,2,0
Kleberg,0012 Pct 41,Governor,,,WRITE-IN,1,0,1,0,0
Kleberg,0012 Pct 41,Lieutenant Governor,,REP,Dan Patrick,178,4,112,62,0
Kleberg,0012 Pct 41,Lieutenant Governor,,DEM,Mike Collier,255,14,143,97,1
Kleberg,0012 Pct 41,Lieutenant Governor,,LIB,Shanna Steele,14,1,7,6,0
Kleberg,0012 Pct 41,Attorney General,,REP,Ken Paxton,170,1,109,60,0
Kleberg,0012 Pct 41,Attorney General,,DEM,Rochelle Mercedes Garza,269,18,148,102,1
Kleberg,0012 Pct 41,Attorney General,,LIB,Mark Ash,6,0,3,3,0
Kleberg,0012 Pct 41,Comptroller of Public Accounts,,REP,Glenn Hegar,168,3,104,61,0
Kleberg,0012 Pct 41,Comptroller of Public Accounts,,DEM,Janet T Dudding,247,14,132,100,1
Kleberg,0012 Pct 41,Comptroller of Public Accounts,,LIB,V Alonzo Echevarria-Garza,23,1,19,3,0
Kleberg,0012 Pct 41,Comm General Land Office,,REP,Dawn Buckingham,141,1,87,53,0
Kleberg,0012 Pct 41,Comm General Land Office,,DEM,Jay Kleberg,300,18,172,109,1
Kleberg,0012 Pct 41,Comm General Land Office,,GRN,"Alfredo Molison, Jr",3,0,2,1,0
Kleberg,0012 Pct 41,Comm General Land Office,,,WRITE-IN,0,0,0,0,0
Kleberg,0012 Pct 41,Commissioner of Agriculture,,REP,Sid Miller,174,3,109,62,0
Kleberg,0012 Pct 41,Commissioner of Agriculture,,DEM,Susan Hays,268,15,149,103,1
Kleberg,0012 Pct 41,Railroad Commissioner,,REP,Wayne Christian,167,4,104,59,0
Kleberg,0012 Pct 41,Railroad Commissioner,,DEM,Luke Warford,235,13,126,95,1
Kleberg,0012 Pct 41,Railroad Commissioner,,LIB,Jaime Andres Diez,27,0,19,8,0
Kleberg,0012 Pct 41,Railroad Commissioner,,GRN,Hunter Wayne Crow,8,0,5,3,0
Kleberg,0012 Pct 41,"Justice, Supreme Court, Place 3",,REP,Debra Lehrmann,178,5,107,66,0
Kleberg,0012 Pct 41,"Justice, Supreme Court, Place 3",,DEM,Erin A Nowell,250,12,141,96,1
Kleberg,0012 Pct 41,"Justice, Supreme Court, Place 3",,LIB,Thomas Edward Oxford,9,0,6,3,0
Kleberg,0012 Pct 41,"Justice, Supreme Court, Place 5",,REP,Rebeca Huddle,177,4,110,63,0
Kleberg,0012 Pct 41,"Justice, Supreme Court, Place 5",,DEM,Amanda Reichek,262,13,147,101,1
Kleberg,0012 Pct 41,"Justice, Supreme Court, Place 9",,REP,Evan Young,167,2,105,60,0
Kleberg,0012 Pct 41,"Justice, Supreme Court, Place 9",,DEM,Julia Maldonado,271,15,150,105,1
Kleberg,0012 Pct 41,"Judge, Court of Criminal Appeals, Place 5",,REP,Scott Walker,171,4,105,62,0
Kleberg,0012 Pct 41,"Judge, Court of Criminal Appeals, Place 5",,DEM,Dana Huffman,261,12,145,103,1
Kleberg,0012 Pct 41,"Judge, Court of Criminal Appeals, Place 6",,REP,"Jesse F McClure, III",176,4,107,65,0
Kleberg,0012 Pct 41,"Judge, Court of Criminal Appeals, Place 6",,DEM,Robert Johnson,258,12,146,99,1
Kleberg,0012 Pct 41,"Member, State Board of Education",2,REP,LJ Francis,156,1,98,57,0
Kleberg,0012 Pct 41,"Member, State Board of Education",2,DEM,Victor Perez,280,16,155,108,1
Kleberg,0012 Pct 41,State Senate,27,REP,Adam Hinojosa,193,5,119,69,0
Kleberg,0012 Pct 41,State Senate,27,DEM,Moragan LaMantia,245,14,134,96,1
Kleberg,0012 Pct 41,"Justice, 13th Court of Appeals District, Place 3",,REP,Aaron Pena,164,4,101,59,0
Kleberg,0012 Pct 41,"Justice, 13th Court of Appeals District, Place 3",,DEM,Leticia Hinojosa,270,14,149,106,1
Kleberg,0012 Pct 41,County Judge,,REP,Rudy Madrid,255,10,155,90,0
Kleberg,0012 Pct 41,County Judge,,DEM,Al Garcia,183,8,100,74,1
Kleberg,0012 Pct 41,"Judge, County Court at Law",,REP,J Dean Craig,152,3,87,62,0
Kleberg,0012 Pct 41,"Judge, County Court at Law",,DEM,Jaime E Carrillo,287,16,169,101,1
Kleberg,0012 Pct 41,County Clerk,,REP,"Salvador ""Sonny"" Barrera, III",203,9,117,77,0
Kleberg,0012 Pct 41,County Clerk,,DEM,Andre Ortiz,236,9,139,87,1
Kleberg,0012 Pct 41,"Justice of the Peace, Pct 4",,REP,Marty A Ontiveros,155,1,96,58,0
Kleberg,0012 Pct 41,"Justice of the Peace, Pct 4",,DEM,"Ofelia ""Ofie"" Gutierrez",281,18,156,106,1
Kleberg,0012 Pct 41,Kleberg County Special Election,,,FOR,22,1,14,7,0
Kleberg,0012 Pct 41,Kleberg County Special Election,,,AGAINST,41,0,26,15,0
Kleberg,0013 Pct 42,REGISTERED VOTERS,,,,1167,,,,
Kleberg,0013 Pct 42,BALLOTS CAST,,,,400,29,239,132,0
Kleberg,0013 Pct 42,U.S. House,34,REP,Mayra Flores,121,7,64,50,0
Kleberg,0013 Pct 42,U.S. House,34,DEM,Vicente Gonzalez,237,19,142,76,0
Kleberg,0013 Pct 42,U.S. House,34,IND,Chris Royal,13,1,8,4,0
Kleberg,0013 Pct 42,Governor,,REP,Greg Abbott,125,8,68,49,0
Kleberg,0013 Pct 42,Governor,,DEM,Beto O-Rourke,264,20,164,80,0
Kleberg,0013 Pct 42,Governor,,LIB,Mark Tippetts,3,0,2,1,0
Kleberg,0013 Pct 42,Governor,,GRN,Delilah Barrios,5,0,3,2,0
Kleberg,0013 Pct 42,Governor,,,WRITE-IN,0,0,0,0,0
Kleberg,0013 Pct 42,Lieutenant Governor,,REP,Dan Patrick,119,4,69,46,0
Kleberg,0013 Pct 42,Lieutenant Governor,,DEM,Mike Collier,255,25,151,79,0
Kleberg,0013 Pct 42,Lieutenant Governor,,LIB,Shanna Steele,13,0,7,6,0
Kleberg,0013 Pct 42,Attorney General,,REP,Ken Paxton,112,6,61,45,0
Kleberg,0013 Pct 42,Attorney General,,DEM,Rochelle Mercedes Garza,263,21,163,79,0
Kleberg,0013 Pct 42,Attorney General,,LIB,Mark Ash,9,1,2,6,0
Kleberg,0013 Pct 42,Comptroller of Public Accounts,,REP,Glenn Hegar,113,6,62,45,0
Kleberg,0013 Pct 42,Comptroller of Public Accounts,,DEM,Janet T Dudding,239,21,142,76,0
Kleberg,0013 Pct 42,Comptroller of Public Accounts,,LIB,V Alonzo Echevarria-Garza,23,0,14,9,0
Kleberg,0013 Pct 42,Comm General Land Office,,REP,Dawn Buckingham,85,3,50,32,0
Kleberg,0013 Pct 42,Comm General Land Office,,DEM,Jay Kleberg,294,25,174,95,0
Kleberg,0013 Pct 42,Comm General Land Office,,GRN,"Alfredo Molison, Jr",4,0,1,3,0
Kleberg,0013 Pct 42,Comm General Land Office,,,WRITE-IN,0,0,0,0,0
Kleberg,0013 Pct 42,Commissioner of Agriculture,,REP,Sid Miller,106,5,55,46,0
Kleberg,0013 Pct 42,Commissioner of Agriculture,,DEM,Susan Hays,265,21,160,84,0
Kleberg,0013 Pct 42,Railroad Commissioner,,REP,Wayne Christian,107,4,56,47,0
Kleberg,0013 Pct 42,Railroad Commissioner,,DEM,Luke Warford,233,19,142,72,0
Kleberg,0013 Pct 42,Railroad Commissioner,,LIB,Jaime Andres Diez,28,3,16,9,0
Kleberg,0013 Pct 42,Railroad Commissioner,,GRN,Hunter Wayne Crow,4,1,1,2,0
Kleberg,0013 Pct 42,"Justice, Supreme Court, Place 3",,REP,Debra Lehrmann,112,5,65,42,0
Kleberg,0013 Pct 42,"Justice, Supreme Court, Place 3",,DEM,Erin A Nowell,254,22,146,86,0
Kleberg,0013 Pct 42,"Justice, Supreme Court, Place 3",,LIB,Thomas Edward Oxford,10,1,6,3,0
Kleberg,0013 Pct 42,"Justice, Supreme Court, Place 5",,REP,Rebeca Huddle,114,4,63,47,0
Kleberg,0013 Pct 42,"Justice, Supreme Court, Place 5",,DEM,Amanda Reichek,263,23,157,83,0
Kleberg,0013 Pct 42,"Justice, Supreme Court, Place 9",,REP,Evan Young,100,3,49,48,0
Kleberg,0013 Pct 42,"Justice, Supreme Court, Place 9",,DEM,Julia Maldonado,273,23,168,82,0
Kleberg,0013 Pct 42,"Judge, Court of Criminal Appeals, Place 5",,REP,Scott Walker,109,4,59,46,0
Kleberg,0013 Pct 42,"Judge, Court of Criminal Appeals, Place 5",,DEM,Dana Huffman,266,23,159,84,0
Kleberg,0013 Pct 42,"Judge, Court of Criminal Appeals, Place 6",,REP,"Jesse F McClure, III",114,5,58,51,0
Kleberg,0013 Pct 42,"Judge, Court of Criminal Appeals, Place 6",,DEM,Robert Johnson,256,22,155,79,0
Kleberg,0013 Pct 42,"Member, State Board of Education",2,REP,LJ Francis,101,6,51,44,0
Kleberg,0013 Pct 42,"Member, State Board of Education",2,DEM,Victor Perez,265,19,160,86,0
Kleberg,0013 Pct 42,State Senate,27,REP,Adam Hinojosa,138,8,76,54,0
Kleberg,0013 Pct 42,State Senate,27,DEM,Moragan LaMantia,233,17,141,75,0
Kleberg,0013 Pct 42,"Justice, 13th Court of Appeals District, Place 3",,REP,Aaron Pena,102,5,48,49,0
Kleberg,0013 Pct 42,"Justice, 13th Court of Appeals District, Place 3",,DEM,Leticia Hinojosa,260,20,159,81,0
Kleberg,0013 Pct 42,County Judge,,REP,Rudy Madrid,244,21,141,82,0
Kleberg,0013 Pct 42,County Judge,,DEM,Al Garcia,141,7,84,50,0
Kleberg,0013 Pct 42,"Judge, County Court at Law",,REP,J Dean Craig,124,5,73,46,0
Kleberg,0013 Pct 42,"Judge, County Court at Law",,DEM,Jaime E Carrillo,252,23,143,86,0
Kleberg,0013 Pct 42,County Clerk,,REP,"Salvador ""Sonny"" Barrera, III",164,9,94,61,0
Kleberg,0013 Pct 42,County Clerk,,DEM,Andre Ortiz,212,19,122,71,0
Kleberg,0013 Pct 42,"Justice of the Peace, Pct 4",,REP,Marty A Ontiveros,109,4,53,52,0
Kleberg,0013 Pct 42,"Justice of the Peace, Pct 4",,DEM,"Ofelia ""Ofie"" Gutierrez",270,24,166,80,0
Kleberg,0013 Pct 42,Kleberg County Special Election,,,FOR,3,0,1,2,0
Kleberg,0013 Pct 42,Kleberg County Special Election,,,AGAINST,6,0,4,2,0
Kleberg,0014 Pct 43,REGISTERED VOTERS,,,,1517,,,,
Kleberg,0014 Pct 43,BALLOTS CAST,,,,528,44,288,195,1
Kleberg,0014 Pct 43,U.S. House,34,REP,Mayra Flores,170,3,85,81,1
Kleberg,0014 Pct 43,U.S. House,34,DEM,Vicente Gonzalez,315,39,169,107,0
Kleberg,0014 Pct 43,U.S. House,34,IND,Chris Royal,14,0,8,6,0
Kleberg,0014 Pct 43,Governor,,REP,Greg Abbott,172,6,93,73,0
Kleberg,0014 Pct 43,Governor,,DEM,Beto O-Rourke,343,38,186,119,0
Kleberg,0014 Pct 43,Governor,,LIB,Mark Tippetts,2,0,1,1,0
Kleberg,0014 Pct 43,Governor,,GRN,Delilah Barrios,4,0,1,2,1
Kleberg,0014 Pct 43,Governor,,,WRITE-IN,0,0,0,0,0
Kleberg,0014 Pct 43,Lieutenant Governor,,REP,Dan Patrick,173,4,96,73,0
Kleberg,0014 Pct 43,Lieutenant Governor,,DEM,Mike Collier,322,39,169,113,1
Kleberg,0014 Pct 43,Lieutenant Governor,,LIB,Shanna Steele,10,0,3,7,0
Kleberg,0014 Pct 43,Attorney General,,REP,Ken Paxton,166,4,88,74,0
Kleberg,0014 Pct 43,Attorney General,,DEM,Rochelle Mercedes Garza,336,40,178,117,1
Kleberg,0014 Pct 43,Attorney General,,LIB,Mark Ash,3,0,1,2,0
Kleberg,0014 Pct 43,Comptroller of Public Accounts,,REP,Glenn Hegar,155,4,82,69,0
Kleberg,0014 Pct 43,Comptroller of Public Accounts,,DEM,Janet T Dudding,316,38,171,106,1
Kleberg,0014 Pct 43,Comptroller of Public Accounts,,LIB,V Alonzo Echevarria-Garza,28,2,10,16,0
Kleberg,0014 Pct 43,Comm General Land Office,,REP,Dawn Buckingham,130,3,71,56,0
Kleberg,0014 Pct 43,Comm General Land Office,,DEM,Jay Kleberg,370,40,198,131,1
Kleberg,0014 Pct 43,Comm General Land Office,,GRN,"Alfredo Molison, Jr",7,0,3,4,0
Kleberg,0014 Pct 43,Comm General Land Office,,,WRITE-IN,1,0,0,1,0
Kleberg,0014 Pct 43,Commissioner of Agriculture,,REP,Sid Miller,155,4,83,68,0
Kleberg,0014 Pct 43,Commissioner of Agriculture,,DEM,Susan Hays,348,40,184,123,1
Kleberg,0014 Pct 43,Railroad Commissioner,,REP,Wayne Christian,154,4,83,67,0
Kleberg,0014 Pct 43,Railroad Commissioner,,DEM,Luke Warford,305,36,164,104,1
Kleberg,0014 Pct 43,Railroad Commissioner,,LIB,Jaime Andres Diez,35,3,15,17,0
Kleberg,0014 Pct 43,Railroad Commissioner,,GRN,Hunter Wayne Crow,8,0,4,4,0
Kleberg,0014 Pct 43,"Justice, Supreme Court, Place 3",,REP,Debra Lehrmann,160,3,84,73,0
Kleberg,0014 Pct 43,"Justice, Supreme Court, Place 3",,DEM,Erin A Nowell,328,40,177,110,1
Kleberg,0014 Pct 43,"Justice, Supreme Court, Place 3",,LIB,Thomas Edward Oxford,10,0,3,7,0
Kleberg,0014 Pct 43,"Justice, Supreme Court, Place 5",,REP,Rebeca Huddle,167,3,89,75,0
Kleberg,0014 Pct 43,"Justice, Supreme Court, Place 5",,DEM,Amanda Reichek,337,40,179,117,1
Kleberg,0014 Pct 43,"Justice, Supreme Court, Place 9",,REP,Evan Young,141,4,73,64,0
Kleberg,0014 Pct 43,"Justice, Supreme Court, Place 9",,DEM,Julia Maldonado,357,36,194,127,0
Kleberg,0014 Pct 43,"Judge, Court of Criminal Appeals, Place 5",,REP,Scott Walker,153,3,82,68,0
Kleberg,0014 Pct 43,"Judge, Court of Criminal Appeals, Place 5",,DEM,Dana Huffman,342,38,182,122,0
Kleberg,0014 Pct 43,"Judge, Court of Criminal Appeals, Place 6",,REP,"Jesse F McClure, III",160,4,87,69,0
Kleberg,0014 Pct 43,"Judge, Court of Criminal Appeals, Place 6",,DEM,Robert Johnson,337,37,179,121,0
Kleberg,0014 Pct 43,"Member, State Board of Education",2,REP,LJ Francis,141,4,75,62,0
Kleberg,0014 Pct 43,"Member, State Board of Education",2,DEM,Victor Perez,356,38,188,130,0
Kleberg,0014 Pct 43,State Senate,27,REP,Adam Hinojosa,176,6,92,78,0
Kleberg,0014 Pct 43,State Senate,27,DEM,Moragan LaMantia,325,35,176,114,0
Kleberg,0014 Pct 43,"Justice, 13th Court of Appeals District, Place 3",,REP,Aaron Pena,151,4,81,66,0
Kleberg,0014 Pct 43,"Justice, 13th Court of Appeals District, Place 3",,DEM,Leticia Hinojosa,349,38,185,126,0
Kleberg,0014 Pct 43,County Judge,,REP,Rudy Madrid,289,16,158,115,0
Kleberg,0014 Pct 43,County Judge,,DEM,Al Garcia,225,24,122,79,0
Kleberg,0014 Pct 43,"Judge, County Court at Law",,REP,J Dean Craig,164,7,94,63,0
Kleberg,0014 Pct 43,"Judge, County Court at Law",,DEM,Jaime E Carrillo,345,35,180,130,0
Kleberg,0014 Pct 43,County Clerk,,REP,"Salvador ""Sonny"" Barrera, III",217,11,118,88,0
Kleberg,0014 Pct 43,County Clerk,,DEM,Andre Ortiz,294,29,159,106,0
Kleberg,0014 Pct 43,"Justice of the Peace, Pct 4",,REP,Marty A Ontiveros,154,7,82,65,0
Kleberg,0014 Pct 43,"Justice of the Peace, Pct 4",,DEM,"Ofelia ""Ofie"" Gutierrez",354,34,191,129,0
Kleberg,0015 Pct 44,REGISTERED VOTERS,,,,590,,,,
Kleberg,0015 Pct 44,BALLOTS CAST,,,,237,13,142,82,0
Kleberg,0015 Pct 44,U.S. House,34,REP,Mayra Flores,94,3,56,35,0
Kleberg,0015 Pct 44,U.S. House,34,DEM,Vicente Gonzalez,138,10,82,46,0
Kleberg,0015 Pct 44,U.S. House,34,IND,Chris Royal,1,0,0,1,0
Kleberg,0015 Pct 44,Governor,,REP,Greg Abbott,92,2,57,33,0
Kleberg,0015 Pct 44,Governor,,DEM,Beto O-Rourke,140,11,83,46,0
Kleberg,0015 Pct 44,Governor,,LIB,Mark Tippetts,2,0,0,2,0
Kleberg,0015 Pct 44,Governor,,GRN,Delilah Barrios,0,0,0,0,0
Kleberg,0015 Pct 44,Governor,,,WRITE-IN,1,0,0,1,0
Kleberg,0015 Pct 44,Lieutenant Governor,,REP,Dan Patrick,87,2,51,34,0
Kleberg,0015 Pct 44,Lieutenant Governor,,DEM,Mike Collier,139,10,84,45,0
Kleberg,0015 Pct 44,Lieutenant Governor,,LIB,Shanna Steele,6,1,2,3,0
Kleberg,0015 Pct 44,Attorney General,,REP,Ken Paxton,84,2,52,30,0
Kleberg,0015 Pct 44,Attorney General,,DEM,Rochelle Mercedes Garza,145,11,85,49,0
Kleberg,0015 Pct 44,Attorney General,,LIB,Mark Ash,4,0,1,3,0
Kleberg,0015 Pct 44,Comptroller of Public Accounts,,REP,Glenn Hegar,86,2,52,32,0
Kleberg,0015 Pct 44,Comptroller of Public Accounts,,DEM,Janet T Dudding,134,11,77,46,0
Kleberg,0015 Pct 44,Comptroller of Public Accounts,,LIB,V Alonzo Echevarria-Garza,11,0,7,4,0
Kleberg,0015 Pct 44,Comm General Land Office,,REP,Dawn Buckingham,73,2,43,28,0
Kleberg,0015 Pct 44,Comm General Land Office,,DEM,Jay Kleberg,157,11,95,51,0
Kleberg,0015 Pct 44,Comm General Land Office,,GRN,"Alfredo Molison, Jr",5,0,2,3,0
Kleberg,0015 Pct 44,Comm General Land Office,,,WRITE-IN,0,0,0,0,0
Kleberg,0015 Pct 44,Commissioner of Agriculture,,REP,Sid Miller,87,2,50,35,0
Kleberg,0015 Pct 44,Commissioner of Agriculture,,DEM,Susan Hays,145,11,87,47,0
Kleberg,0015 Pct 44,Railroad Commissioner,,REP,Wayne Christian,84,2,50,32,0
Kleberg,0015 Pct 44,Railroad Commissioner,,DEM,Luke Warford,132,10,80,42,0
Kleberg,0015 Pct 44,Railroad Commissioner,,LIB,Jaime Andres Diez,13,1,6,6,0
Kleberg,0015 Pct 44,Railroad Commissioner,,GRN,Hunter Wayne Crow,2,0,0,2,0
Kleberg,0015 Pct 44,"Justice, Supreme Court, Place 3",,REP,Debra Lehrmann,85,3,52,30,0
Kleberg,0015 Pct 44,"Justice, Supreme Court, Place 3",,DEM,Erin A Nowell,143,10,84,49,0
Kleberg,0015 Pct 44,"Justice, Supreme Court, Place 3",,LIB,Thomas Edward Oxford,5,0,2,3,0
Kleberg,0015 Pct 44,"Justice, Supreme Court, Place 5",,REP,Rebeca Huddle,85,2,51,32,0
Kleberg,0015 Pct 44,"Justice, Supreme Court, Place 5",,DEM,Amanda Reichek,146,11,85,50,0
Kleberg,0015 Pct 44,"Justice, Supreme Court, Place 9",,REP,Evan Young,83,2,50,31,0
Kleberg,0015 Pct 44,"Justice, Supreme Court, Place 9",,DEM,Julia Maldonado,150,11,88,51,0
Kleberg,0015 Pct 44,"Judge, Court of Criminal Appeals, Place 5",,REP,Scott Walker,85,2,50,33,0
Kleberg,0015 Pct 44,"Judge, Court of Criminal Appeals, Place 5",,DEM,Dana Huffman,146,11,86,49,0
Kleberg,0015 Pct 44,"Judge, Court of Criminal Appeals, Place 6",,REP,"Jesse F McClure, III",87,2,52,33,0
Kleberg,0015 Pct 44,"Judge, Court of Criminal Appeals, Place 6",,DEM,Robert Johnson,144,11,84,49,0
Kleberg,0015 Pct 44,"Member, State Board of Education",2,REP,LJ Francis,84,2,51,31,0
Kleberg,0015 Pct 44,"Member, State Board of Education",2,DEM,Victor Perez,149,11,87,51,0
Kleberg,0015 Pct 44,State Senate,27,REP,Adam Hinojosa,89,3,51,35,0
Kleberg,0015 Pct 44,State Senate,27,DEM,Moragan LaMantia,142,10,85,47,0
Kleberg,0015 Pct 44,"Justice, 13th Court of Appeals District, Place 3",,REP,Aaron Pena,86,2,51,33,0
Kleberg,0015 Pct 44,"Justice, 13th Court of Appeals District, Place 3",,DEM,Leticia Hinojosa,145,11,85,49,0
Kleberg,0015 Pct 44,County Judge,,REP,Rudy Madrid,128,6,77,45,0
Kleberg,0015 Pct 44,County Judge,,DEM,Al Garcia,106,6,63,37,0
Kleberg,0015 Pct 44,"Judge, County Court at Law",,REP,J Dean Craig,89,4,47,38,0
Kleberg,0015 Pct 44,"Judge, County Court at Law",,DEM,Jaime E Carrillo,144,9,91,44,0
Kleberg,0015 Pct 44,County Clerk,,REP,"Salvador ""Sonny"" Barrera, III",100,2,61,37,0
Kleberg,0015 Pct 44,County Clerk,,DEM,Andre Ortiz,132,11,76,45,0
Kleberg,0015 Pct 44,"Justice of the Peace, Pct 4",,REP,Marty A Ontiveros,84,4,47,33,0
Kleberg,0015 Pct 44,"Justice of the Peace, Pct 4",,DEM,"Ofelia ""Ofie"" Gutierrez",151,9,93,49,0
