county,precinct,office,district,party,candidate,votes,absentee,early_voting,election_day
San Jacinto,1,U.S. House,8,REP,Morgan Luttrell,1317,37,918,362
San Jacinto,1,U.S. House,8,DEM,Laura Jones,275,21,181,73
San Jacinto,1,U.S. House,8,LIB,Roy Eriksen,23,1,12,10
San Jacinto,1,Governor,,REP,Greg Abbott,1330,40,922,368
San Jacinto,1,Governor,,DEM,Beto O'Rourke,274,25,178,71
San Jacinto,1,Governor,,LIB,Mark Tippetts,20,1,11,8
San Jacinto,1,Governor,,GRN,Delilah Barrios,4,0,2,2
San Jacinto,1,Governor,,,Jacqueline Abernathy,0,0,0,0
San Jacinto,1,Governor,,,Mark V Goloby,0,0,0,0
San Jacinto,1,Governor,,,Rejected write-ins,0,0,0,0
San Jacinto,1,Governor,,,Unassigned write-ins,0,0,0,0
San Jacinto,1,Lieutenant Governor,,REP,Dan Patrick,1298,40,900,358
San Jacinto,1,Lieutenant Governor,,DEM,Mike Collier,289,23,192,74
San Jacinto,1,Lieutenant Governor,,LIB,Shanna Steele,38,3,19,16
San Jacinto,1,Attorney General,,REP,Ken Paxton,1305,40,905,360
San Jacinto,1,Attorney General,,DEM,Rochelle Mercedes Garza,278,26,177,75
San Jacinto,1,Attorney General,,LIB,Mark Ash,41,1,28,12
San Jacinto,1,Comptroller of Public Accounts,,REP,Glenn Hegar,1326,40,925,361
San Jacinto,1,Comptroller of Public Accounts,,DEM,Janet T. Dudding,267,23,171,73
San Jacinto,1,Comptroller of Public Accounts,,LIB,V. Alonzo Echevarria-Garza,23,3,12,8
San Jacinto,1,Commissioner of the General Land Office,,REP,Dawn Buckingham,1321,43,915,363
San Jacinto,1,Commissioner of the General Land Office,,DEM,Jay Kleberg,268,21,176,71
San Jacinto,1,Commissioner of the General Land Office,,GRN,"Alfred Molison, Jr.",17,1,9,7
San Jacinto,1,Commissioner of the General Land Office,,,Carrie Evelyn Menger,1,0,0,1
San Jacinto,1,Commissioner of the General Land Office,,,Rejected write-ins,0,0,0,0
San Jacinto,1,Commissioner of the General Land Office,,,Unassigned write-ins,0,0,0,0
San Jacinto,1,Commissioner of Agriculture,,REP,Sid Miller,1322,42,916,364
San Jacinto,1,Commissioner of Agriculture,,DEM,Susan Hays,290,24,188,78
San Jacinto,1,Railroad Commissioner,,REP,Wayne Christian,1305,40,907,358
San Jacinto,1,Railroad Commissioner,,DEM,Luke Warford,268,22,176,70
San Jacinto,1,Railroad Commissioner,,LIB,Jaime Andres Diez,27,3,15,9
San Jacinto,1,Railroad Commissioner,,GRN,Hunter Wayne Crow,6,0,4,2
San Jacinto,1,"Justice, Supreme Court, Place 3",,REP,Debra Lehrmann,1317,41,912,364
San Jacinto,1,"Justice, Supreme Court, Place 3",,DEM,Erin A. Nowell,268,21,178,69
San Jacinto,1,"Justice, Supreme Court, Place 3",,LIB,Thomas Edward Oxford,24,2,15,7
San Jacinto,1,"Justice, Supreme Court, Place 5",,REP,Rebeca Huddle,1329,42,921,366
San Jacinto,1,"Justice, Supreme Court, Place 5",,DEM,Amanda Reichek,277,22,182,73
San Jacinto,1,"Justice, Supreme Court, Place 9",,REP,Evan Young,1327,40,923,364
San Jacinto,1,"Justice, Supreme Court, Place 9",,DEM,Julia Maldonado,280,24,180,76
San Jacinto,1,"Judge, Court of Criminal Appeals, Place 5",,REP,Scott Walker,1332,40,925,367
San Jacinto,1,"Judge, Court of Criminal Appeals, Place 5",,DEM,Dana Huffman,277,24,179,74
San Jacinto,1,"Judge, Court of Criminal Appeals, Place 6",,REP,Jesse F. McClure III,1343,43,932,368
San Jacinto,1,"Judge, Court of Criminal Appeals, Place 6",,DEM,Robert Johnson,266,21,174,71
San Jacinto,1,"Member, State Board of Education, District 8",,REP,Audrey Young,1362,41,944,377
San Jacinto,1,"Member, State Board of Education, District 8",,LIB,Rhett Rosenquest Smith,195,14,128,53
San Jacinto,1,State Senate,5,REP,Charles Schwertner,1337,34,934,369
San Jacinto,1,State Senate,5,LIB,Tommy Estes,214,15,138,61
San Jacinto,1,"Justice, 9th Court of Appeals District, Place 2",,REP,Jay Wright,1325,36,924,365
San Jacinto,1,"Justice, 9th Court of Appeals District, Place 2",,DEM,Bob Mabry,273,22,178,73
San Jacinto,1,County Judge,,REP,Fritz Faulkner,1417,40,971,406
San Jacinto,1,County Judge,,,Shirley Brandon,33,5,25,3
San Jacinto,1,County Judge,,,Rejected write-ins,15,0,11,4
San Jacinto,1,County Judge,,,Unassigned write-ins,0,0,0,0
San Jacinto,2,U.S. House,8,REP,Morgan Luttrell,896,16,415,465
San Jacinto,2,U.S. House,8,DEM,Laura Jones,165,17,62,86
San Jacinto,2,U.S. House,8,LIB,Roy Eriksen,10,0,2,8
San Jacinto,2,Governor,,REP,Greg Abbott,895,18,410,467
San Jacinto,2,Governor,,DEM,Beto O'Rourke,169,18,61,90
San Jacinto,2,Governor,,LIB,Mark Tippetts,9,1,5,3
San Jacinto,2,Governor,,GRN,Delilah Barrios,6,1,2,3
San Jacinto,2,Governor,,,Jacqueline Abernathy,0,0,0,0
San Jacinto,2,Governor,,,Mark V Goloby,1,0,0,1
San Jacinto,2,Governor,,,Rejected write-ins,1,0,1,0
San Jacinto,2,Governor,,,Unassigned write-ins,0,0,0,0
San Jacinto,2,Lieutenant Governor,,REP,Dan Patrick,889,17,405,467
San Jacinto,2,Lieutenant Governor,,DEM,Mike Collier,169,20,68,81
San Jacinto,2,Lieutenant Governor,,LIB,Shanna Steele,20,1,5,14
San Jacinto,2,Attorney General,,REP,Ken Paxton,902,18,412,472
San Jacinto,2,Attorney General,,DEM,Rochelle Mercedes Garza,160,20,60,80
San Jacinto,2,Attorney General,,LIB,Mark Ash,14,0,6,8
San Jacinto,2,Comptroller of Public Accounts,,REP,Glenn Hegar,904,18,415,471
San Jacinto,2,Comptroller of Public Accounts,,DEM,Janet T. Dudding,149,18,56,75
San Jacinto,2,Comptroller of Public Accounts,,LIB,V. Alonzo Echevarria-Garza,20,1,7,12
San Jacinto,2,Commissioner of the General Land Office,,REP,Dawn Buckingham,901,18,415,468
San Jacinto,2,Commissioner of the General Land Office,,DEM,Jay Kleberg,155,18,59,78
San Jacinto,2,Commissioner of the General Land Office,,GRN,"Alfred Molison, Jr.",9,1,0,8
San Jacinto,2,Commissioner of the General Land Office,,,Carrie Evelyn Menger,1,0,1,0
San Jacinto,2,Commissioner of the General Land Office,,,Rejected write-ins,3,0,3,0
San Jacinto,2,Commissioner of the General Land Office,,,Unassigned write-ins,0,0,0,0
San Jacinto,2,Commissioner of Agriculture,,REP,Sid Miller,903,17,412,474
San Jacinto,2,Commissioner of Agriculture,,DEM,Susan Hays,171,20,66,85
San Jacinto,2,Railroad Commissioner,,REP,Wayne Christian,897,18,412,467
San Jacinto,2,Railroad Commissioner,,DEM,Luke Warford,151,19,57,75
San Jacinto,2,Railroad Commissioner,,LIB,Jaime Andres Diez,15,0,5,10
San Jacinto,2,Railroad Commissioner,,GRN,Hunter Wayne Crow,8,0,2,6
San Jacinto,2,"Justice, Supreme Court, Place 3",,REP,Debra Lehrmann,897,18,410,469
San Jacinto,2,"Justice, Supreme Court, Place 3",,DEM,Erin A. Nowell,162,19,61,82
San Jacinto,2,"Justice, Supreme Court, Place 3",,LIB,Thomas Edward Oxford,14,0,5,9
San Jacinto,2,"Justice, Supreme Court, Place 5",,REP,Rebeca Huddle,904,18,413,473
San Jacinto,2,"Justice, Supreme Court, Place 5",,DEM,Amanda Reichek,167,19,63,85
San Jacinto,2,"Justice, Supreme Court, Place 9",,REP,Evan Young,903,18,410,475
San Jacinto,2,"Justice, Supreme Court, Place 9",,DEM,Julia Maldonado,167,19,66,82
San Jacinto,2,"Judge, Court of Criminal Appeals, Place 5",,REP,Scott Walker,909,18,413,478
San Jacinto,2,"Judge, Court of Criminal Appeals, Place 5",,DEM,Dana Huffman,166,18,66,82
San Jacinto,2,"Judge, Court of Criminal Appeals, Place 6",,REP,Jesse F. McClure III,909,18,414,477
San Jacinto,2,"Judge, Court of Criminal Appeals, Place 6",,DEM,Robert Johnson,166,19,64,83
San Jacinto,2,"Member, State Board of Education, District 8",,REP,Audrey Young,924,20,414,490
San Jacinto,2,"Member, State Board of Education, District 8",,LIB,Rhett Rosenquest Smith,124,12,54,58
San Jacinto,2,State Senate,5,REP,Charles Schwertner,914,16,414,484
San Jacinto,2,State Senate,5,LIB,Tommy Estes,130,12,57,61
San Jacinto,2,"Justice, 9th Court of Appeals District, Place 2",,REP,Jay Wright,908,16,415,477
San Jacinto,2,"Justice, 9th Court of Appeals District, Place 2",,DEM,Bob Mabry,158,18,59,81
San Jacinto,2,County Judge,,REP,Fritz Faulkner,961,19,428,514
San Jacinto,2,County Judge,,,Shirley Brandon,16,6,2,8
San Jacinto,2,County Judge,,,Rejected write-ins,11,0,6,5
San Jacinto,2,County Judge,,,Unassigned write-ins,0,0,0,0
San Jacinto,2 - S CITY,U.S. House,8,REP,Morgan Luttrell,398,8,192,198
San Jacinto,2 - S CITY,U.S. House,8,DEM,Laura Jones,113,11,43,59
San Jacinto,2 - S CITY,U.S. House,8,LIB,Roy Eriksen,6,1,2,3
San Jacinto,2 - S CITY,Governor,,REP,Greg Abbott,405,10,196,199
San Jacinto,2 - S CITY,Governor,,DEM,Beto O'Rourke,110,12,41,57
San Jacinto,2 - S CITY,Governor,,LIB,Mark Tippetts,6,0,2,4
San Jacinto,2 - S CITY,Governor,,GRN,Delilah Barrios,3,0,1,2
San Jacinto,2 - S CITY,Governor,,,Jacqueline Abernathy,0,0,0,0
San Jacinto,2 - S CITY,Governor,,,Mark V Goloby,0,0,0,0
San Jacinto,2 - S CITY,Governor,,,Rejected write-ins,0,0,0,0
San Jacinto,2 - S CITY,Governor,,,Unassigned write-ins,0,0,0,0
San Jacinto,2 - S CITY,Lieutenant Governor,,REP,Dan Patrick,392,7,189,196
San Jacinto,2 - S CITY,Lieutenant Governor,,DEM,Mike Collier,118,11,47,60
San Jacinto,2 - S CITY,Lieutenant Governor,,LIB,Shanna Steele,11,2,3,6
San Jacinto,2 - S CITY,Attorney General,,REP,Ken Paxton,397,7,191,199
San Jacinto,2 - S CITY,Attorney General,,DEM,Rochelle Mercedes Garza,110,12,44,54
San Jacinto,2 - S CITY,Attorney General,,LIB,Mark Ash,11,1,3,7
San Jacinto,2 - S CITY,Comptroller of Public Accounts,,REP,Glenn Hegar,401,8,193,200
San Jacinto,2 - S CITY,Comptroller of Public Accounts,,DEM,Janet T. Dudding,109,12,42,55
San Jacinto,2 - S CITY,Comptroller of Public Accounts,,LIB,V. Alonzo Echevarria-Garza,7,0,3,4
San Jacinto,2 - S CITY,Commissioner of the General Land Office,,REP,Dawn Buckingham,406,8,193,205
San Jacinto,2 - S CITY,Commissioner of the General Land Office,,DEM,Jay Kleberg,108,12,44,52
San Jacinto,2 - S CITY,Commissioner of the General Land Office,,GRN,"Alfred Molison, Jr.",3,0,0,3
San Jacinto,2 - S CITY,Commissioner of the General Land Office,,,Carrie Evelyn Menger,0,0,0,0
San Jacinto,2 - S CITY,Commissioner of the General Land Office,,,Rejected write-ins,1,0,1,0
San Jacinto,2 - S CITY,Commissioner of the General Land Office,,,Unassigned write-ins,0,0,0,0
San Jacinto,2 - S CITY,Commissioner of Agriculture,,REP,Sid Miller,405,8,194,203
San Jacinto,2 - S CITY,Commissioner of Agriculture,,DEM,Susan Hays,113,12,44,57
San Jacinto,2 - S CITY,Railroad Commissioner,,REP,Wayne Christian,400,8,193,199
San Jacinto,2 - S CITY,Railroad Commissioner,,DEM,Luke Warford,106,12,39,55
San Jacinto,2 - S CITY,Railroad Commissioner,,LIB,Jaime Andres Diez,7,0,4,3
San Jacinto,2 - S CITY,Railroad Commissioner,,GRN,Hunter Wayne Crow,5,0,3,2
San Jacinto,2 - S CITY,"Justice, Supreme Court, Place 3",,REP,Debra Lehrmann,401,9,196,196
San Jacinto,2 - S CITY,"Justice, Supreme Court, Place 3",,DEM,Erin A. Nowell,108,11,41,56
San Jacinto,2 - S CITY,"Justice, Supreme Court, Place 3",,LIB,Thomas Edward Oxford,5,0,1,4
San Jacinto,2 - S CITY,"Justice, Supreme Court, Place 5",,REP,Rebeca Huddle,404,8,195,201
San Jacinto,2 - S CITY,"Justice, Supreme Court, Place 5",,DEM,Amanda Reichek,109,12,41,56
San Jacinto,2 - S CITY,"Justice, Supreme Court, Place 9",,REP,Evan Young,405,8,197,200
San Jacinto,2 - S CITY,"Justice, Supreme Court, Place 9",,DEM,Julia Maldonado,109,12,41,56
San Jacinto,2 - S CITY,"Judge, Court of Criminal Appeals, Place 5",,REP,Scott Walker,407,9,194,204
San Jacinto,2 - S CITY,"Judge, Court of Criminal Appeals, Place 5",,DEM,Dana Huffman,109,11,42,56
San Jacinto,2 - S CITY,"Judge, Court of Criminal Appeals, Place 6",,REP,Jesse F. McClure III,405,9,195,201
San Jacinto,2 - S CITY,"Judge, Court of Criminal Appeals, Place 6",,DEM,Robert Johnson,112,11,43,58
San Jacinto,2 - S CITY,"Member, State Board of Education, District 8",,REP,Audrey Young,418,10,197,211
San Jacinto,2 - S CITY,"Member, State Board of Education, District 8",,LIB,Rhett Rosenquest Smith,86,9,36,41
San Jacinto,2 - S CITY,State Senate,5,REP,Charles Schwertner,411,9,196,206
San Jacinto,2 - S CITY,State Senate,5,LIB,Tommy Estes,84,7,36,41
San Jacinto,2 - S CITY,"Justice, 9th Court of Appeals District, Place 2",,REP,Jay Wright,402,8,193,201
San Jacinto,2 - S CITY,"Justice, 9th Court of Appeals District, Place 2",,DEM,Bob Mabry,112,11,43,58
San Jacinto,2 - S CITY,County Judge,,REP,Fritz Faulkner,455,13,211,231
San Jacinto,2 - S CITY,County Judge,,,Shirley Brandon,2,1,1,0
San Jacinto,2 - S CITY,County Judge,,,Rejected write-ins,7,1,1,5
San Jacinto,2 - S CITY,County Judge,,,Unassigned write-ins,0,0,0,0
San Jacinto,2 - S CITY,Mayor,,,Charles D. Minton,272,8,140,124
San Jacinto,2 - S CITY,Mayor,,,"Charles ""Tony"" Riffe",198,10,78,110
San Jacinto,2 - S CITY,Alderman,,,Yvonne Ryba Cones,195,14,100,81
San Jacinto,2 - S CITY,Alderman,,,Hayden Irwin,167,5,74,88
San Jacinto,2 - S CITY,Alderman,,,Susan Daniels,196,4,95,97
San Jacinto,3,U.S. House,8,REP,Morgan Luttrell,432,12,246,174
San Jacinto,3,U.S. House,8,DEM,Laura Jones,77,9,42,26
San Jacinto,3,U.S. House,8,LIB,Roy Eriksen,7,0,5,2
San Jacinto,3,Governor,,REP,Greg Abbott,433,12,247,174
San Jacinto,3,Governor,,DEM,Beto O'Rourke,79,10,44,25
San Jacinto,3,Governor,,LIB,Mark Tippetts,6,0,3,3
San Jacinto,3,Governor,,GRN,Delilah Barrios,0,0,0,0
San Jacinto,3,Governor,,,Jacqueline Abernathy,0,0,0,0
San Jacinto,3,Governor,,,Mark V Goloby,0,0,0,0
San Jacinto,3,Governor,,,Rejected write-ins,0,0,0,0
San Jacinto,3,Governor,,,Unassigned write-ins,0,0,0,0
San Jacinto,3,Lieutenant Governor,,REP,Dan Patrick,423,12,240,171
San Jacinto,3,Lieutenant Governor,,DEM,Mike Collier,83,10,45,28
San Jacinto,3,Lieutenant Governor,,LIB,Shanna Steele,13,0,9,4
San Jacinto,3,Attorney General,,REP,Ken Paxton,427,12,245,170
San Jacinto,3,Attorney General,,DEM,Rochelle Mercedes Garza,76,9,40,27
San Jacinto,3,Attorney General,,LIB,Mark Ash,13,0,8,5
San Jacinto,3,Comptroller of Public Accounts,,REP,Glenn Hegar,431,11,247,173
San Jacinto,3,Comptroller of Public Accounts,,DEM,Janet T. Dudding,79,10,42,27
San Jacinto,3,Comptroller of Public Accounts,,LIB,V. Alonzo Echevarria-Garza,7,0,4,3
San Jacinto,3,Commissioner of the General Land Office,,REP,Dawn Buckingham,428,10,246,172
San Jacinto,3,Commissioner of the General Land Office,,DEM,Jay Kleberg,80,11,43,26
San Jacinto,3,Commissioner of the General Land Office,,GRN,"Alfred Molison, Jr.",6,0,3,3
San Jacinto,3,Commissioner of the General Land Office,,,Carrie Evelyn Menger,1,0,1,0
San Jacinto,3,Commissioner of the General Land Office,,,Rejected write-ins,0,0,0,0
San Jacinto,3,Commissioner of the General Land Office,,,Unassigned write-ins,0,0,0,0
San Jacinto,3,Commissioner of Agriculture,,REP,Sid Miller,431,11,246,174
San Jacinto,3,Commissioner of Agriculture,,DEM,Susan Hays,83,10,44,29
San Jacinto,3,Railroad Commissioner,,REP,Wayne Christian,425,11,242,172
San Jacinto,3,Railroad Commissioner,,DEM,Luke Warford,74,10,41,23
San Jacinto,3,Railroad Commissioner,,LIB,Jaime Andres Diez,10,0,6,4
San Jacinto,3,Railroad Commissioner,,GRN,Hunter Wayne Crow,4,0,1,3
San Jacinto,3,"Justice, Supreme Court, Place 3",,REP,Debra Lehrmann,428,11,243,174
San Jacinto,3,"Justice, Supreme Court, Place 3",,DEM,Erin A. Nowell,77,10,43,24
San Jacinto,3,"Justice, Supreme Court, Place 3",,LIB,Thomas Edward Oxford,10,0,6,4
San Jacinto,3,"Justice, Supreme Court, Place 5",,REP,Rebeca Huddle,435,11,248,176
San Jacinto,3,"Justice, Supreme Court, Place 5",,DEM,Amanda Reichek,80,10,45,25
San Jacinto,3,"Justice, Supreme Court, Place 9",,REP,Evan Young,435,11,247,177
San Jacinto,3,"Justice, Supreme Court, Place 9",,DEM,Julia Maldonado,79,10,45,24
San Jacinto,3,"Judge, Court of Criminal Appeals, Place 5",,REP,Scott Walker,434,11,250,173
San Jacinto,3,"Judge, Court of Criminal Appeals, Place 5",,DEM,Dana Huffman,78,10,40,28
San Jacinto,3,"Judge, Court of Criminal Appeals, Place 6",,REP,Jesse F. McClure III,436,11,249,176
San Jacinto,3,"Judge, Court of Criminal Appeals, Place 6",,DEM,Robert Johnson,77,10,42,25
San Jacinto,3,"Member, State Board of Education, District 8",,REP,Audrey Young,437,11,249,177
San Jacinto,3,"Member, State Board of Education, District 8",,LIB,Rhett Rosenquest Smith,56,4,32,20
San Jacinto,3,State Senate,5,REP,Charles Schwertner,430,8,250,172
San Jacinto,3,State Senate,5,LIB,Tommy Estes,59,4,31,24
San Jacinto,3,"Justice, 9th Court of Appeals District, Place 2",,REP,Jay Wright,435,9,250,176
San Jacinto,3,"Justice, 9th Court of Appeals District, Place 2",,DEM,Bob Mabry,76,10,40,26
San Jacinto,3,County Judge,,REP,Fritz Faulkner,480,14,273,193
San Jacinto,3,County Judge,,,Shirley Brandon,3,0,3,0
San Jacinto,3,County Judge,,,Rejected write-ins,1,0,0,1
San Jacinto,3,County Judge,,,Unassigned write-ins,0,0,0,0
San Jacinto,4,U.S. House,8,REP,Morgan Luttrell,361,8,205,148
San Jacinto,4,U.S. House,8,DEM,Laura Jones,27,4,16,7
San Jacinto,4,U.S. House,8,LIB,Roy Eriksen,9,0,4,5
San Jacinto,4,Governor,,REP,Greg Abbott,362,10,206,146
San Jacinto,4,Governor,,DEM,Beto O'Rourke,27,2,16,9
San Jacinto,4,Governor,,LIB,Mark Tippetts,5,0,2,3
San Jacinto,4,Governor,,GRN,Delilah Barrios,1,0,0,1
San Jacinto,4,Governor,,,Jacqueline Abernathy,0,0,0,0
San Jacinto,4,Governor,,,Mark V Goloby,0,0,0,0
San Jacinto,4,Governor,,,Rejected write-ins,1,0,1,0
San Jacinto,4,Governor,,,Unassigned write-ins,0,0,0,0
San Jacinto,4,Lieutenant Governor,,REP,Dan Patrick,352,10,197,145
San Jacinto,4,Lieutenant Governor,,DEM,Mike Collier,28,2,18,8
San Jacinto,4,Lieutenant Governor,,LIB,Shanna Steele,16,0,10,6
San Jacinto,4,Attorney General,,REP,Ken Paxton,362,10,205,147
San Jacinto,4,Attorney General,,DEM,Rochelle Mercedes Garza,22,1,15,6
San Jacinto,4,Attorney General,,LIB,Mark Ash,12,1,4,7
San Jacinto,4,Comptroller of Public Accounts,,REP,Glenn Hegar,362,9,204,149
San Jacinto,4,Comptroller of Public Accounts,,DEM,Janet T. Dudding,25,2,16,7
San Jacinto,4,Comptroller of Public Accounts,,LIB,V. Alonzo Echevarria-Garza,7,0,3,4
San Jacinto,4,Commissioner of the General Land Office,,REP,Dawn Buckingham,366,9,207,150
San Jacinto,4,Commissioner of the General Land Office,,DEM,Jay Kleberg,26,3,14,9
San Jacinto,4,Commissioner of the General Land Office,,GRN,"Alfred Molison, Jr.",2,0,2,0
San Jacinto,4,Commissioner of the General Land Office,,,Carrie Evelyn Menger,0,0,0,0
San Jacinto,4,Commissioner of the General Land Office,,,Rejected write-ins,0,0,0,0
San Jacinto,4,Commissioner of the General Land Office,,,Unassigned write-ins,0,0,0,0
San Jacinto,4,Commissioner of Agriculture,,REP,Sid Miller,365,9,208,148
San Jacinto,4,Commissioner of Agriculture,,DEM,Susan Hays,30,3,16,11
San Jacinto,4,Railroad Commissioner,,REP,Wayne Christian,361,9,207,145
San Jacinto,4,Railroad Commissioner,,DEM,Luke Warford,23,2,13,8
San Jacinto,4,Railroad Commissioner,,LIB,Jaime Andres Diez,6,0,2,4
San Jacinto,4,Railroad Commissioner,,GRN,Hunter Wayne Crow,4,1,2,1
San Jacinto,4,"Justice, Supreme Court, Place 3",,REP,Debra Lehrmann,359,9,204,146
San Jacinto,4,"Justice, Supreme Court, Place 3",,DEM,Erin A. Nowell,26,3,16,7
San Jacinto,4,"Justice, Supreme Court, Place 3",,LIB,Thomas Edward Oxford,9,0,3,6
San Jacinto,4,"Justice, Supreme Court, Place 5",,REP,Rebeca Huddle,366,9,206,151
San Jacinto,4,"Justice, Supreme Court, Place 5",,DEM,Amanda Reichek,28,3,16,9
San Jacinto,4,"Justice, Supreme Court, Place 9",,REP,Evan Young,363,9,204,150
San Jacinto,4,"Justice, Supreme Court, Place 9",,DEM,Julia Maldonado,29,3,17,9
San Jacinto,4,"Judge, Court of Criminal Appeals, Place 5",,REP,Scott Walker,366,9,206,151
San Jacinto,4,"Judge, Court of Criminal Appeals, Place 5",,DEM,Dana Huffman,28,2,17,9
San Jacinto,4,"Judge, Court of Criminal Appeals, Place 6",,REP,Jesse F. McClure III,364,8,205,151
San Jacinto,4,"Judge, Court of Criminal Appeals, Place 6",,DEM,Robert Johnson,28,3,16,9
San Jacinto,4,"Member, State Board of Education, District 8",,REP,Audrey Young,361,10,206,145
San Jacinto,4,"Member, State Board of Education, District 8",,LIB,Rhett Rosenquest Smith,21,0,8,13
San Jacinto,4,State Senate,5,REP,Charles Schwertner,362,10,204,148
San Jacinto,4,State Senate,5,LIB,Tommy Estes,24,0,12,12
San Jacinto,4,"Justice, 9th Court of Appeals District, Place 2",,REP,Jay Wright,361,8,203,150
San Jacinto,4,"Justice, 9th Court of Appeals District, Place 2",,DEM,Bob Mabry,28,3,16,9
San Jacinto,4,County Judge,,REP,Fritz Faulkner,353,9,201,143
San Jacinto,4,County Judge,,,Shirley Brandon,12,0,8,4
San Jacinto,4,County Judge,,,Rejected write-ins,3,0,2,1
San Jacinto,4,County Judge,,,Unassigned write-ins,0,0,0,0
San Jacinto,5 - WISD LS,U.S. House,8,REP,Morgan Luttrell,258,4,159,95
San Jacinto,5 - WISD LS,U.S. House,8,DEM,Laura Jones,24,2,12,10
San Jacinto,5 - WISD LS,U.S. House,8,LIB,Roy Eriksen,2,0,1,1
San Jacinto,5 - WISD LS,Governor,,REP,Greg Abbott,258,5,160,93
San Jacinto,5 - WISD LS,Governor,,DEM,Beto O'Rourke,24,1,12,11
San Jacinto,5 - WISD LS,Governor,,LIB,Mark Tippetts,3,0,1,2
San Jacinto,5 - WISD LS,Governor,,GRN,Delilah Barrios,0,0,0,0
San Jacinto,5 - WISD LS,Governor,,,Jacqueline Abernathy,0,0,0,0
San Jacinto,5 - WISD LS,Governor,,,Mark V Goloby,0,0,0,0
San Jacinto,5 - WISD LS,Governor,,,Rejected write-ins,0,0,0,0
San Jacinto,5 - WISD LS,Governor,,,Unassigned write-ins,0,0,0,0
San Jacinto,5 - WISD LS,Lieutenant Governor,,REP,Dan Patrick,250,4,158,88
San Jacinto,5 - WISD LS,Lieutenant Governor,,DEM,Mike Collier,25,2,12,11
San Jacinto,5 - WISD LS,Lieutenant Governor,,LIB,Shanna Steele,9,0,4,5
San Jacinto,5 - WISD LS,Attorney General,,REP,Ken Paxton,245,5,153,87
San Jacinto,5 - WISD LS,Attorney General,,DEM,Rochelle Mercedes Garza,25,1,12,12
San Jacinto,5 - WISD LS,Attorney General,,LIB,Mark Ash,10,0,6,4
San Jacinto,5 - WISD LS,Comptroller of Public Accounts,,REP,Glenn Hegar,253,3,160,90
San Jacinto,5 - WISD LS,Comptroller of Public Accounts,,DEM,Janet T. Dudding,25,3,11,11
San Jacinto,5 - WISD LS,Comptroller of Public Accounts,,LIB,V. Alonzo Echevarria-Garza,6,0,3,3
San Jacinto,5 - WISD LS,Commissioner of the General Land Office,,REP,Dawn Buckingham,252,3,161,88
San Jacinto,5 - WISD LS,Commissioner of the General Land Office,,DEM,Jay Kleberg,27,3,11,13
San Jacinto,5 - WISD LS,Commissioner of the General Land Office,,GRN,"Alfred Molison, Jr.",3,0,2,1
San Jacinto,5 - WISD LS,Commissioner of the General Land Office,,,Carrie Evelyn Menger,0,0,0,0
San Jacinto,5 - WISD LS,Commissioner of the General Land Office,,,Rejected write-ins,0,0,0,0
San Jacinto,5 - WISD LS,Commissioner of the General Land Office,,,Unassigned write-ins,0,0,0,0
San Jacinto,5 - WISD LS,Commissioner of Agriculture,,REP,Sid Miller,256,2,163,91
San Jacinto,5 - WISD LS,Commissioner of Agriculture,,DEM,Susan Hays,25,3,12,10
San Jacinto,5 - WISD LS,Railroad Commissioner,,REP,Wayne Christian,253,3,162,88
San Jacinto,5 - WISD LS,Railroad Commissioner,,DEM,Luke Warford,26,3,12,11
San Jacinto,5 - WISD LS,Railroad Commissioner,,LIB,Jaime Andres Diez,2,0,0,2
San Jacinto,5 - WISD LS,Railroad Commissioner,,GRN,Hunter Wayne Crow,3,0,0,3
San Jacinto,5 - WISD LS,"Justice, Supreme Court, Place 3",,REP,Debra Lehrmann,249,3,162,84
San Jacinto,5 - WISD LS,"Justice, Supreme Court, Place 3",,DEM,Erin A. Nowell,24,3,11,10
San Jacinto,5 - WISD LS,"Justice, Supreme Court, Place 3",,LIB,Thomas Edward Oxford,11,0,2,9
San Jacinto,5 - WISD LS,"Justice, Supreme Court, Place 5",,REP,Rebeca Huddle,257,3,163,91
San Jacinto,5 - WISD LS,"Justice, Supreme Court, Place 5",,DEM,Amanda Reichek,26,3,12,11
San Jacinto,5 - WISD LS,"Justice, Supreme Court, Place 9",,REP,Evan Young,256,3,163,90
San Jacinto,5 - WISD LS,"Justice, Supreme Court, Place 9",,DEM,Julia Maldonado,26,3,12,11
San Jacinto,5 - WISD LS,"Judge, Court of Criminal Appeals, Place 5",,REP,Scott Walker,258,3,164,91
San Jacinto,5 - WISD LS,"Judge, Court of Criminal Appeals, Place 5",,DEM,Dana Huffman,26,3,11,12
San Jacinto,5 - WISD LS,"Judge, Court of Criminal Appeals, Place 6",,REP,Jesse F. McClure III,256,3,162,91
San Jacinto,5 - WISD LS,"Judge, Court of Criminal Appeals, Place 6",,DEM,Robert Johnson,27,3,12,12
San Jacinto,5 - WISD LS,"Member, State Board of Education, District 8",,REP,Audrey Young,252,4,160,88
San Jacinto,5 - WISD LS,"Member, State Board of Education, District 8",,LIB,Rhett Rosenquest Smith,24,1,9,14
San Jacinto,5 - WISD LS,State Senate,5,REP,Charles Schwertner,252,5,163,84
San Jacinto,5 - WISD LS,State Senate,5,LIB,Tommy Estes,25,0,7,18
San Jacinto,5 - WISD LS,"Justice, 9th Court of Appeals District, Place 2",,REP,Jay Wright,258,4,162,92
San Jacinto,5 - WISD LS,"Justice, 9th Court of Appeals District, Place 2",,DEM,Bob Mabry,24,2,11,11
San Jacinto,5 - WISD LS,County Judge,,REP,Fritz Faulkner,261,5,160,96
San Jacinto,5 - WISD LS,County Judge,,,Shirley Brandon,4,0,4,0
San Jacinto,5 - WISD LS,County Judge,,,Rejected write-ins,2,0,1,1
San Jacinto,5 - WISD LS,County Judge,,,Unassigned write-ins,0,0,0,0
San Jacinto,5 - WISD LS,"Trustee, Position 1",,,Richelle Theilen,57,2,30,25
San Jacinto,5 - WISD LS,"Trustee, Position 1",,,John Hinna,34,1,20,13
San Jacinto,5 - WISD LS,"Trustee, Position 1",,,Nikita Lagway,58,1,39,18
San Jacinto,5 - WISD LS,"Trustee, Position 1",,,Christen Arnold,47,2,32,13
San Jacinto,5 - WISD LS,"Trustee, Position 3",,,Gentry Scott,70,3,45,22
San Jacinto,5 - WISD LS,"Trustee, Position 3",,,Scott Carson,116,2,69,45
San Jacinto,5 - WISD LS,"Trustee, Position 3",,,John Sellars,25,1,18,6
San Jacinto,5 - WISD LS,"Trustee, Position 4",,,Kyle Hoegemeyer,193,5,121,67
San Jacinto,5 - WISD LS,"Trustee, Position 5",,,Cliff Williams,120,5,73,42
San Jacinto,5 - WISD LS,"Trustee, Position 5",,,Zach Dorris,82,1,50,31
San Jacinto,5 - WISD LS,"Trustee, District 7",,,Rebecca (Becky) Broussard,172,6,103,63
San Jacinto,5 - WISD LS,"Trustee, District 7",,,Rita Yates-Wiltz,22,0,15,7
San Jacinto,5,U.S. House,8,REP,Morgan Luttrell,660,24,280,356
San Jacinto,5,U.S. House,8,DEM,Laura Jones,86,4,42,40
San Jacinto,5,U.S. House,8,LIB,Roy Eriksen,3,0,1,2
San Jacinto,5,Governor,,REP,Greg Abbott,660,23,283,354
San Jacinto,5,Governor,,DEM,Beto O'Rourke,86,3,40,43
San Jacinto,5,Governor,,LIB,Mark Tippetts,1,1,0,0
San Jacinto,5,Governor,,GRN,Delilah Barrios,2,1,1,0
San Jacinto,5,Governor,,,Jacqueline Abernathy,0,0,0,0
San Jacinto,5,Governor,,,Mark V Goloby,0,0,0,0
San Jacinto,5,Governor,,,Rejected write-ins,0,0,0,0
San Jacinto,5,Governor,,,Unassigned write-ins,0,0,0,0
San Jacinto,5,Lieutenant Governor,,REP,Dan Patrick,651,22,283,346
San Jacinto,5,Lieutenant Governor,,DEM,Mike Collier,88,6,40,42
San Jacinto,5,Lieutenant Governor,,LIB,Shanna Steele,12,0,2,10
San Jacinto,5,Attorney General,,REP,Ken Paxton,653,22,283,348
San Jacinto,5,Attorney General,,DEM,Rochelle Mercedes Garza,88,5,40,43
San Jacinto,5,Attorney General,,LIB,Mark Ash,8,1,1,6
San Jacinto,5,Comptroller of Public Accounts,,REP,Glenn Hegar,663,23,285,355
San Jacinto,5,Comptroller of Public Accounts,,DEM,Janet T. Dudding,83,4,40,39
San Jacinto,5,Comptroller of Public Accounts,,LIB,V. Alonzo Echevarria-Garza,4,1,0,3
San Jacinto,5,Commissioner of the General Land Office,,REP,Dawn Buckingham,660,23,283,354
San Jacinto,5,Commissioner of the General Land Office,,DEM,Jay Kleberg,85,4,40,41
San Jacinto,5,Commissioner of the General Land Office,,GRN,"Alfred Molison, Jr.",5,1,2,2
San Jacinto,5,Commissioner of the General Land Office,,,Carrie Evelyn Menger,0,0,0,0
San Jacinto,5,Commissioner of the General Land Office,,,Rejected write-ins,0,0,0,0
San Jacinto,5,Commissioner of the General Land Office,,,Unassigned write-ins,0,0,0,0
San Jacinto,5,Commissioner of Agriculture,,REP,Sid Miller,662,24,284,354
San Jacinto,5,Commissioner of Agriculture,,DEM,Susan Hays,87,4,41,42
San Jacinto,5,Railroad Commissioner,,REP,Wayne Christian,652,23,280,349
San Jacinto,5,Railroad Commissioner,,DEM,Luke Warford,81,3,40,38
San Jacinto,5,Railroad Commissioner,,LIB,Jaime Andres Diez,8,1,2,5
San Jacinto,5,Railroad Commissioner,,GRN,Hunter Wayne Crow,6,1,2,3
San Jacinto,5,"Justice, Supreme Court, Place 3",,REP,Debra Lehrmann,653,21,282,350
San Jacinto,5,"Justice, Supreme Court, Place 3",,DEM,Erin A. Nowell,85,5,39,41
San Jacinto,5,"Justice, Supreme Court, Place 3",,LIB,Thomas Edward Oxford,7,1,2,4
San Jacinto,5,"Justice, Supreme Court, Place 5",,REP,Rebeca Huddle,654,21,280,353
San Jacinto,5,"Justice, Supreme Court, Place 5",,DEM,Amanda Reichek,89,6,42,41
San Jacinto,5,"Justice, Supreme Court, Place 9",,REP,Evan Young,654,22,282,350
San Jacinto,5,"Justice, Supreme Court, Place 9",,DEM,Julia Maldonado,91,4,43,44
San Jacinto,5,"Judge, Court of Criminal Appeals, Place 5",,REP,Scott Walker,661,23,284,354
San Jacinto,5,"Judge, Court of Criminal Appeals, Place 5",,DEM,Dana Huffman,88,4,41,43
San Jacinto,5,"Judge, Court of Criminal Appeals, Place 6",,REP,Jesse F. McClure III,663,22,286,355
San Jacinto,5,"Judge, Court of Criminal Appeals, Place 6",,DEM,Robert Johnson,87,6,39,42
San Jacinto,5,"Member, State Board of Education, District 8",,REP,Audrey Young,672,22,284,366
San Jacinto,5,"Member, State Board of Education, District 8",,LIB,Rhett Rosenquest Smith,66,6,33,27
San Jacinto,5,State Senate,5,REP,Charles Schwertner,662,19,282,361
San Jacinto,5,State Senate,5,LIB,Tommy Estes,72,4,38,30
San Jacinto,5,"Justice, 9th Court of Appeals District, Place 2",,REP,Jay Wright,665,22,286,357
San Jacinto,5,"Justice, 9th Court of Appeals District, Place 2",,DEM,Bob Mabry,83,6,38,39
San Jacinto,5,County Judge,,REP,Fritz Faulkner,661,16,285,360
San Jacinto,5,County Judge,,,Shirley Brandon,16,4,5,7
San Jacinto,5,County Judge,,,Rejected write-ins,10,0,5,5
San Jacinto,5,County Judge,,,Unassigned write-ins,0,0,0,0
San Jacinto,5,Cleveland Independent School District Proposition A,,,For,200,4,84,112
San Jacinto,5,Cleveland Independent School District Proposition A,,,Against,518,19,230,269
San Jacinto,5 - CO,U.S. House,8,REP,Morgan Luttrell,1,0,0,1
San Jacinto,5 - CO,U.S. House,8,DEM,Laura Jones,0,0,0,0
San Jacinto,5 - CO,U.S. House,8,LIB,Roy Eriksen,0,0,0,0
San Jacinto,5 - CO,Governor,,REP,Greg Abbott,1,0,0,1
San Jacinto,5 - CO,Governor,,DEM,Beto O'Rourke,1,1,0,0
San Jacinto,5 - CO,Governor,,LIB,Mark Tippetts,0,0,0,0
San Jacinto,5 - CO,Governor,,GRN,Delilah Barrios,0,0,0,0
San Jacinto,5 - CO,Governor,,,Jacqueline Abernathy,0,0,0,0
San Jacinto,5 - CO,Governor,,,Mark V Goloby,0,0,0,0
San Jacinto,5 - CO,Governor,,,Rejected write-ins,0,0,0,0
San Jacinto,5 - CO,Governor,,,Unassigned write-ins,0,0,0,0
San Jacinto,5 - CO,Lieutenant Governor,,REP,Dan Patrick,1,0,0,1
San Jacinto,5 - CO,Lieutenant Governor,,DEM,Mike Collier,1,1,0,0
San Jacinto,5 - CO,Lieutenant Governor,,LIB,Shanna Steele,0,0,0,0
San Jacinto,5 - CO,Attorney General,,REP,Ken Paxton,1,0,0,1
San Jacinto,5 - CO,Attorney General,,DEM,Rochelle Mercedes Garza,1,1,0,0
San Jacinto,5 - CO,Attorney General,,LIB,Mark Ash,0,0,0,0
San Jacinto,5 - CO,Comptroller of Public Accounts,,REP,Glenn Hegar,1,0,0,1
San Jacinto,5 - CO,Comptroller of Public Accounts,,DEM,Janet T. Dudding,0,0,0,0
San Jacinto,5 - CO,Comptroller of Public Accounts,,LIB,V. Alonzo Echevarria-Garza,0,0,0,0
San Jacinto,5 - CO,Commissioner of the General Land Office,,REP,Dawn Buckingham,1,0,0,1
San Jacinto,5 - CO,Commissioner of the General Land Office,,DEM,Jay Kleberg,0,0,0,0
San Jacinto,5 - CO,Commissioner of the General Land Office,,GRN,"Alfred Molison, Jr.",0,0,0,0
San Jacinto,5 - CO,Commissioner of the General Land Office,,,Carrie Evelyn Menger,0,0,0,0
San Jacinto,5 - CO,Commissioner of the General Land Office,,,Rejected write-ins,0,0,0,0
San Jacinto,5 - CO,Commissioner of the General Land Office,,,Unassigned write-ins,0,0,0,0
San Jacinto,5 - CO,Commissioner of Agriculture,,REP,Sid Miller,1,0,0,1
San Jacinto,5 - CO,Commissioner of Agriculture,,DEM,Susan Hays,0,0,0,0
San Jacinto,5 - CO,Railroad Commissioner,,REP,Wayne Christian,1,0,0,1
San Jacinto,5 - CO,Railroad Commissioner,,DEM,Luke Warford,0,0,0,0
San Jacinto,5 - CO,Railroad Commissioner,,LIB,Jaime Andres Diez,0,0,0,0
San Jacinto,5 - CO,Railroad Commissioner,,GRN,Hunter Wayne Crow,0,0,0,0
San Jacinto,5 - CO,"Justice, Supreme Court, Place 3",,REP,Debra Lehrmann,1,0,0,1
San Jacinto,5 - CO,"Justice, Supreme Court, Place 3",,DEM,Erin A. Nowell,0,0,0,0
San Jacinto,5 - CO,"Justice, Supreme Court, Place 3",,LIB,Thomas Edward Oxford,0,0,0,0
San Jacinto,5 - CO,"Justice, Supreme Court, Place 5",,REP,Rebeca Huddle,1,0,0,1
San Jacinto,5 - CO,"Justice, Supreme Court, Place 5",,DEM,Amanda Reichek,0,0,0,0
San Jacinto,5 - CO,"Justice, Supreme Court, Place 9",,REP,Evan Young,1,0,0,1
San Jacinto,5 - CO,"Justice, Supreme Court, Place 9",,DEM,Julia Maldonado,0,0,0,0
San Jacinto,5 - CO,"Judge, Court of Criminal Appeals, Place 5",,REP,Scott Walker,1,0,0,1
San Jacinto,5 - CO,"Judge, Court of Criminal Appeals, Place 5",,DEM,Dana Huffman,0,0,0,0
San Jacinto,5 - CO,"Judge, Court of Criminal Appeals, Place 6",,REP,Jesse F. McClure III,1,0,0,1
San Jacinto,5 - CO,"Judge, Court of Criminal Appeals, Place 6",,DEM,Robert Johnson,0,0,0,0
San Jacinto,5 - CO,"Member, State Board of Education, District 8",,REP,Audrey Young,1,0,0,1
San Jacinto,5 - CO,"Member, State Board of Education, District 8",,LIB,Rhett Rosenquest Smith,0,0,0,0
San Jacinto,5 - CO,State Senate,5,REP,Charles Schwertner,1,0,0,1
San Jacinto,5 - CO,State Senate,5,LIB,Tommy Estes,0,0,0,0
San Jacinto,5 - CO,"Justice, 9th Court of Appeals District, Place 2",,REP,Jay Wright,1,0,0,1
San Jacinto,5 - CO,"Justice, 9th Court of Appeals District, Place 2",,DEM,Bob Mabry,0,0,0,0
San Jacinto,5 - CO,County Judge,,REP,Fritz Faulkner,2,1,0,1
San Jacinto,5 - CO,County Judge,,,Shirley Brandon,0,0,0,0
San Jacinto,5 - CO,County Judge,,,Rejected write-ins,0,0,0,0
San Jacinto,5 - CO,County Judge,,,Unassigned write-ins,0,0,0,0
San Jacinto,6,U.S. House,8,REP,Morgan Luttrell,1094,46,820,228
San Jacinto,6,U.S. House,8,DEM,Laura Jones,196,13,130,53
San Jacinto,6,U.S. House,8,LIB,Roy Eriksen,22,2,13,7
San Jacinto,6,Governor,,REP,Greg Abbott,1105,49,827,229
San Jacinto,6,Governor,,DEM,Beto O'Rourke,199,13,131,55
San Jacinto,6,Governor,,LIB,Mark Tippetts,13,1,9,3
San Jacinto,6,Governor,,GRN,Delilah Barrios,2,0,0,2
San Jacinto,6,Governor,,,Jacqueline Abernathy,0,0,0,0
San Jacinto,6,Governor,,,Mark V Goloby,0,0,0,0
San Jacinto,6,Governor,,,Rejected write-ins,0,0,0,0
San Jacinto,6,Governor,,,Unassigned write-ins,0,0,0,0
San Jacinto,6,Lieutenant Governor,,REP,Dan Patrick,1077,47,810,220
San Jacinto,6,Lieutenant Governor,,DEM,Mike Collier,208,12,142,54
San Jacinto,6,Lieutenant Governor,,LIB,Shanna Steele,27,3,12,12
San Jacinto,6,Attorney General,,REP,Ken Paxton,1083,48,812,223
San Jacinto,6,Attorney General,,DEM,Rochelle Mercedes Garza,197,14,132,51
San Jacinto,6,Attorney General,,LIB,Mark Ash,30,0,18,12
San Jacinto,6,Comptroller of Public Accounts,,REP,Glenn Hegar,1107,49,834,224
San Jacinto,6,Comptroller of Public Accounts,,DEM,Janet T. Dudding,187,14,119,54
San Jacinto,6,Comptroller of Public Accounts,,LIB,V. Alonzo Echevarria-Garza,19,0,12,7
San Jacinto,6,Commissioner of the General Land Office,,REP,Dawn Buckingham,1102,49,823,230
San Jacinto,6,Commissioner of the General Land Office,,DEM,Jay Kleberg,197,13,133,51
San Jacinto,6,Commissioner of the General Land Office,,GRN,"Alfred Molison, Jr.",9,1,3,5
San Jacinto,6,Commissioner of the General Land Office,,,Carrie Evelyn Menger,0,0,0,0
San Jacinto,6,Commissioner of the General Land Office,,,Rejected write-ins,0,0,0,0
San Jacinto,6,Commissioner of the General Land Office,,,Unassigned write-ins,0,0,0,0
San Jacinto,6,Commissioner of Agriculture,,REP,Sid Miller,1107,50,828,229
San Jacinto,6,Commissioner of Agriculture,,DEM,Susan Hays,201,13,131,57
San Jacinto,6,Railroad Commissioner,,REP,Wayne Christian,1107,50,828,229
San Jacinto,6,Railroad Commissioner,,DEM,Luke Warford,179,12,121,46
San Jacinto,6,Railroad Commissioner,,LIB,Jaime Andres Diez,18,1,9,8
San Jacinto,6,Railroad Commissioner,,GRN,Hunter Wayne Crow,8,0,5,3
San Jacinto,6,"Justice, Supreme Court, Place 3",,REP,Debra Lehrmann,1105,50,828,227
San Jacinto,6,"Justice, Supreme Court, Place 3",,DEM,Erin A. Nowell,189,13,122,54
San Jacinto,6,"Justice, Supreme Court, Place 3",,LIB,Thomas Edward Oxford,20,0,14,6
San Jacinto,6,"Justice, Supreme Court, Place 5",,REP,Rebeca Huddle,1108,51,826,231
San Jacinto,6,"Justice, Supreme Court, Place 5",,DEM,Amanda Reichek,198,12,130,56
San Jacinto,6,"Justice, Supreme Court, Place 9",,REP,Evan Young,1115,50,835,230
San Jacinto,6,"Justice, Supreme Court, Place 9",,DEM,Julia Maldonado,197,13,127,57
San Jacinto,6,"Judge, Court of Criminal Appeals, Place 5",,REP,Scott Walker,1113,50,832,231
San Jacinto,6,"Judge, Court of Criminal Appeals, Place 5",,DEM,Dana Huffman,198,13,129,56
San Jacinto,6,"Judge, Court of Criminal Appeals, Place 6",,REP,Jesse F. McClure III,1110,50,831,229
San Jacinto,6,"Judge, Court of Criminal Appeals, Place 6",,DEM,Robert Johnson,197,13,128,56
San Jacinto,6,"Member, State Board of Education, District 8",,REP,Audrey Young,1133,51,843,239
San Jacinto,6,"Member, State Board of Education, District 8",,LIB,Rhett Rosenquest Smith,146,9,94,43
San Jacinto,6,State Senate,5,REP,Charles Schwertner,1121,46,839,236
San Jacinto,6,State Senate,5,LIB,Tommy Estes,150,10,97,43
San Jacinto,6,"Justice, 9th Court of Appeals District, Place 2",,REP,Jay Wright,1120,49,838,233
San Jacinto,6,"Justice, 9th Court of Appeals District, Place 2",,DEM,Bob Mabry,187,12,122,53
San Jacinto,6,County Judge,,REP,Fritz Faulkner,1175,49,873,253
San Jacinto,6,County Judge,,,Shirley Brandon,14,4,9,1
San Jacinto,6,County Judge,,,Rejected write-ins,13,0,7,6
San Jacinto,6,County Judge,,,Unassigned write-ins,0,0,0,0
San Jacinto,6,"Justice of the Peace, Precinct No. 4",,REP,Kim Webb,1102,46,824,232
San Jacinto,6,"Justice of the Peace, Precinct No. 4",,IND,Joy DeRaimo,182,10,124,48
San Jacinto,7,U.S. House,8,REP,Morgan Luttrell,1012,53,596,363
San Jacinto,7,U.S. House,8,DEM,Laura Jones,263,40,113,110
San Jacinto,7,U.S. House,8,LIB,Roy Eriksen,9,0,4,5
San Jacinto,7,Governor,,REP,Greg Abbott,1006,54,592,360
San Jacinto,7,Governor,,DEM,Beto O'Rourke,275,41,118,116
San Jacinto,7,Governor,,LIB,Mark Tippetts,6,0,1,5
San Jacinto,7,Governor,,GRN,Delilah Barrios,5,0,4,1
San Jacinto,7,Governor,,,Jacqueline Abernathy,1,1,0,0
San Jacinto,7,Governor,,,Mark V Goloby,0,0,0,0
San Jacinto,7,Governor,,,Rejected write-ins,0,0,0,0
San Jacinto,7,Governor,,,Unassigned write-ins,0,0,0,0
San Jacinto,7,Lieutenant Governor,,REP,Dan Patrick,996,54,584,358
San Jacinto,7,Lieutenant Governor,,DEM,Mike Collier,276,41,121,114
San Jacinto,7,Lieutenant Governor,,LIB,Shanna Steele,17,1,9,7
San Jacinto,7,Attorney General,,REP,Ken Paxton,1004,56,588,360
San Jacinto,7,Attorney General,,DEM,Rochelle Mercedes Garza,270,40,118,112
San Jacinto,7,Attorney General,,LIB,Mark Ash,15,0,7,8
San Jacinto,7,Comptroller of Public Accounts,,REP,Glenn Hegar,1013,54,596,363
San Jacinto,7,Comptroller of Public Accounts,,DEM,Janet T. Dudding,263,41,113,109
San Jacinto,7,Comptroller of Public Accounts,,LIB,V. Alonzo Echevarria-Garza,12,0,6,6
San Jacinto,7,Commissioner of the General Land Office,,REP,Dawn Buckingham,999,54,586,359
San Jacinto,7,Commissioner of the General Land Office,,DEM,Jay Kleberg,275,40,120,115
San Jacinto,7,Commissioner of the General Land Office,,GRN,"Alfred Molison, Jr.",6,1,4,1
San Jacinto,7,Commissioner of the General Land Office,,,Carrie Evelyn Menger,0,0,0,0
San Jacinto,7,Commissioner of the General Land Office,,,Rejected write-ins,0,0,0,0
San Jacinto,7,Commissioner of the General Land Office,,,Unassigned write-ins,0,0,0,0
San Jacinto,7,Commissioner of Agriculture,,REP,Sid Miller,1006,54,595,357
San Jacinto,7,Commissioner of Agriculture,,DEM,Susan Hays,278,41,120,117
San Jacinto,7,Railroad Commissioner,,REP,Wayne Christian,1005,54,594,357
San Jacinto,7,Railroad Commissioner,,DEM,Luke Warford,264,40,112,112
San Jacinto,7,Railroad Commissioner,,LIB,Jaime Andres Diez,14,1,6,7
San Jacinto,7,Railroad Commissioner,,GRN,Hunter Wayne Crow,4,0,1,3
San Jacinto,7,"Justice, Supreme Court, Place 3",,REP,Debra Lehrmann,1003,56,588,359
San Jacinto,7,"Justice, Supreme Court, Place 3",,DEM,Erin A. Nowell,265,39,118,108
San Jacinto,7,"Justice, Supreme Court, Place 3",,LIB,Thomas Edward Oxford,16,0,8,8
San Jacinto,7,"Justice, Supreme Court, Place 5",,REP,Rebeca Huddle,1003,55,590,358
San Jacinto,7,"Justice, Supreme Court, Place 5",,DEM,Amanda Reichek,277,40,120,117
San Jacinto,7,"Justice, Supreme Court, Place 9",,REP,Evan Young,1002,54,588,360
San Jacinto,7,"Justice, Supreme Court, Place 9",,DEM,Julia Maldonado,278,40,122,116
San Jacinto,7,"Judge, Court of Criminal Appeals, Place 5",,REP,Scott Walker,1003,55,594,354
San Jacinto,7,"Judge, Court of Criminal Appeals, Place 5",,DEM,Dana Huffman,274,40,115,119
San Jacinto,7,"Judge, Court of Criminal Appeals, Place 6",,REP,Jesse F. McClure III,1000,54,589,357
San Jacinto,7,"Judge, Court of Criminal Appeals, Place 6",,DEM,Robert Johnson,275,41,120,114
San Jacinto,7,"Member, State Board of Education, District 8",,REP,Audrey Young,1038,61,606,371
San Jacinto,7,"Member, State Board of Education, District 8",,LIB,Rhett Rosenquest Smith,180,21,79,80
San Jacinto,7,State Senate,5,REP,Charles Schwertner,1032,57,607,368
San Jacinto,7,State Senate,5,LIB,Tommy Estes,186,22,80,84
San Jacinto,7,"Justice, 9th Court of Appeals District, Place 2",,REP,Jay Wright,1001,50,592,359
San Jacinto,7,"Justice, 9th Court of Appeals District, Place 2",,DEM,Bob Mabry,274,41,118,115
San Jacinto,7,County Judge,,REP,Fritz Faulkner,1126,67,636,423
San Jacinto,7,County Judge,,,Shirley Brandon,22,11,5,6
San Jacinto,7,County Judge,,,Rejected write-ins,11,1,7,3
San Jacinto,7,County Judge,,,Unassigned write-ins,0,0,0,0
San Jacinto,7,"Justice of the Peace, Precinct No. 4",,REP,Kim Webb,1035,53,604,378
San Jacinto,7,"Justice of the Peace, Precinct No. 4",,IND,Joy DeRaimo,200,29,92,79
San Jacinto,8,U.S. House,8,REP,Morgan Luttrell,547,35,193,319
San Jacinto,8,U.S. House,8,DEM,Laura Jones,111,20,37,54
San Jacinto,8,U.S. House,8,LIB,Roy Eriksen,4,0,3,1
San Jacinto,8,Governor,,REP,Greg Abbott,536,33,191,312
San Jacinto,8,Governor,,DEM,Beto O'Rourke,115,19,39,57
San Jacinto,8,Governor,,LIB,Mark Tippetts,9,1,3,5
San Jacinto,8,Governor,,GRN,Delilah Barrios,5,2,1,2
San Jacinto,8,Governor,,,Jacqueline Abernathy,0,0,0,0
San Jacinto,8,Governor,,,Mark V Goloby,0,0,0,0
San Jacinto,8,Governor,,,Rejected write-ins,0,0,0,0
San Jacinto,8,Governor,,,Unassigned write-ins,0,0,0,0
San Jacinto,8,Lieutenant Governor,,REP,Dan Patrick,523,35,190,298
San Jacinto,8,Lieutenant Governor,,DEM,Mike Collier,124,18,39,67
San Jacinto,8,Lieutenant Governor,,LIB,Shanna Steele,14,2,5,7
San Jacinto,8,Attorney General,,REP,Ken Paxton,531,35,193,303
San Jacinto,8,Attorney General,,DEM,Rochelle Mercedes Garza,117,18,38,61
San Jacinto,8,Attorney General,,LIB,Mark Ash,12,2,3,7
San Jacinto,8,Comptroller of Public Accounts,,REP,Glenn Hegar,541,36,194,311
San Jacinto,8,Comptroller of Public Accounts,,DEM,Janet T. Dudding,113,19,37,57
San Jacinto,8,Comptroller of Public Accounts,,LIB,V. Alonzo Echevarria-Garza,4,0,2,2
San Jacinto,8,Commissioner of the General Land Office,,REP,Dawn Buckingham,536,34,193,309
San Jacinto,8,Commissioner of the General Land Office,,DEM,Jay Kleberg,114,20,37,57
San Jacinto,8,Commissioner of the General Land Office,,GRN,"Alfred Molison, Jr.",5,1,3,1
San Jacinto,8,Commissioner of the General Land Office,,,Carrie Evelyn Menger,0,0,0,0
San Jacinto,8,Commissioner of the General Land Office,,,Rejected write-ins,0,0,0,0
San Jacinto,8,Commissioner of the General Land Office,,,Unassigned write-ins,0,0,0,0
San Jacinto,8,Commissioner of Agriculture,,REP,Sid Miller,530,33,191,306
San Jacinto,8,Commissioner of Agriculture,,DEM,Susan Hays,126,20,42,64
San Jacinto,8,Railroad Commissioner,,REP,Wayne Christian,533,36,194,303
San Jacinto,8,Railroad Commissioner,,DEM,Luke Warford,113,19,37,57
San Jacinto,8,Railroad Commissioner,,LIB,Jaime Andres Diez,5,0,2,3
San Jacinto,8,Railroad Commissioner,,GRN,Hunter Wayne Crow,3,0,0,3
San Jacinto,8,"Justice, Supreme Court, Place 3",,REP,Debra Lehrmann,533,34,194,305
San Jacinto,8,"Justice, Supreme Court, Place 3",,DEM,Erin A. Nowell,112,20,35,57
San Jacinto,8,"Justice, Supreme Court, Place 3",,LIB,Thomas Edward Oxford,9,1,4,4
San Jacinto,8,"Justice, Supreme Court, Place 5",,REP,Rebeca Huddle,537,34,195,308
San Jacinto,8,"Justice, Supreme Court, Place 5",,DEM,Amanda Reichek,118,21,38,59
San Jacinto,8,"Justice, Supreme Court, Place 9",,REP,Evan Young,536,35,194,307
San Jacinto,8,"Justice, Supreme Court, Place 9",,DEM,Julia Maldonado,116,19,39,58
San Jacinto,8,"Judge, Court of Criminal Appeals, Place 5",,REP,Scott Walker,532,35,192,305
San Jacinto,8,"Judge, Court of Criminal Appeals, Place 5",,DEM,Dana Huffman,121,20,40,61
San Jacinto,8,"Judge, Court of Criminal Appeals, Place 6",,REP,Jesse F. McClure III,532,32,193,307
San Jacinto,8,"Judge, Court of Criminal Appeals, Place 6",,DEM,Robert Johnson,121,23,40,58
San Jacinto,8,"Member, State Board of Education, District 8",,REP,Audrey Young,556,38,198,320
San Jacinto,8,"Member, State Board of Education, District 8",,LIB,Rhett Rosenquest Smith,72,11,26,35
San Jacinto,8,State Senate,5,REP,Charles Schwertner,551,33,197,321
San Jacinto,8,State Senate,5,LIB,Tommy Estes,75,14,25,36
San Jacinto,8,"Justice, 9th Court of Appeals District, Place 2",,REP,Jay Wright,530,32,192,306
San Jacinto,8,"Justice, 9th Court of Appeals District, Place 2",,DEM,Bob Mabry,119,21,41,57
San Jacinto,8,County Judge,,REP,Fritz Faulkner,595,40,206,349
San Jacinto,8,County Judge,,,Shirley Brandon,2,1,0,1
San Jacinto,8,County Judge,,,Rejected write-ins,6,0,5,1
San Jacinto,8,County Judge,,,Unassigned write-ins,0,0,0,0
San Jacinto,8,"Justice of the Peace, Precinct No. 4",,REP,Kim Webb,573,38,198,337
San Jacinto,8,"Justice of the Peace, Precinct No. 4",,IND,Joy DeRaimo,67,13,25,29
San Jacinto,9,U.S. House,8,REP,Morgan Luttrell,293,9,154,130
San Jacinto,9,U.S. House,8,DEM,Laura Jones,39,7,18,14
San Jacinto,9,U.S. House,8,LIB,Roy Eriksen,4,0,1,3
San Jacinto,9,Governor,,REP,Greg Abbott,295,14,153,128
San Jacinto,9,Governor,,DEM,Beto O'Rourke,40,4,20,16
San Jacinto,9,Governor,,LIB,Mark Tippetts,5,0,0,5
San Jacinto,9,Governor,,GRN,Delilah Barrios,1,0,0,1
San Jacinto,9,Governor,,,Jacqueline Abernathy,0,0,0,0
San Jacinto,9,Governor,,,Mark V Goloby,0,0,0,0
San Jacinto,9,Governor,,,Rejected write-ins,0,0,0,0
San Jacinto,9,Governor,,,Unassigned write-ins,0,0,0,0
San Jacinto,9,Lieutenant Governor,,REP,Dan Patrick,294,11,153,130
San Jacinto,9,Lieutenant Governor,,DEM,Mike Collier,42,8,20,14
San Jacinto,9,Lieutenant Governor,,LIB,Shanna Steele,5,0,0,5
San Jacinto,9,Attorney General,,REP,Ken Paxton,289,11,151,127
San Jacinto,9,Attorney General,,DEM,Rochelle Mercedes Garza,43,8,20,15
San Jacinto,9,Attorney General,,LIB,Mark Ash,5,0,0,5
San Jacinto,9,Comptroller of Public Accounts,,REP,Glenn Hegar,302,14,154,134
San Jacinto,9,Comptroller of Public Accounts,,DEM,Janet T. Dudding,35,5,18,12
San Jacinto,9,Comptroller of Public Accounts,,LIB,V. Alonzo Echevarria-Garza,2,0,0,2
San Jacinto,9,Commissioner of the General Land Office,,REP,Dawn Buckingham,295,13,152,130
San Jacinto,9,Commissioner of the General Land Office,,DEM,Jay Kleberg,39,6,19,14
San Jacinto,9,Commissioner of the General Land Office,,GRN,"Alfred Molison, Jr.",2,0,0,2
San Jacinto,9,Commissioner of the General Land Office,,,Carrie Evelyn Menger,0,0,0,0
San Jacinto,9,Commissioner of the General Land Office,,,Rejected write-ins,0,0,0,0
San Jacinto,9,Commissioner of the General Land Office,,,Unassigned write-ins,0,0,0,0
San Jacinto,9,Commissioner of Agriculture,,REP,Sid Miller,300,14,153,133
San Jacinto,9,Commissioner of Agriculture,,DEM,Susan Hays,38,5,19,14
San Jacinto,9,Railroad Commissioner,,REP,Wayne Christian,295,13,152,130
San Jacinto,9,Railroad Commissioner,,DEM,Luke Warford,40,6,20,14
San Jacinto,9,Railroad Commissioner,,LIB,Jaime Andres Diez,1,0,0,1
San Jacinto,9,Railroad Commissioner,,GRN,Hunter Wayne Crow,2,0,0,2
San Jacinto,9,"Justice, Supreme Court, Place 3",,REP,Debra Lehrmann,294,14,151,129
San Jacinto,9,"Justice, Supreme Court, Place 3",,DEM,Erin A. Nowell,37,5,20,12
San Jacinto,9,"Justice, Supreme Court, Place 3",,LIB,Thomas Edward Oxford,3,0,0,3
San Jacinto,9,"Justice, Supreme Court, Place 5",,REP,Rebeca Huddle,294,12,151,131
San Jacinto,9,"Justice, Supreme Court, Place 5",,DEM,Amanda Reichek,42,7,20,15
San Jacinto,9,"Justice, Supreme Court, Place 9",,REP,Evan Young,296,13,151,132
San Jacinto,9,"Justice, Supreme Court, Place 9",,DEM,Julia Maldonado,40,6,20,14
San Jacinto,9,"Judge, Court of Criminal Appeals, Place 5",,REP,Scott Walker,295,13,150,132
San Jacinto,9,"Judge, Court of Criminal Appeals, Place 5",,DEM,Dana Huffman,41,6,20,15
San Jacinto,9,"Judge, Court of Criminal Appeals, Place 6",,REP,Jesse F. McClure III,292,13,150,129
San Jacinto,9,"Judge, Court of Criminal Appeals, Place 6",,DEM,Robert Johnson,43,6,20,17
San Jacinto,9,"Member, State Board of Education, District 8",,REP,Audrey Young,301,14,156,131
San Jacinto,9,"Member, State Board of Education, District 8",,LIB,Rhett Rosenquest Smith,33,4,14,15
San Jacinto,9,State Senate,5,REP,Charles Schwertner,299,15,154,130
San Jacinto,9,State Senate,5,LIB,Tommy Estes,35,3,16,16
San Jacinto,9,"Justice, 9th Court of Appeals District, Place 2",,REP,Jay Wright,295,12,153,130
San Jacinto,9,"Justice, 9th Court of Appeals District, Place 2",,DEM,Bob Mabry,41,5,19,17
San Jacinto,9,County Judge,,REP,Fritz Faulkner,317,13,164,140
San Jacinto,9,County Judge,,,Shirley Brandon,5,1,2,2
San Jacinto,9,County Judge,,,Rejected write-ins,6,1,2,3
San Jacinto,9,County Judge,,,Unassigned write-ins,0,0,0,0
San Jacinto,10,U.S. House,8,REP,Morgan Luttrell,305,18,137,150
San Jacinto,10,U.S. House,8,DEM,Laura Jones,48,2,25,21
San Jacinto,10,U.S. House,8,LIB,Roy Eriksen,4,1,1,2
San Jacinto,10,Governor,,REP,Greg Abbott,309,19,137,153
San Jacinto,10,Governor,,DEM,Beto O'Rourke,48,2,25,21
San Jacinto,10,Governor,,LIB,Mark Tippetts,4,1,1,2
San Jacinto,10,Governor,,GRN,Delilah Barrios,0,0,0,0
San Jacinto,10,Governor,,,Jacqueline Abernathy,0,0,0,0
San Jacinto,10,Governor,,,Mark V Goloby,0,0,0,0
San Jacinto,10,Governor,,,Rejected write-ins,1,0,1,0
San Jacinto,10,Governor,,,Unassigned write-ins,0,0,0,0
San Jacinto,10,Lieutenant Governor,,REP,Dan Patrick,306,19,133,154
San Jacinto,10,Lieutenant Governor,,DEM,Mike Collier,47,2,27,18
San Jacinto,10,Lieutenant Governor,,LIB,Shanna Steele,7,1,3,3
San Jacinto,10,Attorney General,,REP,Ken Paxton,298,19,131,148
San Jacinto,10,Attorney General,,DEM,Rochelle Mercedes Garza,50,2,26,22
San Jacinto,10,Attorney General,,LIB,Mark Ash,11,1,6,4
San Jacinto,10,Comptroller of Public Accounts,,REP,Glenn Hegar,305,19,136,150
San Jacinto,10,Comptroller of Public Accounts,,DEM,Janet T. Dudding,44,2,23,19
San Jacinto,10,Comptroller of Public Accounts,,LIB,V. Alonzo Echevarria-Garza,11,1,4,6
San Jacinto,10,Commissioner of the General Land Office,,REP,Dawn Buckingham,304,19,133,152
San Jacinto,10,Commissioner of the General Land Office,,DEM,Jay Kleberg,49,3,26,20
San Jacinto,10,Commissioner of the General Land Office,,GRN,"Alfred Molison, Jr.",4,0,4,0
San Jacinto,10,Commissioner of the General Land Office,,,Carrie Evelyn Menger,0,0,0,0
San Jacinto,10,Commissioner of the General Land Office,,,Rejected write-ins,0,0,0,0
San Jacinto,10,Commissioner of the General Land Office,,,Unassigned write-ins,0,0,0,0
San Jacinto,10,Commissioner of Agriculture,,REP,Sid Miller,303,18,134,151
San Jacinto,10,Commissioner of Agriculture,,DEM,Susan Hays,52,3,29,20
San Jacinto,10,Railroad Commissioner,,REP,Wayne Christian,302,19,132,151
San Jacinto,10,Railroad Commissioner,,DEM,Luke Warford,45,2,25,18
San Jacinto,10,Railroad Commissioner,,LIB,Jaime Andres Diez,11,1,4,6
San Jacinto,10,Railroad Commissioner,,GRN,Hunter Wayne Crow,3,0,3,0
San Jacinto,10,"Justice, Supreme Court, Place 3",,REP,Debra Lehrmann,302,19,133,150
San Jacinto,10,"Justice, Supreme Court, Place 3",,DEM,Erin A. Nowell,49,2,26,21
San Jacinto,10,"Justice, Supreme Court, Place 3",,LIB,Thomas Edward Oxford,10,1,5,4
San Jacinto,10,"Justice, Supreme Court, Place 5",,REP,Rebeca Huddle,310,19,137,154
San Jacinto,10,"Justice, Supreme Court, Place 5",,DEM,Amanda Reichek,50,3,26,21
San Jacinto,10,"Justice, Supreme Court, Place 9",,REP,Evan Young,305,19,134,152
San Jacinto,10,"Justice, Supreme Court, Place 9",,DEM,Julia Maldonado,54,3,28,23
San Jacinto,10,"Judge, Court of Criminal Appeals, Place 5",,REP,Scott Walker,309,19,137,153
San Jacinto,10,"Judge, Court of Criminal Appeals, Place 5",,DEM,Dana Huffman,51,3,26,22
San Jacinto,10,"Judge, Court of Criminal Appeals, Place 6",,REP,Jesse F. McClure III,308,19,137,152
San Jacinto,10,"Judge, Court of Criminal Appeals, Place 6",,DEM,Robert Johnson,49,3,26,20
San Jacinto,10,"Member, State Board of Education, District 8",,REP,Audrey Young,310,19,137,154
San Jacinto,10,"Member, State Board of Education, District 8",,LIB,Rhett Rosenquest Smith,40,2,22,16
San Jacinto,10,State Senate,5,REP,Charles Schwertner,298,16,135,147
San Jacinto,10,State Senate,5,LIB,Tommy Estes,45,2,22,21
San Jacinto,10,"Justice, 9th Court of Appeals District, Place 2",,REP,Jay Wright,307,19,135,153
San Jacinto,10,"Justice, 9th Court of Appeals District, Place 2",,DEM,Bob Mabry,49,3,27,19
San Jacinto,10,County Judge,,REP,Fritz Faulkner,319,16,139,164
San Jacinto,10,County Judge,,,Shirley Brandon,2,0,2,0
San Jacinto,10,County Judge,,,Rejected write-ins,4,2,0,2
San Jacinto,10,County Judge,,,Unassigned write-ins,0,0,0,0
San Jacinto,11,U.S. House,8,REP,Morgan Luttrell,286,17,169,100
San Jacinto,11,U.S. House,8,DEM,Laura Jones,94,3,33,58
San Jacinto,11,U.S. House,8,LIB,Roy Eriksen,5,0,4,1
San Jacinto,11,Governor,,REP,Greg Abbott,286,16,170,100
San Jacinto,11,Governor,,DEM,Beto O'Rourke,93,3,31,59
San Jacinto,11,Governor,,LIB,Mark Tippetts,8,1,5,2
San Jacinto,11,Governor,,GRN,Delilah Barrios,1,0,1,0
San Jacinto,11,Governor,,,Jacqueline Abernathy,0,0,0,0
San Jacinto,11,Governor,,,Mark V Goloby,0,0,0,0
San Jacinto,11,Governor,,,Rejected write-ins,0,0,0,0
San Jacinto,11,Governor,,,Unassigned write-ins,0,0,0,0
San Jacinto,11,Lieutenant Governor,,REP,Dan Patrick,283,15,169,99
San Jacinto,11,Lieutenant Governor,,DEM,Mike Collier,93,3,31,59
San Jacinto,11,Lieutenant Governor,,LIB,Shanna Steele,9,2,6,1
San Jacinto,11,Attorney General,,REP,Ken Paxton,280,15,166,99
San Jacinto,11,Attorney General,,DEM,Rochelle Mercedes Garza,95,3,33,59
San Jacinto,11,Attorney General,,LIB,Mark Ash,11,2,8,1
San Jacinto,11,Comptroller of Public Accounts,,REP,Glenn Hegar,282,15,169,98
San Jacinto,11,Comptroller of Public Accounts,,DEM,Janet T. Dudding,91,3,33,55
San Jacinto,11,Comptroller of Public Accounts,,LIB,V. Alonzo Echevarria-Garza,9,1,4,4
San Jacinto,11,Commissioner of the General Land Office,,REP,Dawn Buckingham,283,16,170,97
San Jacinto,11,Commissioner of the General Land Office,,DEM,Jay Kleberg,92,3,32,57
San Jacinto,11,Commissioner of the General Land Office,,GRN,"Alfred Molison, Jr.",7,0,3,4
San Jacinto,11,Commissioner of the General Land Office,,,Carrie Evelyn Menger,0,0,0,0
San Jacinto,11,Commissioner of the General Land Office,,,Rejected write-ins,1,0,1,0
San Jacinto,11,Commissioner of the General Land Office,,,Unassigned write-ins,0,0,0,0
San Jacinto,11,Commissioner of Agriculture,,REP,Sid Miller,289,16,171,102
San Jacinto,11,Commissioner of Agriculture,,DEM,Susan Hays,95,3,35,57
San Jacinto,11,Railroad Commissioner,,REP,Wayne Christian,286,15,170,101
San Jacinto,11,Railroad Commissioner,,DEM,Luke Warford,83,3,31,49
San Jacinto,11,Railroad Commissioner,,LIB,Jaime Andres Diez,8,1,3,4
San Jacinto,11,Railroad Commissioner,,GRN,Hunter Wayne Crow,3,0,3,0
San Jacinto,11,"Justice, Supreme Court, Place 3",,REP,Debra Lehrmann,281,15,167,99
San Jacinto,11,"Justice, Supreme Court, Place 3",,DEM,Erin A. Nowell,91,4,31,56
San Jacinto,11,"Justice, Supreme Court, Place 3",,LIB,Thomas Edward Oxford,10,1,8,1
San Jacinto,11,"Justice, Supreme Court, Place 5",,REP,Rebeca Huddle,290,17,173,100
San Jacinto,11,"Justice, Supreme Court, Place 5",,DEM,Amanda Reichek,91,3,33,55
San Jacinto,11,"Justice, Supreme Court, Place 9",,REP,Evan Young,292,16,176,100
San Jacinto,11,"Justice, Supreme Court, Place 9",,DEM,Julia Maldonado,90,3,31,56
San Jacinto,11,"Judge, Court of Criminal Appeals, Place 5",,REP,Scott Walker,287,16,171,100
San Jacinto,11,"Judge, Court of Criminal Appeals, Place 5",,DEM,Dana Huffman,93,3,34,56
San Jacinto,11,"Judge, Court of Criminal Appeals, Place 6",,REP,Jesse F. McClure III,289,16,173,100
San Jacinto,11,"Judge, Court of Criminal Appeals, Place 6",,DEM,Robert Johnson,90,3,32,55
San Jacinto,11,"Member, State Board of Education, District 8",,REP,Audrey Young,300,15,175,110
San Jacinto,11,"Member, State Board of Education, District 8",,LIB,Rhett Rosenquest Smith,65,3,29,33
San Jacinto,11,State Senate,5,REP,Charles Schwertner,291,13,171,107
San Jacinto,11,State Senate,5,LIB,Tommy Estes,72,3,33,36
San Jacinto,11,"Justice, 9th Court of Appeals District, Place 2",,REP,Jay Wright,288,16,171,101
San Jacinto,11,"Justice, 9th Court of Appeals District, Place 2",,DEM,Bob Mabry,88,3,35,50
San Jacinto,11,County Judge,,REP,Fritz Faulkner,330,13,180,137
San Jacinto,11,County Judge,,,Shirley Brandon,10,1,5,4
San Jacinto,11,County Judge,,,Rejected write-ins,6,0,5,1
San Jacinto,11,County Judge,,,Unassigned write-ins,0,0,0,0
San Jacinto,11 - WISD LS,U.S. House,8,REP,Morgan Luttrell,1,0,1,0
San Jacinto,11 - WISD LS,U.S. House,8,DEM,Laura Jones,0,0,0,0
San Jacinto,11 - WISD LS,U.S. House,8,LIB,Roy Eriksen,0,0,0,0
San Jacinto,11 - WISD LS,Governor,,REP,Greg Abbott,1,0,1,0
San Jacinto,11 - WISD LS,Governor,,DEM,Beto O'Rourke,0,0,0,0
San Jacinto,11 - WISD LS,Governor,,LIB,Mark Tippetts,0,0,0,0
San Jacinto,11 - WISD LS,Governor,,GRN,Delilah Barrios,0,0,0,0
San Jacinto,11 - WISD LS,Governor,,,Jacqueline Abernathy,0,0,0,0
San Jacinto,11 - WISD LS,Governor,,,Mark V Goloby,0,0,0,0
San Jacinto,11 - WISD LS,Governor,,,Rejected write-ins,0,0,0,0
San Jacinto,11 - WISD LS,Governor,,,Unassigned write-ins,0,0,0,0
San Jacinto,11 - WISD LS,Lieutenant Governor,,REP,Dan Patrick,1,0,1,0
San Jacinto,11 - WISD LS,Lieutenant Governor,,DEM,Mike Collier,0,0,0,0
San Jacinto,11 - WISD LS,Lieutenant Governor,,LIB,Shanna Steele,0,0,0,0
San Jacinto,11 - WISD LS,Attorney General,,REP,Ken Paxton,1,0,1,0
San Jacinto,11 - WISD LS,Attorney General,,DEM,Rochelle Mercedes Garza,0,0,0,0
San Jacinto,11 - WISD LS,Attorney General,,LIB,Mark Ash,0,0,0,0
San Jacinto,11 - WISD LS,Comptroller of Public Accounts,,REP,Glenn Hegar,1,0,1,0
San Jacinto,11 - WISD LS,Comptroller of Public Accounts,,DEM,Janet T. Dudding,0,0,0,0
San Jacinto,11 - WISD LS,Comptroller of Public Accounts,,LIB,V. Alonzo Echevarria-Garza,0,0,0,0
San Jacinto,11 - WISD LS,Commissioner of the General Land Office,,REP,Dawn Buckingham,1,0,1,0
San Jacinto,11 - WISD LS,Commissioner of the General Land Office,,DEM,Jay Kleberg,0,0,0,0
San Jacinto,11 - WISD LS,Commissioner of the General Land Office,,GRN,"Alfred Molison, Jr.",0,0,0,0
San Jacinto,11 - WISD LS,Commissioner of the General Land Office,,,Carrie Evelyn Menger,0,0,0,0
San Jacinto,11 - WISD LS,Commissioner of the General Land Office,,,Rejected write-ins,0,0,0,0
San Jacinto,11 - WISD LS,Commissioner of the General Land Office,,,Unassigned write-ins,0,0,0,0
San Jacinto,11 - WISD LS,Commissioner of Agriculture,,REP,Sid Miller,1,0,1,0
San Jacinto,11 - WISD LS,Commissioner of Agriculture,,DEM,Susan Hays,0,0,0,0
San Jacinto,11 - WISD LS,Railroad Commissioner,,REP,Wayne Christian,1,0,1,0
San Jacinto,11 - WISD LS,Railroad Commissioner,,DEM,Luke Warford,0,0,0,0
San Jacinto,11 - WISD LS,Railroad Commissioner,,LIB,Jaime Andres Diez,0,0,0,0
San Jacinto,11 - WISD LS,Railroad Commissioner,,GRN,Hunter Wayne Crow,0,0,0,0
San Jacinto,11 - WISD LS,"Justice, Supreme Court, Place 3",,REP,Debra Lehrmann,1,0,1,0
San Jacinto,11 - WISD LS,"Justice, Supreme Court, Place 3",,DEM,Erin A. Nowell,0,0,0,0
San Jacinto,11 - WISD LS,"Justice, Supreme Court, Place 3",,LIB,Thomas Edward Oxford,0,0,0,0
San Jacinto,11 - WISD LS,"Justice, Supreme Court, Place 5",,REP,Rebeca Huddle,1,0,1,0
San Jacinto,11 - WISD LS,"Justice, Supreme Court, Place 5",,DEM,Amanda Reichek,0,0,0,0
San Jacinto,11 - WISD LS,"Justice, Supreme Court, Place 9",,REP,Evan Young,1,0,1,0
San Jacinto,11 - WISD LS,"Justice, Supreme Court, Place 9",,DEM,Julia Maldonado,0,0,0,0
San Jacinto,11 - WISD LS,"Judge, Court of Criminal Appeals, Place 5",,REP,Scott Walker,1,0,1,0
San Jacinto,11 - WISD LS,"Judge, Court of Criminal Appeals, Place 5",,DEM,Dana Huffman,0,0,0,0
San Jacinto,11 - WISD LS,"Judge, Court of Criminal Appeals, Place 6",,REP,Jesse F. McClure III,1,0,1,0
San Jacinto,11 - WISD LS,"Judge, Court of Criminal Appeals, Place 6",,DEM,Robert Johnson,0,0,0,0
San Jacinto,11 - WISD LS,"Member, State Board of Education, District 8",,REP,Audrey Young,1,0,1,0
San Jacinto,11 - WISD LS,"Member, State Board of Education, District 8",,LIB,Rhett Rosenquest Smith,0,0,0,0
San Jacinto,11 - WISD LS,State Senate,5,REP,Charles Schwertner,1,0,1,0
San Jacinto,11 - WISD LS,State Senate,5,LIB,Tommy Estes,0,0,0,0
San Jacinto,11 - WISD LS,"Justice, 9th Court of Appeals District, Place 2",,REP,Jay Wright,1,0,1,0
San Jacinto,11 - WISD LS,"Justice, 9th Court of Appeals District, Place 2",,DEM,Bob Mabry,0,0,0,0
San Jacinto,11 - WISD LS,County Judge,,REP,Fritz Faulkner,1,0,1,0
San Jacinto,11 - WISD LS,County Judge,,,Shirley Brandon,0,0,0,0
San Jacinto,11 - WISD LS,County Judge,,,Rejected write-ins,0,0,0,0
San Jacinto,11 - WISD LS,County Judge,,,Unassigned write-ins,0,0,0,0
San Jacinto,11 - WISD LS,"Trustee, Position 1",,,Richelle Theilen,0,0,0,0
San Jacinto,11 - WISD LS,"Trustee, Position 1",,,John Hinna,0,0,0,0
San Jacinto,11 - WISD LS,"Trustee, Position 1",,,Nikita Lagway,0,0,0,0
San Jacinto,11 - WISD LS,"Trustee, Position 1",,,Christen Arnold,0,0,0,0
San Jacinto,11 - WISD LS,"Trustee, Position 3",,,Gentry Scott,0,0,0,0
San Jacinto,11 - WISD LS,"Trustee, Position 3",,,Scott Carson,0,0,0,0
San Jacinto,11 - WISD LS,"Trustee, Position 3",,,John Sellars,0,0,0,0
San Jacinto,11 - WISD LS,"Trustee, Position 4",,,Kyle Hoegemeyer,0,0,0,0
San Jacinto,11 - WISD LS,"Trustee, Position 5",,,Cliff Williams,0,0,0,0
San Jacinto,11 - WISD LS,"Trustee, Position 5",,,Zach Dorris,0,0,0,0
San Jacinto,11 - WISD LS,"Trustee, District 7",,,Rebecca (Becky) Broussard,0,0,0,0
San Jacinto,11 - WISD LS,"Trustee, District 7",,,Rita Yates-Wiltz,0,0,0,0
